ISO-10303-21;
HEADER;
/* Generated by software containing ST-Developer
 * from STEP Tools, Inc. (www.steptools.com) 
 */

FILE_DESCRIPTION(
/* description */ ('',
'CAx-IF Rec.Pracs.---Representation and Presentation of Product Manufa
cturing Information (PMI)---4.0---2014-10-13'),
/* implementation_level */ '2;1');

FILE_NAME(
/* name */ 'Opto Plate v10.step',
/* time_stamp */ '2025-07-10T15:04:24-07:00',
/* author */ (''),
/* organization */ (''),
/* preprocessor_version */ 'ST-DEVELOPER v20',
/* originating_system */ 'Autodesk Translation Framework v13.20.0.188',

/* authorisation */ '');

FILE_SCHEMA (('AP242_MANAGED_MODEL_BASED_3D_ENGINEERING_MIM_LF { 1 0 10303 442 1 1 4 }'));
ENDSEC;

DATA;
#10=MECHANICAL_DESIGN_GEOMETRIC_PRESENTATION_REPRESENTATION('',(#17),#13059);
#11=ITEM_DEFINED_TRANSFORMATION($,$,#7415,#8511);
#12=(
REPRESENTATION_RELATIONSHIP($,$,#13070,#13069)
REPRESENTATION_RELATIONSHIP_WITH_TRANSFORMATION(#11)
SHAPE_REPRESENTATION_RELATIONSHIP()
);
#13=CONTEXT_DEPENDENT_SHAPE_REPRESENTATION(#12,#13068);
#14=NEXT_ASSEMBLY_USAGE_OCCURRENCE('opto plate:1','opto plate:1',
'opto plate:1',#13072,#13073,'opto plate:1');
#15=SHAPE_REPRESENTATION_RELATIONSHIP('SRR','None',#13070,#16);
#16=ADVANCED_BREP_SHAPE_REPRESENTATION('',(#18),#13058);
#17=STYLED_ITEM('',(#13083),#18);
#18=MANIFOLD_SOLID_BREP('opto plate',#7401);
#19=FACE_BOUND('',#1128,.T.);
#20=FACE_BOUND('',#1132,.T.);
#21=FACE_BOUND('',#1134,.T.);
#22=FACE_BOUND('',#1135,.T.);
#23=FACE_BOUND('',#1136,.T.);
#24=FACE_BOUND('',#1137,.T.);
#25=FACE_BOUND('',#1138,.T.);
#26=FACE_BOUND('',#1139,.T.);
#27=FACE_BOUND('',#1140,.T.);
#28=FACE_BOUND('',#1141,.T.);
#29=FACE_BOUND('',#1142,.T.);
#30=FACE_BOUND('',#1143,.T.);
#31=FACE_BOUND('',#1144,.T.);
#32=FACE_BOUND('',#1145,.T.);
#33=FACE_BOUND('',#1146,.T.);
#34=FACE_BOUND('',#1147,.T.);
#35=FACE_BOUND('',#1148,.T.);
#36=FACE_BOUND('',#1149,.T.);
#37=FACE_BOUND('',#1150,.T.);
#38=FACE_BOUND('',#1151,.T.);
#39=FACE_BOUND('',#1152,.T.);
#40=FACE_BOUND('',#1153,.T.);
#41=FACE_BOUND('',#1154,.T.);
#42=FACE_BOUND('',#1155,.T.);
#43=FACE_BOUND('',#1156,.T.);
#44=FACE_BOUND('',#1157,.T.);
#45=FACE_BOUND('',#1158,.T.);
#46=FACE_BOUND('',#1159,.T.);
#47=FACE_BOUND('',#1160,.T.);
#48=FACE_BOUND('',#1161,.T.);
#49=FACE_BOUND('',#1162,.T.);
#50=FACE_BOUND('',#1163,.T.);
#51=FACE_BOUND('',#1164,.T.);
#52=FACE_BOUND('',#1165,.T.);
#53=FACE_BOUND('',#1166,.T.);
#54=FACE_BOUND('',#1167,.T.);
#55=FACE_BOUND('',#1168,.T.);
#56=FACE_BOUND('',#1169,.T.);
#57=FACE_BOUND('',#1170,.T.);
#58=FACE_BOUND('',#1171,.T.);
#59=FACE_BOUND('',#1172,.T.);
#60=FACE_BOUND('',#1173,.T.);
#61=FACE_BOUND('',#1174,.T.);
#62=FACE_BOUND('',#1175,.T.);
#63=FACE_BOUND('',#1176,.T.);
#64=FACE_BOUND('',#1177,.T.);
#65=FACE_BOUND('',#1178,.T.);
#66=FACE_BOUND('',#1179,.T.);
#67=FACE_BOUND('',#1180,.T.);
#68=FACE_BOUND('',#1181,.T.);
#69=FACE_BOUND('',#1182,.T.);
#70=FACE_BOUND('',#1183,.T.);
#71=FACE_BOUND('',#1184,.T.);
#72=FACE_BOUND('',#1185,.T.);
#73=FACE_BOUND('',#1186,.T.);
#74=FACE_BOUND('',#1187,.T.);
#75=FACE_BOUND('',#1188,.T.);
#76=FACE_BOUND('',#1189,.T.);
#77=FACE_BOUND('',#1190,.T.);
#78=FACE_BOUND('',#1191,.T.);
#79=FACE_BOUND('',#1192,.T.);
#80=FACE_BOUND('',#1193,.T.);
#81=FACE_BOUND('',#1194,.T.);
#82=FACE_BOUND('',#1195,.T.);
#83=FACE_BOUND('',#1196,.T.);
#84=FACE_BOUND('',#1197,.T.);
#85=FACE_BOUND('',#1198,.T.);
#86=FACE_BOUND('',#1199,.T.);
#87=FACE_BOUND('',#1200,.T.);
#88=FACE_BOUND('',#1201,.T.);
#89=FACE_BOUND('',#1202,.T.);
#90=FACE_BOUND('',#1203,.T.);
#91=FACE_BOUND('',#1204,.T.);
#92=FACE_BOUND('',#1205,.T.);
#93=FACE_BOUND('',#1206,.T.);
#94=FACE_BOUND('',#1207,.T.);
#95=FACE_BOUND('',#1208,.T.);
#96=FACE_BOUND('',#1209,.T.);
#97=FACE_BOUND('',#1210,.T.);
#98=FACE_BOUND('',#1211,.T.);
#99=FACE_BOUND('',#1212,.T.);
#100=FACE_BOUND('',#1213,.T.);
#101=FACE_BOUND('',#1214,.T.);
#102=FACE_BOUND('',#1215,.T.);
#103=FACE_BOUND('',#1216,.T.);
#104=FACE_BOUND('',#1217,.T.);
#105=FACE_BOUND('',#1218,.T.);
#106=FACE_BOUND('',#1219,.T.);
#107=FACE_BOUND('',#1220,.T.);
#108=FACE_BOUND('',#1221,.T.);
#109=FACE_BOUND('',#1222,.T.);
#110=FACE_BOUND('',#1223,.T.);
#111=FACE_BOUND('',#1224,.T.);
#112=FACE_BOUND('',#1225,.T.);
#113=FACE_BOUND('',#1226,.T.);
#114=FACE_BOUND('',#1227,.T.);
#115=FACE_BOUND('',#1228,.T.);
#116=FACE_BOUND('',#1229,.T.);
#117=FACE_BOUND('',#1230,.T.);
#118=FACE_BOUND('',#1231,.T.);
#119=FACE_BOUND('',#1232,.T.);
#120=FACE_BOUND('',#1233,.T.);
#121=FACE_BOUND('',#1236,.T.);
#122=FACE_BOUND('',#1240,.T.);
#123=FACE_BOUND('',#1243,.T.);
#124=FACE_BOUND('',#1247,.T.);
#125=FACE_BOUND('',#1250,.T.);
#126=FACE_BOUND('',#1254,.T.);
#127=FACE_BOUND('',#1257,.T.);
#128=FACE_BOUND('',#1261,.T.);
#129=FACE_BOUND('',#1264,.T.);
#130=FACE_BOUND('',#1268,.T.);
#131=FACE_BOUND('',#1271,.T.);
#132=FACE_BOUND('',#1275,.T.);
#133=FACE_BOUND('',#1278,.T.);
#134=FACE_BOUND('',#1282,.T.);
#135=FACE_BOUND('',#1285,.T.);
#136=FACE_BOUND('',#1289,.T.);
#137=FACE_BOUND('',#1292,.T.);
#138=FACE_BOUND('',#1296,.T.);
#139=FACE_BOUND('',#1299,.T.);
#140=FACE_BOUND('',#1303,.T.);
#141=FACE_BOUND('',#1306,.T.);
#142=FACE_BOUND('',#1310,.T.);
#143=FACE_BOUND('',#1313,.T.);
#144=FACE_BOUND('',#1317,.T.);
#145=FACE_BOUND('',#1320,.T.);
#146=FACE_BOUND('',#1324,.T.);
#147=FACE_BOUND('',#1327,.T.);
#148=FACE_BOUND('',#1331,.T.);
#149=FACE_BOUND('',#1334,.T.);
#150=FACE_BOUND('',#1338,.T.);
#151=FACE_BOUND('',#1341,.T.);
#152=FACE_BOUND('',#1345,.T.);
#153=FACE_BOUND('',#1348,.T.);
#154=FACE_BOUND('',#1352,.T.);
#155=FACE_BOUND('',#1355,.T.);
#156=FACE_BOUND('',#1359,.T.);
#157=FACE_BOUND('',#1362,.T.);
#158=FACE_BOUND('',#1366,.T.);
#159=FACE_BOUND('',#1369,.T.);
#160=FACE_BOUND('',#1373,.T.);
#161=FACE_BOUND('',#1376,.T.);
#162=FACE_BOUND('',#1380,.T.);
#163=FACE_BOUND('',#1383,.T.);
#164=FACE_BOUND('',#1387,.T.);
#165=FACE_BOUND('',#1390,.T.);
#166=FACE_BOUND('',#1394,.T.);
#167=FACE_BOUND('',#1397,.T.);
#168=FACE_BOUND('',#1401,.T.);
#169=FACE_BOUND('',#1404,.T.);
#170=FACE_BOUND('',#1408,.T.);
#171=FACE_BOUND('',#1411,.T.);
#172=FACE_BOUND('',#1415,.T.);
#173=FACE_BOUND('',#1418,.T.);
#174=FACE_BOUND('',#1422,.T.);
#175=FACE_BOUND('',#1425,.T.);
#176=FACE_BOUND('',#1429,.T.);
#177=FACE_BOUND('',#1432,.T.);
#178=FACE_BOUND('',#1436,.T.);
#179=FACE_BOUND('',#1439,.T.);
#180=FACE_BOUND('',#1443,.T.);
#181=FACE_BOUND('',#1446,.T.);
#182=FACE_BOUND('',#1450,.T.);
#183=FACE_BOUND('',#1453,.T.);
#184=FACE_BOUND('',#1457,.T.);
#185=FACE_BOUND('',#1460,.T.);
#186=FACE_BOUND('',#1464,.T.);
#187=FACE_BOUND('',#1467,.T.);
#188=FACE_BOUND('',#1471,.T.);
#189=FACE_BOUND('',#1474,.T.);
#190=FACE_BOUND('',#1478,.T.);
#191=FACE_BOUND('',#1481,.T.);
#192=FACE_BOUND('',#1485,.T.);
#193=FACE_BOUND('',#1488,.T.);
#194=FACE_BOUND('',#1492,.T.);
#195=FACE_BOUND('',#1495,.T.);
#196=FACE_BOUND('',#1499,.T.);
#197=FACE_BOUND('',#1502,.T.);
#198=FACE_BOUND('',#1506,.T.);
#199=FACE_BOUND('',#1509,.T.);
#200=FACE_BOUND('',#1513,.T.);
#201=FACE_BOUND('',#1516,.T.);
#202=FACE_BOUND('',#1520,.T.);
#203=FACE_BOUND('',#1523,.T.);
#204=FACE_BOUND('',#1527,.T.);
#205=FACE_BOUND('',#1530,.T.);
#206=FACE_BOUND('',#1534,.T.);
#207=FACE_BOUND('',#1537,.T.);
#208=FACE_BOUND('',#1541,.T.);
#209=FACE_BOUND('',#1544,.T.);
#210=FACE_BOUND('',#1548,.T.);
#211=FACE_BOUND('',#1551,.T.);
#212=FACE_BOUND('',#1555,.T.);
#213=FACE_BOUND('',#1558,.T.);
#214=FACE_BOUND('',#1562,.T.);
#215=FACE_BOUND('',#1565,.T.);
#216=FACE_BOUND('',#1569,.T.);
#217=FACE_BOUND('',#1572,.T.);
#218=FACE_BOUND('',#1576,.T.);
#219=FACE_BOUND('',#1579,.T.);
#220=FACE_BOUND('',#1583,.T.);
#221=FACE_BOUND('',#1586,.T.);
#222=FACE_BOUND('',#1590,.T.);
#223=FACE_BOUND('',#1593,.T.);
#224=FACE_BOUND('',#1597,.T.);
#225=FACE_BOUND('',#1600,.T.);
#226=FACE_BOUND('',#1604,.T.);
#227=FACE_BOUND('',#1607,.T.);
#228=FACE_BOUND('',#1611,.T.);
#229=FACE_BOUND('',#1614,.T.);
#230=FACE_BOUND('',#1618,.T.);
#231=FACE_BOUND('',#1621,.T.);
#232=FACE_BOUND('',#1625,.T.);
#233=FACE_BOUND('',#1628,.T.);
#234=FACE_BOUND('',#1632,.T.);
#235=FACE_BOUND('',#1635,.T.);
#236=FACE_BOUND('',#1639,.T.);
#237=FACE_BOUND('',#1642,.T.);
#238=FACE_BOUND('',#1646,.T.);
#239=FACE_BOUND('',#1649,.T.);
#240=FACE_BOUND('',#1653,.T.);
#241=FACE_BOUND('',#1656,.T.);
#242=FACE_BOUND('',#1660,.T.);
#243=FACE_BOUND('',#1663,.T.);
#244=FACE_BOUND('',#1667,.T.);
#245=FACE_BOUND('',#1670,.T.);
#246=FACE_BOUND('',#1674,.T.);
#247=FACE_BOUND('',#1677,.T.);
#248=FACE_BOUND('',#1681,.T.);
#249=FACE_BOUND('',#1684,.T.);
#250=FACE_BOUND('',#1688,.T.);
#251=FACE_BOUND('',#1691,.T.);
#252=FACE_BOUND('',#1695,.T.);
#253=FACE_BOUND('',#1698,.T.);
#254=FACE_BOUND('',#1702,.T.);
#255=FACE_BOUND('',#1705,.T.);
#256=FACE_BOUND('',#1709,.T.);
#257=FACE_BOUND('',#1712,.T.);
#258=FACE_BOUND('',#1716,.T.);
#259=FACE_BOUND('',#1719,.T.);
#260=FACE_BOUND('',#1723,.T.);
#261=FACE_BOUND('',#1726,.T.);
#262=FACE_BOUND('',#1730,.T.);
#263=FACE_BOUND('',#1733,.T.);
#264=FACE_BOUND('',#1737,.T.);
#265=FACE_BOUND('',#1740,.T.);
#266=FACE_BOUND('',#1744,.T.);
#267=FACE_BOUND('',#1747,.T.);
#268=FACE_BOUND('',#1751,.T.);
#269=FACE_BOUND('',#1754,.T.);
#270=FACE_BOUND('',#1758,.T.);
#271=FACE_BOUND('',#1761,.T.);
#272=FACE_BOUND('',#1765,.T.);
#273=FACE_BOUND('',#1768,.T.);
#274=FACE_BOUND('',#1772,.T.);
#275=FACE_BOUND('',#1775,.T.);
#276=FACE_BOUND('',#1779,.T.);
#277=FACE_BOUND('',#1782,.T.);
#278=FACE_BOUND('',#1786,.T.);
#279=FACE_BOUND('',#1789,.T.);
#280=FACE_BOUND('',#1793,.T.);
#281=FACE_BOUND('',#1796,.T.);
#282=FACE_BOUND('',#1800,.T.);
#283=FACE_BOUND('',#1803,.T.);
#284=FACE_BOUND('',#1807,.T.);
#285=FACE_BOUND('',#1810,.T.);
#286=FACE_BOUND('',#1814,.T.);
#287=FACE_BOUND('',#1817,.T.);
#288=FACE_BOUND('',#1821,.T.);
#289=FACE_BOUND('',#1824,.T.);
#290=FACE_BOUND('',#1828,.T.);
#291=FACE_BOUND('',#1831,.T.);
#292=FACE_BOUND('',#1835,.T.);
#293=FACE_BOUND('',#1838,.T.);
#294=FACE_BOUND('',#1842,.T.);
#295=FACE_BOUND('',#1845,.T.);
#296=FACE_BOUND('',#1849,.T.);
#297=FACE_BOUND('',#1852,.T.);
#298=FACE_BOUND('',#1856,.T.);
#299=FACE_BOUND('',#1859,.T.);
#300=FACE_BOUND('',#1863,.T.);
#301=FACE_BOUND('',#1866,.T.);
#302=FACE_BOUND('',#1870,.T.);
#303=FACE_BOUND('',#1873,.T.);
#304=FACE_BOUND('',#1877,.T.);
#305=FACE_BOUND('',#1880,.T.);
#306=FACE_BOUND('',#1884,.T.);
#307=FACE_BOUND('',#1887,.T.);
#308=FACE_BOUND('',#1891,.T.);
#309=FACE_BOUND('',#1894,.T.);
#310=FACE_BOUND('',#1898,.T.);
#311=FACE_BOUND('',#1902,.T.);
#312=FACE_BOUND('',#1906,.T.);
#313=FACE_BOUND('',#1910,.T.);
#314=FACE_BOUND('',#1914,.T.);
#315=FACE_BOUND('',#1924,.T.);
#316=FACE_BOUND('',#1926,.T.);
#317=FACE_BOUND('',#1927,.T.);
#318=FACE_BOUND('',#1928,.T.);
#319=FACE_BOUND('',#1929,.T.);
#320=FACE_BOUND('',#1930,.T.);
#321=FACE_BOUND('',#1931,.T.);
#322=FACE_BOUND('',#1932,.T.);
#323=FACE_BOUND('',#1933,.T.);
#324=FACE_BOUND('',#1934,.T.);
#325=FACE_BOUND('',#1935,.T.);
#326=FACE_BOUND('',#1936,.T.);
#327=FACE_BOUND('',#1937,.T.);
#328=FACE_BOUND('',#1938,.T.);
#329=FACE_BOUND('',#1939,.T.);
#330=FACE_BOUND('',#1940,.T.);
#331=FACE_BOUND('',#1941,.T.);
#332=FACE_BOUND('',#1942,.T.);
#333=FACE_BOUND('',#1943,.T.);
#334=FACE_BOUND('',#1944,.T.);
#335=FACE_BOUND('',#1945,.T.);
#336=FACE_BOUND('',#1946,.T.);
#337=FACE_BOUND('',#1947,.T.);
#338=FACE_BOUND('',#1948,.T.);
#339=FACE_BOUND('',#1949,.T.);
#340=FACE_BOUND('',#1950,.T.);
#341=FACE_BOUND('',#1951,.T.);
#342=FACE_BOUND('',#1952,.T.);
#343=FACE_BOUND('',#1953,.T.);
#344=FACE_BOUND('',#1954,.T.);
#345=FACE_BOUND('',#1955,.T.);
#346=FACE_BOUND('',#1956,.T.);
#347=FACE_BOUND('',#1957,.T.);
#348=FACE_BOUND('',#1958,.T.);
#349=FACE_BOUND('',#1959,.T.);
#350=FACE_BOUND('',#1960,.T.);
#351=FACE_BOUND('',#1961,.T.);
#352=FACE_BOUND('',#1962,.T.);
#353=FACE_BOUND('',#1963,.T.);
#354=FACE_BOUND('',#1964,.T.);
#355=FACE_BOUND('',#1965,.T.);
#356=FACE_BOUND('',#1966,.T.);
#357=FACE_BOUND('',#1967,.T.);
#358=FACE_BOUND('',#1968,.T.);
#359=FACE_BOUND('',#1969,.T.);
#360=FACE_BOUND('',#1970,.T.);
#361=FACE_BOUND('',#1971,.T.);
#362=FACE_BOUND('',#1972,.T.);
#363=FACE_BOUND('',#1973,.T.);
#364=FACE_BOUND('',#1974,.T.);
#365=FACE_BOUND('',#1975,.T.);
#366=FACE_BOUND('',#1976,.T.);
#367=FACE_BOUND('',#1977,.T.);
#368=FACE_BOUND('',#1978,.T.);
#369=FACE_BOUND('',#1979,.T.);
#370=FACE_BOUND('',#1980,.T.);
#371=FACE_BOUND('',#1981,.T.);
#372=FACE_BOUND('',#1982,.T.);
#373=FACE_BOUND('',#1983,.T.);
#374=FACE_BOUND('',#1984,.T.);
#375=FACE_BOUND('',#1985,.T.);
#376=FACE_BOUND('',#1986,.T.);
#377=FACE_BOUND('',#1987,.T.);
#378=FACE_BOUND('',#1988,.T.);
#379=FACE_BOUND('',#1989,.T.);
#380=FACE_BOUND('',#1990,.T.);
#381=FACE_BOUND('',#1991,.T.);
#382=FACE_BOUND('',#1992,.T.);
#383=FACE_BOUND('',#1993,.T.);
#384=FACE_BOUND('',#1994,.T.);
#385=FACE_BOUND('',#1995,.T.);
#386=FACE_BOUND('',#1996,.T.);
#387=FACE_BOUND('',#1997,.T.);
#388=FACE_BOUND('',#1998,.T.);
#389=FACE_BOUND('',#1999,.T.);
#390=FACE_BOUND('',#2000,.T.);
#391=FACE_BOUND('',#2001,.T.);
#392=FACE_BOUND('',#2002,.T.);
#393=FACE_BOUND('',#2003,.T.);
#394=FACE_BOUND('',#2004,.T.);
#395=FACE_BOUND('',#2005,.T.);
#396=FACE_BOUND('',#2006,.T.);
#397=FACE_BOUND('',#2007,.T.);
#398=FACE_BOUND('',#2008,.T.);
#399=FACE_BOUND('',#2009,.T.);
#400=FACE_BOUND('',#2010,.T.);
#401=FACE_BOUND('',#2011,.T.);
#402=FACE_BOUND('',#2012,.T.);
#403=FACE_BOUND('',#2013,.T.);
#404=FACE_BOUND('',#2014,.T.);
#405=FACE_BOUND('',#2015,.T.);
#406=FACE_BOUND('',#2016,.T.);
#407=FACE_BOUND('',#2017,.T.);
#408=FACE_BOUND('',#2018,.T.);
#409=FACE_BOUND('',#2019,.T.);
#410=FACE_BOUND('',#2020,.T.);
#411=FACE_BOUND('',#2021,.T.);
#412=FACE_BOUND('',#2022,.T.);
#413=FACE_BOUND('',#2023,.T.);
#414=FACE_BOUND('',#2024,.T.);
#415=FACE_BOUND('',#2025,.T.);
#416=PLANE('',#7419);
#417=PLANE('',#7426);
#418=PLANE('',#7427);
#419=PLANE('',#7530);
#420=PLANE('',#7536);
#421=PLANE('',#7540);
#422=PLANE('',#7546);
#423=PLANE('',#7550);
#424=PLANE('',#7556);
#425=PLANE('',#7560);
#426=PLANE('',#7566);
#427=PLANE('',#7570);
#428=PLANE('',#7576);
#429=PLANE('',#7580);
#430=PLANE('',#7586);
#431=PLANE('',#7590);
#432=PLANE('',#7596);
#433=PLANE('',#7600);
#434=PLANE('',#7606);
#435=PLANE('',#7610);
#436=PLANE('',#7616);
#437=PLANE('',#7620);
#438=PLANE('',#7626);
#439=PLANE('',#7630);
#440=PLANE('',#7636);
#441=PLANE('',#7640);
#442=PLANE('',#7646);
#443=PLANE('',#7650);
#444=PLANE('',#7656);
#445=PLANE('',#7660);
#446=PLANE('',#7666);
#447=PLANE('',#7670);
#448=PLANE('',#7676);
#449=PLANE('',#7680);
#450=PLANE('',#7686);
#451=PLANE('',#7690);
#452=PLANE('',#7696);
#453=PLANE('',#7700);
#454=PLANE('',#7706);
#455=PLANE('',#7710);
#456=PLANE('',#7716);
#457=PLANE('',#7720);
#458=PLANE('',#7726);
#459=PLANE('',#7730);
#460=PLANE('',#7736);
#461=PLANE('',#7740);
#462=PLANE('',#7746);
#463=PLANE('',#7750);
#464=PLANE('',#7756);
#465=PLANE('',#7760);
#466=PLANE('',#7766);
#467=PLANE('',#7770);
#468=PLANE('',#7776);
#469=PLANE('',#7780);
#470=PLANE('',#7786);
#471=PLANE('',#7790);
#472=PLANE('',#7796);
#473=PLANE('',#7800);
#474=PLANE('',#7806);
#475=PLANE('',#7810);
#476=PLANE('',#7816);
#477=PLANE('',#7820);
#478=PLANE('',#7826);
#479=PLANE('',#7830);
#480=PLANE('',#7836);
#481=PLANE('',#7840);
#482=PLANE('',#7846);
#483=PLANE('',#7850);
#484=PLANE('',#7856);
#485=PLANE('',#7860);
#486=PLANE('',#7866);
#487=PLANE('',#7870);
#488=PLANE('',#7876);
#489=PLANE('',#7880);
#490=PLANE('',#7886);
#491=PLANE('',#7890);
#492=PLANE('',#7896);
#493=PLANE('',#7900);
#494=PLANE('',#7906);
#495=PLANE('',#7910);
#496=PLANE('',#7916);
#497=PLANE('',#7920);
#498=PLANE('',#7926);
#499=PLANE('',#7930);
#500=PLANE('',#7936);
#501=PLANE('',#7940);
#502=PLANE('',#7946);
#503=PLANE('',#7950);
#504=PLANE('',#7956);
#505=PLANE('',#7960);
#506=PLANE('',#7966);
#507=PLANE('',#7970);
#508=PLANE('',#7976);
#509=PLANE('',#7980);
#510=PLANE('',#7986);
#511=PLANE('',#7990);
#512=PLANE('',#7996);
#513=PLANE('',#8000);
#514=PLANE('',#8006);
#515=PLANE('',#8010);
#516=PLANE('',#8016);
#517=PLANE('',#8020);
#518=PLANE('',#8026);
#519=PLANE('',#8030);
#520=PLANE('',#8036);
#521=PLANE('',#8040);
#522=PLANE('',#8046);
#523=PLANE('',#8050);
#524=PLANE('',#8056);
#525=PLANE('',#8060);
#526=PLANE('',#8066);
#527=PLANE('',#8070);
#528=PLANE('',#8076);
#529=PLANE('',#8080);
#530=PLANE('',#8086);
#531=PLANE('',#8090);
#532=PLANE('',#8096);
#533=PLANE('',#8100);
#534=PLANE('',#8106);
#535=PLANE('',#8110);
#536=PLANE('',#8116);
#537=PLANE('',#8120);
#538=PLANE('',#8126);
#539=PLANE('',#8130);
#540=PLANE('',#8136);
#541=PLANE('',#8140);
#542=PLANE('',#8146);
#543=PLANE('',#8150);
#544=PLANE('',#8156);
#545=PLANE('',#8160);
#546=PLANE('',#8166);
#547=PLANE('',#8170);
#548=PLANE('',#8176);
#549=PLANE('',#8180);
#550=PLANE('',#8186);
#551=PLANE('',#8190);
#552=PLANE('',#8196);
#553=PLANE('',#8200);
#554=PLANE('',#8206);
#555=PLANE('',#8210);
#556=PLANE('',#8216);
#557=PLANE('',#8220);
#558=PLANE('',#8226);
#559=PLANE('',#8230);
#560=PLANE('',#8236);
#561=PLANE('',#8240);
#562=PLANE('',#8246);
#563=PLANE('',#8250);
#564=PLANE('',#8256);
#565=PLANE('',#8260);
#566=PLANE('',#8266);
#567=PLANE('',#8270);
#568=PLANE('',#8276);
#569=PLANE('',#8280);
#570=PLANE('',#8286);
#571=PLANE('',#8290);
#572=PLANE('',#8296);
#573=PLANE('',#8300);
#574=PLANE('',#8306);
#575=PLANE('',#8310);
#576=PLANE('',#8316);
#577=PLANE('',#8320);
#578=PLANE('',#8326);
#579=PLANE('',#8330);
#580=PLANE('',#8336);
#581=PLANE('',#8340);
#582=PLANE('',#8346);
#583=PLANE('',#8350);
#584=PLANE('',#8356);
#585=PLANE('',#8360);
#586=PLANE('',#8366);
#587=PLANE('',#8370);
#588=PLANE('',#8376);
#589=PLANE('',#8380);
#590=PLANE('',#8386);
#591=PLANE('',#8390);
#592=PLANE('',#8396);
#593=PLANE('',#8400);
#594=PLANE('',#8406);
#595=PLANE('',#8410);
#596=PLANE('',#8416);
#597=PLANE('',#8420);
#598=PLANE('',#8426);
#599=PLANE('',#8430);
#600=PLANE('',#8436);
#601=PLANE('',#8440);
#602=PLANE('',#8446);
#603=PLANE('',#8450);
#604=PLANE('',#8456);
#605=PLANE('',#8460);
#606=PLANE('',#8466);
#607=PLANE('',#8470);
#608=PLANE('',#8476);
#609=PLANE('',#8482);
#610=PLANE('',#8488);
#611=PLANE('',#8494);
#612=PLANE('',#8500);
#613=PLANE('',#8501);
#614=PLANE('',#8502);
#615=PLANE('',#8503);
#616=PLANE('',#8504);
#617=PLANE('',#8505);
#618=PLANE('',#8506);
#619=PLANE('',#8507);
#620=PLANE('',#8508);
#621=PLANE('',#8509);
#622=PLANE('',#8510);
#623=FACE_OUTER_BOUND('',#1126,.T.);
#624=FACE_OUTER_BOUND('',#1127,.T.);
#625=FACE_OUTER_BOUND('',#1129,.T.);
#626=FACE_OUTER_BOUND('',#1130,.T.);
#627=FACE_OUTER_BOUND('',#1131,.T.);
#628=FACE_OUTER_BOUND('',#1133,.T.);
#629=FACE_OUTER_BOUND('',#1234,.T.);
#630=FACE_OUTER_BOUND('',#1235,.T.);
#631=FACE_OUTER_BOUND('',#1237,.T.);
#632=FACE_OUTER_BOUND('',#1238,.T.);
#633=FACE_OUTER_BOUND('',#1239,.T.);
#634=FACE_OUTER_BOUND('',#1241,.T.);
#635=FACE_OUTER_BOUND('',#1242,.T.);
#636=FACE_OUTER_BOUND('',#1244,.T.);
#637=FACE_OUTER_BOUND('',#1245,.T.);
#638=FACE_OUTER_BOUND('',#1246,.T.);
#639=FACE_OUTER_BOUND('',#1248,.T.);
#640=FACE_OUTER_BOUND('',#1249,.T.);
#641=FACE_OUTER_BOUND('',#1251,.T.);
#642=FACE_OUTER_BOUND('',#1252,.T.);
#643=FACE_OUTER_BOUND('',#1253,.T.);
#644=FACE_OUTER_BOUND('',#1255,.T.);
#645=FACE_OUTER_BOUND('',#1256,.T.);
#646=FACE_OUTER_BOUND('',#1258,.T.);
#647=FACE_OUTER_BOUND('',#1259,.T.);
#648=FACE_OUTER_BOUND('',#1260,.T.);
#649=FACE_OUTER_BOUND('',#1262,.T.);
#650=FACE_OUTER_BOUND('',#1263,.T.);
#651=FACE_OUTER_BOUND('',#1265,.T.);
#652=FACE_OUTER_BOUND('',#1266,.T.);
#653=FACE_OUTER_BOUND('',#1267,.T.);
#654=FACE_OUTER_BOUND('',#1269,.T.);
#655=FACE_OUTER_BOUND('',#1270,.T.);
#656=FACE_OUTER_BOUND('',#1272,.T.);
#657=FACE_OUTER_BOUND('',#1273,.T.);
#658=FACE_OUTER_BOUND('',#1274,.T.);
#659=FACE_OUTER_BOUND('',#1276,.T.);
#660=FACE_OUTER_BOUND('',#1277,.T.);
#661=FACE_OUTER_BOUND('',#1279,.T.);
#662=FACE_OUTER_BOUND('',#1280,.T.);
#663=FACE_OUTER_BOUND('',#1281,.T.);
#664=FACE_OUTER_BOUND('',#1283,.T.);
#665=FACE_OUTER_BOUND('',#1284,.T.);
#666=FACE_OUTER_BOUND('',#1286,.T.);
#667=FACE_OUTER_BOUND('',#1287,.T.);
#668=FACE_OUTER_BOUND('',#1288,.T.);
#669=FACE_OUTER_BOUND('',#1290,.T.);
#670=FACE_OUTER_BOUND('',#1291,.T.);
#671=FACE_OUTER_BOUND('',#1293,.T.);
#672=FACE_OUTER_BOUND('',#1294,.T.);
#673=FACE_OUTER_BOUND('',#1295,.T.);
#674=FACE_OUTER_BOUND('',#1297,.T.);
#675=FACE_OUTER_BOUND('',#1298,.T.);
#676=FACE_OUTER_BOUND('',#1300,.T.);
#677=FACE_OUTER_BOUND('',#1301,.T.);
#678=FACE_OUTER_BOUND('',#1302,.T.);
#679=FACE_OUTER_BOUND('',#1304,.T.);
#680=FACE_OUTER_BOUND('',#1305,.T.);
#681=FACE_OUTER_BOUND('',#1307,.T.);
#682=FACE_OUTER_BOUND('',#1308,.T.);
#683=FACE_OUTER_BOUND('',#1309,.T.);
#684=FACE_OUTER_BOUND('',#1311,.T.);
#685=FACE_OUTER_BOUND('',#1312,.T.);
#686=FACE_OUTER_BOUND('',#1314,.T.);
#687=FACE_OUTER_BOUND('',#1315,.T.);
#688=FACE_OUTER_BOUND('',#1316,.T.);
#689=FACE_OUTER_BOUND('',#1318,.T.);
#690=FACE_OUTER_BOUND('',#1319,.T.);
#691=FACE_OUTER_BOUND('',#1321,.T.);
#692=FACE_OUTER_BOUND('',#1322,.T.);
#693=FACE_OUTER_BOUND('',#1323,.T.);
#694=FACE_OUTER_BOUND('',#1325,.T.);
#695=FACE_OUTER_BOUND('',#1326,.T.);
#696=FACE_OUTER_BOUND('',#1328,.T.);
#697=FACE_OUTER_BOUND('',#1329,.T.);
#698=FACE_OUTER_BOUND('',#1330,.T.);
#699=FACE_OUTER_BOUND('',#1332,.T.);
#700=FACE_OUTER_BOUND('',#1333,.T.);
#701=FACE_OUTER_BOUND('',#1335,.T.);
#702=FACE_OUTER_BOUND('',#1336,.T.);
#703=FACE_OUTER_BOUND('',#1337,.T.);
#704=FACE_OUTER_BOUND('',#1339,.T.);
#705=FACE_OUTER_BOUND('',#1340,.T.);
#706=FACE_OUTER_BOUND('',#1342,.T.);
#707=FACE_OUTER_BOUND('',#1343,.T.);
#708=FACE_OUTER_BOUND('',#1344,.T.);
#709=FACE_OUTER_BOUND('',#1346,.T.);
#710=FACE_OUTER_BOUND('',#1347,.T.);
#711=FACE_OUTER_BOUND('',#1349,.T.);
#712=FACE_OUTER_BOUND('',#1350,.T.);
#713=FACE_OUTER_BOUND('',#1351,.T.);
#714=FACE_OUTER_BOUND('',#1353,.T.);
#715=FACE_OUTER_BOUND('',#1354,.T.);
#716=FACE_OUTER_BOUND('',#1356,.T.);
#717=FACE_OUTER_BOUND('',#1357,.T.);
#718=FACE_OUTER_BOUND('',#1358,.T.);
#719=FACE_OUTER_BOUND('',#1360,.T.);
#720=FACE_OUTER_BOUND('',#1361,.T.);
#721=FACE_OUTER_BOUND('',#1363,.T.);
#722=FACE_OUTER_BOUND('',#1364,.T.);
#723=FACE_OUTER_BOUND('',#1365,.T.);
#724=FACE_OUTER_BOUND('',#1367,.T.);
#725=FACE_OUTER_BOUND('',#1368,.T.);
#726=FACE_OUTER_BOUND('',#1370,.T.);
#727=FACE_OUTER_BOUND('',#1371,.T.);
#728=FACE_OUTER_BOUND('',#1372,.T.);
#729=FACE_OUTER_BOUND('',#1374,.T.);
#730=FACE_OUTER_BOUND('',#1375,.T.);
#731=FACE_OUTER_BOUND('',#1377,.T.);
#732=FACE_OUTER_BOUND('',#1378,.T.);
#733=FACE_OUTER_BOUND('',#1379,.T.);
#734=FACE_OUTER_BOUND('',#1381,.T.);
#735=FACE_OUTER_BOUND('',#1382,.T.);
#736=FACE_OUTER_BOUND('',#1384,.T.);
#737=FACE_OUTER_BOUND('',#1385,.T.);
#738=FACE_OUTER_BOUND('',#1386,.T.);
#739=FACE_OUTER_BOUND('',#1388,.T.);
#740=FACE_OUTER_BOUND('',#1389,.T.);
#741=FACE_OUTER_BOUND('',#1391,.T.);
#742=FACE_OUTER_BOUND('',#1392,.T.);
#743=FACE_OUTER_BOUND('',#1393,.T.);
#744=FACE_OUTER_BOUND('',#1395,.T.);
#745=FACE_OUTER_BOUND('',#1396,.T.);
#746=FACE_OUTER_BOUND('',#1398,.T.);
#747=FACE_OUTER_BOUND('',#1399,.T.);
#748=FACE_OUTER_BOUND('',#1400,.T.);
#749=FACE_OUTER_BOUND('',#1402,.T.);
#750=FACE_OUTER_BOUND('',#1403,.T.);
#751=FACE_OUTER_BOUND('',#1405,.T.);
#752=FACE_OUTER_BOUND('',#1406,.T.);
#753=FACE_OUTER_BOUND('',#1407,.T.);
#754=FACE_OUTER_BOUND('',#1409,.T.);
#755=FACE_OUTER_BOUND('',#1410,.T.);
#756=FACE_OUTER_BOUND('',#1412,.T.);
#757=FACE_OUTER_BOUND('',#1413,.T.);
#758=FACE_OUTER_BOUND('',#1414,.T.);
#759=FACE_OUTER_BOUND('',#1416,.T.);
#760=FACE_OUTER_BOUND('',#1417,.T.);
#761=FACE_OUTER_BOUND('',#1419,.T.);
#762=FACE_OUTER_BOUND('',#1420,.T.);
#763=FACE_OUTER_BOUND('',#1421,.T.);
#764=FACE_OUTER_BOUND('',#1423,.T.);
#765=FACE_OUTER_BOUND('',#1424,.T.);
#766=FACE_OUTER_BOUND('',#1426,.T.);
#767=FACE_OUTER_BOUND('',#1427,.T.);
#768=FACE_OUTER_BOUND('',#1428,.T.);
#769=FACE_OUTER_BOUND('',#1430,.T.);
#770=FACE_OUTER_BOUND('',#1431,.T.);
#771=FACE_OUTER_BOUND('',#1433,.T.);
#772=FACE_OUTER_BOUND('',#1434,.T.);
#773=FACE_OUTER_BOUND('',#1435,.T.);
#774=FACE_OUTER_BOUND('',#1437,.T.);
#775=FACE_OUTER_BOUND('',#1438,.T.);
#776=FACE_OUTER_BOUND('',#1440,.T.);
#777=FACE_OUTER_BOUND('',#1441,.T.);
#778=FACE_OUTER_BOUND('',#1442,.T.);
#779=FACE_OUTER_BOUND('',#1444,.T.);
#780=FACE_OUTER_BOUND('',#1445,.T.);
#781=FACE_OUTER_BOUND('',#1447,.T.);
#782=FACE_OUTER_BOUND('',#1448,.T.);
#783=FACE_OUTER_BOUND('',#1449,.T.);
#784=FACE_OUTER_BOUND('',#1451,.T.);
#785=FACE_OUTER_BOUND('',#1452,.T.);
#786=FACE_OUTER_BOUND('',#1454,.T.);
#787=FACE_OUTER_BOUND('',#1455,.T.);
#788=FACE_OUTER_BOUND('',#1456,.T.);
#789=FACE_OUTER_BOUND('',#1458,.T.);
#790=FACE_OUTER_BOUND('',#1459,.T.);
#791=FACE_OUTER_BOUND('',#1461,.T.);
#792=FACE_OUTER_BOUND('',#1462,.T.);
#793=FACE_OUTER_BOUND('',#1463,.T.);
#794=FACE_OUTER_BOUND('',#1465,.T.);
#795=FACE_OUTER_BOUND('',#1466,.T.);
#796=FACE_OUTER_BOUND('',#1468,.T.);
#797=FACE_OUTER_BOUND('',#1469,.T.);
#798=FACE_OUTER_BOUND('',#1470,.T.);
#799=FACE_OUTER_BOUND('',#1472,.T.);
#800=FACE_OUTER_BOUND('',#1473,.T.);
#801=FACE_OUTER_BOUND('',#1475,.T.);
#802=FACE_OUTER_BOUND('',#1476,.T.);
#803=FACE_OUTER_BOUND('',#1477,.T.);
#804=FACE_OUTER_BOUND('',#1479,.T.);
#805=FACE_OUTER_BOUND('',#1480,.T.);
#806=FACE_OUTER_BOUND('',#1482,.T.);
#807=FACE_OUTER_BOUND('',#1483,.T.);
#808=FACE_OUTER_BOUND('',#1484,.T.);
#809=FACE_OUTER_BOUND('',#1486,.T.);
#810=FACE_OUTER_BOUND('',#1487,.T.);
#811=FACE_OUTER_BOUND('',#1489,.T.);
#812=FACE_OUTER_BOUND('',#1490,.T.);
#813=FACE_OUTER_BOUND('',#1491,.T.);
#814=FACE_OUTER_BOUND('',#1493,.T.);
#815=FACE_OUTER_BOUND('',#1494,.T.);
#816=FACE_OUTER_BOUND('',#1496,.T.);
#817=FACE_OUTER_BOUND('',#1497,.T.);
#818=FACE_OUTER_BOUND('',#1498,.T.);
#819=FACE_OUTER_BOUND('',#1500,.T.);
#820=FACE_OUTER_BOUND('',#1501,.T.);
#821=FACE_OUTER_BOUND('',#1503,.T.);
#822=FACE_OUTER_BOUND('',#1504,.T.);
#823=FACE_OUTER_BOUND('',#1505,.T.);
#824=FACE_OUTER_BOUND('',#1507,.T.);
#825=FACE_OUTER_BOUND('',#1508,.T.);
#826=FACE_OUTER_BOUND('',#1510,.T.);
#827=FACE_OUTER_BOUND('',#1511,.T.);
#828=FACE_OUTER_BOUND('',#1512,.T.);
#829=FACE_OUTER_BOUND('',#1514,.T.);
#830=FACE_OUTER_BOUND('',#1515,.T.);
#831=FACE_OUTER_BOUND('',#1517,.T.);
#832=FACE_OUTER_BOUND('',#1518,.T.);
#833=FACE_OUTER_BOUND('',#1519,.T.);
#834=FACE_OUTER_BOUND('',#1521,.T.);
#835=FACE_OUTER_BOUND('',#1522,.T.);
#836=FACE_OUTER_BOUND('',#1524,.T.);
#837=FACE_OUTER_BOUND('',#1525,.T.);
#838=FACE_OUTER_BOUND('',#1526,.T.);
#839=FACE_OUTER_BOUND('',#1528,.T.);
#840=FACE_OUTER_BOUND('',#1529,.T.);
#841=FACE_OUTER_BOUND('',#1531,.T.);
#842=FACE_OUTER_BOUND('',#1532,.T.);
#843=FACE_OUTER_BOUND('',#1533,.T.);
#844=FACE_OUTER_BOUND('',#1535,.T.);
#845=FACE_OUTER_BOUND('',#1536,.T.);
#846=FACE_OUTER_BOUND('',#1538,.T.);
#847=FACE_OUTER_BOUND('',#1539,.T.);
#848=FACE_OUTER_BOUND('',#1540,.T.);
#849=FACE_OUTER_BOUND('',#1542,.T.);
#850=FACE_OUTER_BOUND('',#1543,.T.);
#851=FACE_OUTER_BOUND('',#1545,.T.);
#852=FACE_OUTER_BOUND('',#1546,.T.);
#853=FACE_OUTER_BOUND('',#1547,.T.);
#854=FACE_OUTER_BOUND('',#1549,.T.);
#855=FACE_OUTER_BOUND('',#1550,.T.);
#856=FACE_OUTER_BOUND('',#1552,.T.);
#857=FACE_OUTER_BOUND('',#1553,.T.);
#858=FACE_OUTER_BOUND('',#1554,.T.);
#859=FACE_OUTER_BOUND('',#1556,.T.);
#860=FACE_OUTER_BOUND('',#1557,.T.);
#861=FACE_OUTER_BOUND('',#1559,.T.);
#862=FACE_OUTER_BOUND('',#1560,.T.);
#863=FACE_OUTER_BOUND('',#1561,.T.);
#864=FACE_OUTER_BOUND('',#1563,.T.);
#865=FACE_OUTER_BOUND('',#1564,.T.);
#866=FACE_OUTER_BOUND('',#1566,.T.);
#867=FACE_OUTER_BOUND('',#1567,.T.);
#868=FACE_OUTER_BOUND('',#1568,.T.);
#869=FACE_OUTER_BOUND('',#1570,.T.);
#870=FACE_OUTER_BOUND('',#1571,.T.);
#871=FACE_OUTER_BOUND('',#1573,.T.);
#872=FACE_OUTER_BOUND('',#1574,.T.);
#873=FACE_OUTER_BOUND('',#1575,.T.);
#874=FACE_OUTER_BOUND('',#1577,.T.);
#875=FACE_OUTER_BOUND('',#1578,.T.);
#876=FACE_OUTER_BOUND('',#1580,.T.);
#877=FACE_OUTER_BOUND('',#1581,.T.);
#878=FACE_OUTER_BOUND('',#1582,.T.);
#879=FACE_OUTER_BOUND('',#1584,.T.);
#880=FACE_OUTER_BOUND('',#1585,.T.);
#881=FACE_OUTER_BOUND('',#1587,.T.);
#882=FACE_OUTER_BOUND('',#1588,.T.);
#883=FACE_OUTER_BOUND('',#1589,.T.);
#884=FACE_OUTER_BOUND('',#1591,.T.);
#885=FACE_OUTER_BOUND('',#1592,.T.);
#886=FACE_OUTER_BOUND('',#1594,.T.);
#887=FACE_OUTER_BOUND('',#1595,.T.);
#888=FACE_OUTER_BOUND('',#1596,.T.);
#889=FACE_OUTER_BOUND('',#1598,.T.);
#890=FACE_OUTER_BOUND('',#1599,.T.);
#891=FACE_OUTER_BOUND('',#1601,.T.);
#892=FACE_OUTER_BOUND('',#1602,.T.);
#893=FACE_OUTER_BOUND('',#1603,.T.);
#894=FACE_OUTER_BOUND('',#1605,.T.);
#895=FACE_OUTER_BOUND('',#1606,.T.);
#896=FACE_OUTER_BOUND('',#1608,.T.);
#897=FACE_OUTER_BOUND('',#1609,.T.);
#898=FACE_OUTER_BOUND('',#1610,.T.);
#899=FACE_OUTER_BOUND('',#1612,.T.);
#900=FACE_OUTER_BOUND('',#1613,.T.);
#901=FACE_OUTER_BOUND('',#1615,.T.);
#902=FACE_OUTER_BOUND('',#1616,.T.);
#903=FACE_OUTER_BOUND('',#1617,.T.);
#904=FACE_OUTER_BOUND('',#1619,.T.);
#905=FACE_OUTER_BOUND('',#1620,.T.);
#906=FACE_OUTER_BOUND('',#1622,.T.);
#907=FACE_OUTER_BOUND('',#1623,.T.);
#908=FACE_OUTER_BOUND('',#1624,.T.);
#909=FACE_OUTER_BOUND('',#1626,.T.);
#910=FACE_OUTER_BOUND('',#1627,.T.);
#911=FACE_OUTER_BOUND('',#1629,.T.);
#912=FACE_OUTER_BOUND('',#1630,.T.);
#913=FACE_OUTER_BOUND('',#1631,.T.);
#914=FACE_OUTER_BOUND('',#1633,.T.);
#915=FACE_OUTER_BOUND('',#1634,.T.);
#916=FACE_OUTER_BOUND('',#1636,.T.);
#917=FACE_OUTER_BOUND('',#1637,.T.);
#918=FACE_OUTER_BOUND('',#1638,.T.);
#919=FACE_OUTER_BOUND('',#1640,.T.);
#920=FACE_OUTER_BOUND('',#1641,.T.);
#921=FACE_OUTER_BOUND('',#1643,.T.);
#922=FACE_OUTER_BOUND('',#1644,.T.);
#923=FACE_OUTER_BOUND('',#1645,.T.);
#924=FACE_OUTER_BOUND('',#1647,.T.);
#925=FACE_OUTER_BOUND('',#1648,.T.);
#926=FACE_OUTER_BOUND('',#1650,.T.);
#927=FACE_OUTER_BOUND('',#1651,.T.);
#928=FACE_OUTER_BOUND('',#1652,.T.);
#929=FACE_OUTER_BOUND('',#1654,.T.);
#930=FACE_OUTER_BOUND('',#1655,.T.);
#931=FACE_OUTER_BOUND('',#1657,.T.);
#932=FACE_OUTER_BOUND('',#1658,.T.);
#933=FACE_OUTER_BOUND('',#1659,.T.);
#934=FACE_OUTER_BOUND('',#1661,.T.);
#935=FACE_OUTER_BOUND('',#1662,.T.);
#936=FACE_OUTER_BOUND('',#1664,.T.);
#937=FACE_OUTER_BOUND('',#1665,.T.);
#938=FACE_OUTER_BOUND('',#1666,.T.);
#939=FACE_OUTER_BOUND('',#1668,.T.);
#940=FACE_OUTER_BOUND('',#1669,.T.);
#941=FACE_OUTER_BOUND('',#1671,.T.);
#942=FACE_OUTER_BOUND('',#1672,.T.);
#943=FACE_OUTER_BOUND('',#1673,.T.);
#944=FACE_OUTER_BOUND('',#1675,.T.);
#945=FACE_OUTER_BOUND('',#1676,.T.);
#946=FACE_OUTER_BOUND('',#1678,.T.);
#947=FACE_OUTER_BOUND('',#1679,.T.);
#948=FACE_OUTER_BOUND('',#1680,.T.);
#949=FACE_OUTER_BOUND('',#1682,.T.);
#950=FACE_OUTER_BOUND('',#1683,.T.);
#951=FACE_OUTER_BOUND('',#1685,.T.);
#952=FACE_OUTER_BOUND('',#1686,.T.);
#953=FACE_OUTER_BOUND('',#1687,.T.);
#954=FACE_OUTER_BOUND('',#1689,.T.);
#955=FACE_OUTER_BOUND('',#1690,.T.);
#956=FACE_OUTER_BOUND('',#1692,.T.);
#957=FACE_OUTER_BOUND('',#1693,.T.);
#958=FACE_OUTER_BOUND('',#1694,.T.);
#959=FACE_OUTER_BOUND('',#1696,.T.);
#960=FACE_OUTER_BOUND('',#1697,.T.);
#961=FACE_OUTER_BOUND('',#1699,.T.);
#962=FACE_OUTER_BOUND('',#1700,.T.);
#963=FACE_OUTER_BOUND('',#1701,.T.);
#964=FACE_OUTER_BOUND('',#1703,.T.);
#965=FACE_OUTER_BOUND('',#1704,.T.);
#966=FACE_OUTER_BOUND('',#1706,.T.);
#967=FACE_OUTER_BOUND('',#1707,.T.);
#968=FACE_OUTER_BOUND('',#1708,.T.);
#969=FACE_OUTER_BOUND('',#1710,.T.);
#970=FACE_OUTER_BOUND('',#1711,.T.);
#971=FACE_OUTER_BOUND('',#1713,.T.);
#972=FACE_OUTER_BOUND('',#1714,.T.);
#973=FACE_OUTER_BOUND('',#1715,.T.);
#974=FACE_OUTER_BOUND('',#1717,.T.);
#975=FACE_OUTER_BOUND('',#1718,.T.);
#976=FACE_OUTER_BOUND('',#1720,.T.);
#977=FACE_OUTER_BOUND('',#1721,.T.);
#978=FACE_OUTER_BOUND('',#1722,.T.);
#979=FACE_OUTER_BOUND('',#1724,.T.);
#980=FACE_OUTER_BOUND('',#1725,.T.);
#981=FACE_OUTER_BOUND('',#1727,.T.);
#982=FACE_OUTER_BOUND('',#1728,.T.);
#983=FACE_OUTER_BOUND('',#1729,.T.);
#984=FACE_OUTER_BOUND('',#1731,.T.);
#985=FACE_OUTER_BOUND('',#1732,.T.);
#986=FACE_OUTER_BOUND('',#1734,.T.);
#987=FACE_OUTER_BOUND('',#1735,.T.);
#988=FACE_OUTER_BOUND('',#1736,.T.);
#989=FACE_OUTER_BOUND('',#1738,.T.);
#990=FACE_OUTER_BOUND('',#1739,.T.);
#991=FACE_OUTER_BOUND('',#1741,.T.);
#992=FACE_OUTER_BOUND('',#1742,.T.);
#993=FACE_OUTER_BOUND('',#1743,.T.);
#994=FACE_OUTER_BOUND('',#1745,.T.);
#995=FACE_OUTER_BOUND('',#1746,.T.);
#996=FACE_OUTER_BOUND('',#1748,.T.);
#997=FACE_OUTER_BOUND('',#1749,.T.);
#998=FACE_OUTER_BOUND('',#1750,.T.);
#999=FACE_OUTER_BOUND('',#1752,.T.);
#1000=FACE_OUTER_BOUND('',#1753,.T.);
#1001=FACE_OUTER_BOUND('',#1755,.T.);
#1002=FACE_OUTER_BOUND('',#1756,.T.);
#1003=FACE_OUTER_BOUND('',#1757,.T.);
#1004=FACE_OUTER_BOUND('',#1759,.T.);
#1005=FACE_OUTER_BOUND('',#1760,.T.);
#1006=FACE_OUTER_BOUND('',#1762,.T.);
#1007=FACE_OUTER_BOUND('',#1763,.T.);
#1008=FACE_OUTER_BOUND('',#1764,.T.);
#1009=FACE_OUTER_BOUND('',#1766,.T.);
#1010=FACE_OUTER_BOUND('',#1767,.T.);
#1011=FACE_OUTER_BOUND('',#1769,.T.);
#1012=FACE_OUTER_BOUND('',#1770,.T.);
#1013=FACE_OUTER_BOUND('',#1771,.T.);
#1014=FACE_OUTER_BOUND('',#1773,.T.);
#1015=FACE_OUTER_BOUND('',#1774,.T.);
#1016=FACE_OUTER_BOUND('',#1776,.T.);
#1017=FACE_OUTER_BOUND('',#1777,.T.);
#1018=FACE_OUTER_BOUND('',#1778,.T.);
#1019=FACE_OUTER_BOUND('',#1780,.T.);
#1020=FACE_OUTER_BOUND('',#1781,.T.);
#1021=FACE_OUTER_BOUND('',#1783,.T.);
#1022=FACE_OUTER_BOUND('',#1784,.T.);
#1023=FACE_OUTER_BOUND('',#1785,.T.);
#1024=FACE_OUTER_BOUND('',#1787,.T.);
#1025=FACE_OUTER_BOUND('',#1788,.T.);
#1026=FACE_OUTER_BOUND('',#1790,.T.);
#1027=FACE_OUTER_BOUND('',#1791,.T.);
#1028=FACE_OUTER_BOUND('',#1792,.T.);
#1029=FACE_OUTER_BOUND('',#1794,.T.);
#1030=FACE_OUTER_BOUND('',#1795,.T.);
#1031=FACE_OUTER_BOUND('',#1797,.T.);
#1032=FACE_OUTER_BOUND('',#1798,.T.);
#1033=FACE_OUTER_BOUND('',#1799,.T.);
#1034=FACE_OUTER_BOUND('',#1801,.T.);
#1035=FACE_OUTER_BOUND('',#1802,.T.);
#1036=FACE_OUTER_BOUND('',#1804,.T.);
#1037=FACE_OUTER_BOUND('',#1805,.T.);
#1038=FACE_OUTER_BOUND('',#1806,.T.);
#1039=FACE_OUTER_BOUND('',#1808,.T.);
#1040=FACE_OUTER_BOUND('',#1809,.T.);
#1041=FACE_OUTER_BOUND('',#1811,.T.);
#1042=FACE_OUTER_BOUND('',#1812,.T.);
#1043=FACE_OUTER_BOUND('',#1813,.T.);
#1044=FACE_OUTER_BOUND('',#1815,.T.);
#1045=FACE_OUTER_BOUND('',#1816,.T.);
#1046=FACE_OUTER_BOUND('',#1818,.T.);
#1047=FACE_OUTER_BOUND('',#1819,.T.);
#1048=FACE_OUTER_BOUND('',#1820,.T.);
#1049=FACE_OUTER_BOUND('',#1822,.T.);
#1050=FACE_OUTER_BOUND('',#1823,.T.);
#1051=FACE_OUTER_BOUND('',#1825,.T.);
#1052=FACE_OUTER_BOUND('',#1826,.T.);
#1053=FACE_OUTER_BOUND('',#1827,.T.);
#1054=FACE_OUTER_BOUND('',#1829,.T.);
#1055=FACE_OUTER_BOUND('',#1830,.T.);
#1056=FACE_OUTER_BOUND('',#1832,.T.);
#1057=FACE_OUTER_BOUND('',#1833,.T.);
#1058=FACE_OUTER_BOUND('',#1834,.T.);
#1059=FACE_OUTER_BOUND('',#1836,.T.);
#1060=FACE_OUTER_BOUND('',#1837,.T.);
#1061=FACE_OUTER_BOUND('',#1839,.T.);
#1062=FACE_OUTER_BOUND('',#1840,.T.);
#1063=FACE_OUTER_BOUND('',#1841,.T.);
#1064=FACE_OUTER_BOUND('',#1843,.T.);
#1065=FACE_OUTER_BOUND('',#1844,.T.);
#1066=FACE_OUTER_BOUND('',#1846,.T.);
#1067=FACE_OUTER_BOUND('',#1847,.T.);
#1068=FACE_OUTER_BOUND('',#1848,.T.);
#1069=FACE_OUTER_BOUND('',#1850,.T.);
#1070=FACE_OUTER_BOUND('',#1851,.T.);
#1071=FACE_OUTER_BOUND('',#1853,.T.);
#1072=FACE_OUTER_BOUND('',#1854,.T.);
#1073=FACE_OUTER_BOUND('',#1855,.T.);
#1074=FACE_OUTER_BOUND('',#1857,.T.);
#1075=FACE_OUTER_BOUND('',#1858,.T.);
#1076=FACE_OUTER_BOUND('',#1860,.T.);
#1077=FACE_OUTER_BOUND('',#1861,.T.);
#1078=FACE_OUTER_BOUND('',#1862,.T.);
#1079=FACE_OUTER_BOUND('',#1864,.T.);
#1080=FACE_OUTER_BOUND('',#1865,.T.);
#1081=FACE_OUTER_BOUND('',#1867,.T.);
#1082=FACE_OUTER_BOUND('',#1868,.T.);
#1083=FACE_OUTER_BOUND('',#1869,.T.);
#1084=FACE_OUTER_BOUND('',#1871,.T.);
#1085=FACE_OUTER_BOUND('',#1872,.T.);
#1086=FACE_OUTER_BOUND('',#1874,.T.);
#1087=FACE_OUTER_BOUND('',#1875,.T.);
#1088=FACE_OUTER_BOUND('',#1876,.T.);
#1089=FACE_OUTER_BOUND('',#1878,.T.);
#1090=FACE_OUTER_BOUND('',#1879,.T.);
#1091=FACE_OUTER_BOUND('',#1881,.T.);
#1092=FACE_OUTER_BOUND('',#1882,.T.);
#1093=FACE_OUTER_BOUND('',#1883,.T.);
#1094=FACE_OUTER_BOUND('',#1885,.T.);
#1095=FACE_OUTER_BOUND('',#1886,.T.);
#1096=FACE_OUTER_BOUND('',#1888,.T.);
#1097=FACE_OUTER_BOUND('',#1889,.T.);
#1098=FACE_OUTER_BOUND('',#1890,.T.);
#1099=FACE_OUTER_BOUND('',#1892,.T.);
#1100=FACE_OUTER_BOUND('',#1893,.T.);
#1101=FACE_OUTER_BOUND('',#1895,.T.);
#1102=FACE_OUTER_BOUND('',#1896,.T.);
#1103=FACE_OUTER_BOUND('',#1897,.T.);
#1104=FACE_OUTER_BOUND('',#1899,.T.);
#1105=FACE_OUTER_BOUND('',#1900,.T.);
#1106=FACE_OUTER_BOUND('',#1901,.T.);
#1107=FACE_OUTER_BOUND('',#1903,.T.);
#1108=FACE_OUTER_BOUND('',#1904,.T.);
#1109=FACE_OUTER_BOUND('',#1905,.T.);
#1110=FACE_OUTER_BOUND('',#1907,.T.);
#1111=FACE_OUTER_BOUND('',#1908,.T.);
#1112=FACE_OUTER_BOUND('',#1909,.T.);
#1113=FACE_OUTER_BOUND('',#1911,.T.);
#1114=FACE_OUTER_BOUND('',#1912,.T.);
#1115=FACE_OUTER_BOUND('',#1913,.T.);
#1116=FACE_OUTER_BOUND('',#1915,.T.);
#1117=FACE_OUTER_BOUND('',#1916,.T.);
#1118=FACE_OUTER_BOUND('',#1917,.T.);
#1119=FACE_OUTER_BOUND('',#1918,.T.);
#1120=FACE_OUTER_BOUND('',#1919,.T.);
#1121=FACE_OUTER_BOUND('',#1920,.T.);
#1122=FACE_OUTER_BOUND('',#1921,.T.);
#1123=FACE_OUTER_BOUND('',#1922,.T.);
#1124=FACE_OUTER_BOUND('',#1923,.T.);
#1125=FACE_OUTER_BOUND('',#1925,.T.);
#1126=EDGE_LOOP('',(#4778,#4779,#4780,#4781));
#1127=EDGE_LOOP('',(#4782));
#1128=EDGE_LOOP('',(#4783));
#1129=EDGE_LOOP('',(#4784,#4785,#4786,#4787));
#1130=EDGE_LOOP('',(#4788,#4789,#4790,#4791));
#1131=EDGE_LOOP('',(#4792));
#1132=EDGE_LOOP('',(#4793));
#1133=EDGE_LOOP('',(#4794,#4795,#4796,#4797));
#1134=EDGE_LOOP('',(#4798));
#1135=EDGE_LOOP('',(#4799));
#1136=EDGE_LOOP('',(#4800));
#1137=EDGE_LOOP('',(#4801));
#1138=EDGE_LOOP('',(#4802));
#1139=EDGE_LOOP('',(#4803));
#1140=EDGE_LOOP('',(#4804));
#1141=EDGE_LOOP('',(#4805));
#1142=EDGE_LOOP('',(#4806));
#1143=EDGE_LOOP('',(#4807));
#1144=EDGE_LOOP('',(#4808));
#1145=EDGE_LOOP('',(#4809));
#1146=EDGE_LOOP('',(#4810));
#1147=EDGE_LOOP('',(#4811));
#1148=EDGE_LOOP('',(#4812));
#1149=EDGE_LOOP('',(#4813));
#1150=EDGE_LOOP('',(#4814));
#1151=EDGE_LOOP('',(#4815));
#1152=EDGE_LOOP('',(#4816));
#1153=EDGE_LOOP('',(#4817));
#1154=EDGE_LOOP('',(#4818));
#1155=EDGE_LOOP('',(#4819));
#1156=EDGE_LOOP('',(#4820));
#1157=EDGE_LOOP('',(#4821));
#1158=EDGE_LOOP('',(#4822));
#1159=EDGE_LOOP('',(#4823));
#1160=EDGE_LOOP('',(#4824));
#1161=EDGE_LOOP('',(#4825));
#1162=EDGE_LOOP('',(#4826));
#1163=EDGE_LOOP('',(#4827));
#1164=EDGE_LOOP('',(#4828));
#1165=EDGE_LOOP('',(#4829));
#1166=EDGE_LOOP('',(#4830));
#1167=EDGE_LOOP('',(#4831));
#1168=EDGE_LOOP('',(#4832));
#1169=EDGE_LOOP('',(#4833));
#1170=EDGE_LOOP('',(#4834));
#1171=EDGE_LOOP('',(#4835));
#1172=EDGE_LOOP('',(#4836));
#1173=EDGE_LOOP('',(#4837));
#1174=EDGE_LOOP('',(#4838));
#1175=EDGE_LOOP('',(#4839));
#1176=EDGE_LOOP('',(#4840));
#1177=EDGE_LOOP('',(#4841));
#1178=EDGE_LOOP('',(#4842));
#1179=EDGE_LOOP('',(#4843));
#1180=EDGE_LOOP('',(#4844));
#1181=EDGE_LOOP('',(#4845));
#1182=EDGE_LOOP('',(#4846));
#1183=EDGE_LOOP('',(#4847));
#1184=EDGE_LOOP('',(#4848));
#1185=EDGE_LOOP('',(#4849));
#1186=EDGE_LOOP('',(#4850));
#1187=EDGE_LOOP('',(#4851));
#1188=EDGE_LOOP('',(#4852));
#1189=EDGE_LOOP('',(#4853));
#1190=EDGE_LOOP('',(#4854));
#1191=EDGE_LOOP('',(#4855));
#1192=EDGE_LOOP('',(#4856));
#1193=EDGE_LOOP('',(#4857));
#1194=EDGE_LOOP('',(#4858));
#1195=EDGE_LOOP('',(#4859));
#1196=EDGE_LOOP('',(#4860));
#1197=EDGE_LOOP('',(#4861));
#1198=EDGE_LOOP('',(#4862));
#1199=EDGE_LOOP('',(#4863));
#1200=EDGE_LOOP('',(#4864));
#1201=EDGE_LOOP('',(#4865));
#1202=EDGE_LOOP('',(#4866));
#1203=EDGE_LOOP('',(#4867));
#1204=EDGE_LOOP('',(#4868));
#1205=EDGE_LOOP('',(#4869));
#1206=EDGE_LOOP('',(#4870));
#1207=EDGE_LOOP('',(#4871));
#1208=EDGE_LOOP('',(#4872));
#1209=EDGE_LOOP('',(#4873));
#1210=EDGE_LOOP('',(#4874));
#1211=EDGE_LOOP('',(#4875));
#1212=EDGE_LOOP('',(#4876));
#1213=EDGE_LOOP('',(#4877));
#1214=EDGE_LOOP('',(#4878));
#1215=EDGE_LOOP('',(#4879));
#1216=EDGE_LOOP('',(#4880));
#1217=EDGE_LOOP('',(#4881));
#1218=EDGE_LOOP('',(#4882));
#1219=EDGE_LOOP('',(#4883));
#1220=EDGE_LOOP('',(#4884));
#1221=EDGE_LOOP('',(#4885));
#1222=EDGE_LOOP('',(#4886));
#1223=EDGE_LOOP('',(#4887));
#1224=EDGE_LOOP('',(#4888));
#1225=EDGE_LOOP('',(#4889));
#1226=EDGE_LOOP('',(#4890));
#1227=EDGE_LOOP('',(#4891));
#1228=EDGE_LOOP('',(#4892));
#1229=EDGE_LOOP('',(#4893));
#1230=EDGE_LOOP('',(#4894));
#1231=EDGE_LOOP('',(#4895));
#1232=EDGE_LOOP('',(#4896));
#1233=EDGE_LOOP('',(#4897));
#1234=EDGE_LOOP('',(#4898,#4899,#4900,#4901));
#1235=EDGE_LOOP('',(#4902));
#1236=EDGE_LOOP('',(#4903));
#1237=EDGE_LOOP('',(#4904,#4905,#4906,#4907));
#1238=EDGE_LOOP('',(#4908,#4909,#4910,#4911));
#1239=EDGE_LOOP('',(#4912));
#1240=EDGE_LOOP('',(#4913));
#1241=EDGE_LOOP('',(#4914,#4915,#4916,#4917));
#1242=EDGE_LOOP('',(#4918));
#1243=EDGE_LOOP('',(#4919));
#1244=EDGE_LOOP('',(#4920,#4921,#4922,#4923));
#1245=EDGE_LOOP('',(#4924,#4925,#4926,#4927));
#1246=EDGE_LOOP('',(#4928));
#1247=EDGE_LOOP('',(#4929));
#1248=EDGE_LOOP('',(#4930,#4931,#4932,#4933));
#1249=EDGE_LOOP('',(#4934));
#1250=EDGE_LOOP('',(#4935));
#1251=EDGE_LOOP('',(#4936,#4937,#4938,#4939));
#1252=EDGE_LOOP('',(#4940,#4941,#4942,#4943));
#1253=EDGE_LOOP('',(#4944));
#1254=EDGE_LOOP('',(#4945));
#1255=EDGE_LOOP('',(#4946,#4947,#4948,#4949));
#1256=EDGE_LOOP('',(#4950));
#1257=EDGE_LOOP('',(#4951));
#1258=EDGE_LOOP('',(#4952,#4953,#4954,#4955));
#1259=EDGE_LOOP('',(#4956,#4957,#4958,#4959));
#1260=EDGE_LOOP('',(#4960));
#1261=EDGE_LOOP('',(#4961));
#1262=EDGE_LOOP('',(#4962,#4963,#4964,#4965));
#1263=EDGE_LOOP('',(#4966));
#1264=EDGE_LOOP('',(#4967));
#1265=EDGE_LOOP('',(#4968,#4969,#4970,#4971));
#1266=EDGE_LOOP('',(#4972,#4973,#4974,#4975));
#1267=EDGE_LOOP('',(#4976));
#1268=EDGE_LOOP('',(#4977));
#1269=EDGE_LOOP('',(#4978,#4979,#4980,#4981));
#1270=EDGE_LOOP('',(#4982));
#1271=EDGE_LOOP('',(#4983));
#1272=EDGE_LOOP('',(#4984,#4985,#4986,#4987));
#1273=EDGE_LOOP('',(#4988,#4989,#4990,#4991));
#1274=EDGE_LOOP('',(#4992));
#1275=EDGE_LOOP('',(#4993));
#1276=EDGE_LOOP('',(#4994,#4995,#4996,#4997));
#1277=EDGE_LOOP('',(#4998));
#1278=EDGE_LOOP('',(#4999));
#1279=EDGE_LOOP('',(#5000,#5001,#5002,#5003));
#1280=EDGE_LOOP('',(#5004,#5005,#5006,#5007));
#1281=EDGE_LOOP('',(#5008));
#1282=EDGE_LOOP('',(#5009));
#1283=EDGE_LOOP('',(#5010,#5011,#5012,#5013));
#1284=EDGE_LOOP('',(#5014));
#1285=EDGE_LOOP('',(#5015));
#1286=EDGE_LOOP('',(#5016,#5017,#5018,#5019));
#1287=EDGE_LOOP('',(#5020,#5021,#5022,#5023));
#1288=EDGE_LOOP('',(#5024));
#1289=EDGE_LOOP('',(#5025));
#1290=EDGE_LOOP('',(#5026,#5027,#5028,#5029));
#1291=EDGE_LOOP('',(#5030));
#1292=EDGE_LOOP('',(#5031));
#1293=EDGE_LOOP('',(#5032,#5033,#5034,#5035));
#1294=EDGE_LOOP('',(#5036,#5037,#5038,#5039));
#1295=EDGE_LOOP('',(#5040));
#1296=EDGE_LOOP('',(#5041));
#1297=EDGE_LOOP('',(#5042,#5043,#5044,#5045));
#1298=EDGE_LOOP('',(#5046));
#1299=EDGE_LOOP('',(#5047));
#1300=EDGE_LOOP('',(#5048,#5049,#5050,#5051));
#1301=EDGE_LOOP('',(#5052,#5053,#5054,#5055));
#1302=EDGE_LOOP('',(#5056));
#1303=EDGE_LOOP('',(#5057));
#1304=EDGE_LOOP('',(#5058,#5059,#5060,#5061));
#1305=EDGE_LOOP('',(#5062));
#1306=EDGE_LOOP('',(#5063));
#1307=EDGE_LOOP('',(#5064,#5065,#5066,#5067));
#1308=EDGE_LOOP('',(#5068,#5069,#5070,#5071));
#1309=EDGE_LOOP('',(#5072));
#1310=EDGE_LOOP('',(#5073));
#1311=EDGE_LOOP('',(#5074,#5075,#5076,#5077));
#1312=EDGE_LOOP('',(#5078));
#1313=EDGE_LOOP('',(#5079));
#1314=EDGE_LOOP('',(#5080,#5081,#5082,#5083));
#1315=EDGE_LOOP('',(#5084,#5085,#5086,#5087));
#1316=EDGE_LOOP('',(#5088));
#1317=EDGE_LOOP('',(#5089));
#1318=EDGE_LOOP('',(#5090,#5091,#5092,#5093));
#1319=EDGE_LOOP('',(#5094));
#1320=EDGE_LOOP('',(#5095));
#1321=EDGE_LOOP('',(#5096,#5097,#5098,#5099));
#1322=EDGE_LOOP('',(#5100,#5101,#5102,#5103));
#1323=EDGE_LOOP('',(#5104));
#1324=EDGE_LOOP('',(#5105));
#1325=EDGE_LOOP('',(#5106,#5107,#5108,#5109));
#1326=EDGE_LOOP('',(#5110));
#1327=EDGE_LOOP('',(#5111));
#1328=EDGE_LOOP('',(#5112,#5113,#5114,#5115));
#1329=EDGE_LOOP('',(#5116,#5117,#5118,#5119));
#1330=EDGE_LOOP('',(#5120));
#1331=EDGE_LOOP('',(#5121));
#1332=EDGE_LOOP('',(#5122,#5123,#5124,#5125));
#1333=EDGE_LOOP('',(#5126));
#1334=EDGE_LOOP('',(#5127));
#1335=EDGE_LOOP('',(#5128,#5129,#5130,#5131));
#1336=EDGE_LOOP('',(#5132,#5133,#5134,#5135));
#1337=EDGE_LOOP('',(#5136));
#1338=EDGE_LOOP('',(#5137));
#1339=EDGE_LOOP('',(#5138,#5139,#5140,#5141));
#1340=EDGE_LOOP('',(#5142));
#1341=EDGE_LOOP('',(#5143));
#1342=EDGE_LOOP('',(#5144,#5145,#5146,#5147));
#1343=EDGE_LOOP('',(#5148,#5149,#5150,#5151));
#1344=EDGE_LOOP('',(#5152));
#1345=EDGE_LOOP('',(#5153));
#1346=EDGE_LOOP('',(#5154,#5155,#5156,#5157));
#1347=EDGE_LOOP('',(#5158));
#1348=EDGE_LOOP('',(#5159));
#1349=EDGE_LOOP('',(#5160,#5161,#5162,#5163));
#1350=EDGE_LOOP('',(#5164,#5165,#5166,#5167));
#1351=EDGE_LOOP('',(#5168));
#1352=EDGE_LOOP('',(#5169));
#1353=EDGE_LOOP('',(#5170,#5171,#5172,#5173));
#1354=EDGE_LOOP('',(#5174));
#1355=EDGE_LOOP('',(#5175));
#1356=EDGE_LOOP('',(#5176,#5177,#5178,#5179));
#1357=EDGE_LOOP('',(#5180,#5181,#5182,#5183));
#1358=EDGE_LOOP('',(#5184));
#1359=EDGE_LOOP('',(#5185));
#1360=EDGE_LOOP('',(#5186,#5187,#5188,#5189));
#1361=EDGE_LOOP('',(#5190));
#1362=EDGE_LOOP('',(#5191));
#1363=EDGE_LOOP('',(#5192,#5193,#5194,#5195));
#1364=EDGE_LOOP('',(#5196,#5197,#5198,#5199));
#1365=EDGE_LOOP('',(#5200));
#1366=EDGE_LOOP('',(#5201));
#1367=EDGE_LOOP('',(#5202,#5203,#5204,#5205));
#1368=EDGE_LOOP('',(#5206));
#1369=EDGE_LOOP('',(#5207));
#1370=EDGE_LOOP('',(#5208,#5209,#5210,#5211));
#1371=EDGE_LOOP('',(#5212,#5213,#5214,#5215));
#1372=EDGE_LOOP('',(#5216));
#1373=EDGE_LOOP('',(#5217));
#1374=EDGE_LOOP('',(#5218,#5219,#5220,#5221));
#1375=EDGE_LOOP('',(#5222));
#1376=EDGE_LOOP('',(#5223));
#1377=EDGE_LOOP('',(#5224,#5225,#5226,#5227));
#1378=EDGE_LOOP('',(#5228,#5229,#5230,#5231));
#1379=EDGE_LOOP('',(#5232));
#1380=EDGE_LOOP('',(#5233));
#1381=EDGE_LOOP('',(#5234,#5235,#5236,#5237));
#1382=EDGE_LOOP('',(#5238));
#1383=EDGE_LOOP('',(#5239));
#1384=EDGE_LOOP('',(#5240,#5241,#5242,#5243));
#1385=EDGE_LOOP('',(#5244,#5245,#5246,#5247));
#1386=EDGE_LOOP('',(#5248));
#1387=EDGE_LOOP('',(#5249));
#1388=EDGE_LOOP('',(#5250,#5251,#5252,#5253));
#1389=EDGE_LOOP('',(#5254));
#1390=EDGE_LOOP('',(#5255));
#1391=EDGE_LOOP('',(#5256,#5257,#5258,#5259));
#1392=EDGE_LOOP('',(#5260,#5261,#5262,#5263));
#1393=EDGE_LOOP('',(#5264));
#1394=EDGE_LOOP('',(#5265));
#1395=EDGE_LOOP('',(#5266,#5267,#5268,#5269));
#1396=EDGE_LOOP('',(#5270));
#1397=EDGE_LOOP('',(#5271));
#1398=EDGE_LOOP('',(#5272,#5273,#5274,#5275));
#1399=EDGE_LOOP('',(#5276,#5277,#5278,#5279));
#1400=EDGE_LOOP('',(#5280));
#1401=EDGE_LOOP('',(#5281));
#1402=EDGE_LOOP('',(#5282,#5283,#5284,#5285));
#1403=EDGE_LOOP('',(#5286));
#1404=EDGE_LOOP('',(#5287));
#1405=EDGE_LOOP('',(#5288,#5289,#5290,#5291));
#1406=EDGE_LOOP('',(#5292,#5293,#5294,#5295));
#1407=EDGE_LOOP('',(#5296));
#1408=EDGE_LOOP('',(#5297));
#1409=EDGE_LOOP('',(#5298,#5299,#5300,#5301));
#1410=EDGE_LOOP('',(#5302));
#1411=EDGE_LOOP('',(#5303));
#1412=EDGE_LOOP('',(#5304,#5305,#5306,#5307));
#1413=EDGE_LOOP('',(#5308,#5309,#5310,#5311));
#1414=EDGE_LOOP('',(#5312));
#1415=EDGE_LOOP('',(#5313));
#1416=EDGE_LOOP('',(#5314,#5315,#5316,#5317));
#1417=EDGE_LOOP('',(#5318));
#1418=EDGE_LOOP('',(#5319));
#1419=EDGE_LOOP('',(#5320,#5321,#5322,#5323));
#1420=EDGE_LOOP('',(#5324,#5325,#5326,#5327));
#1421=EDGE_LOOP('',(#5328));
#1422=EDGE_LOOP('',(#5329));
#1423=EDGE_LOOP('',(#5330,#5331,#5332,#5333));
#1424=EDGE_LOOP('',(#5334));
#1425=EDGE_LOOP('',(#5335));
#1426=EDGE_LOOP('',(#5336,#5337,#5338,#5339));
#1427=EDGE_LOOP('',(#5340,#5341,#5342,#5343));
#1428=EDGE_LOOP('',(#5344));
#1429=EDGE_LOOP('',(#5345));
#1430=EDGE_LOOP('',(#5346,#5347,#5348,#5349));
#1431=EDGE_LOOP('',(#5350));
#1432=EDGE_LOOP('',(#5351));
#1433=EDGE_LOOP('',(#5352,#5353,#5354,#5355));
#1434=EDGE_LOOP('',(#5356,#5357,#5358,#5359));
#1435=EDGE_LOOP('',(#5360));
#1436=EDGE_LOOP('',(#5361));
#1437=EDGE_LOOP('',(#5362,#5363,#5364,#5365));
#1438=EDGE_LOOP('',(#5366));
#1439=EDGE_LOOP('',(#5367));
#1440=EDGE_LOOP('',(#5368,#5369,#5370,#5371));
#1441=EDGE_LOOP('',(#5372,#5373,#5374,#5375));
#1442=EDGE_LOOP('',(#5376));
#1443=EDGE_LOOP('',(#5377));
#1444=EDGE_LOOP('',(#5378,#5379,#5380,#5381));
#1445=EDGE_LOOP('',(#5382));
#1446=EDGE_LOOP('',(#5383));
#1447=EDGE_LOOP('',(#5384,#5385,#5386,#5387));
#1448=EDGE_LOOP('',(#5388,#5389,#5390,#5391));
#1449=EDGE_LOOP('',(#5392));
#1450=EDGE_LOOP('',(#5393));
#1451=EDGE_LOOP('',(#5394,#5395,#5396,#5397));
#1452=EDGE_LOOP('',(#5398));
#1453=EDGE_LOOP('',(#5399));
#1454=EDGE_LOOP('',(#5400,#5401,#5402,#5403));
#1455=EDGE_LOOP('',(#5404,#5405,#5406,#5407));
#1456=EDGE_LOOP('',(#5408));
#1457=EDGE_LOOP('',(#5409));
#1458=EDGE_LOOP('',(#5410,#5411,#5412,#5413));
#1459=EDGE_LOOP('',(#5414));
#1460=EDGE_LOOP('',(#5415));
#1461=EDGE_LOOP('',(#5416,#5417,#5418,#5419));
#1462=EDGE_LOOP('',(#5420,#5421,#5422,#5423));
#1463=EDGE_LOOP('',(#5424));
#1464=EDGE_LOOP('',(#5425));
#1465=EDGE_LOOP('',(#5426,#5427,#5428,#5429));
#1466=EDGE_LOOP('',(#5430));
#1467=EDGE_LOOP('',(#5431));
#1468=EDGE_LOOP('',(#5432,#5433,#5434,#5435));
#1469=EDGE_LOOP('',(#5436,#5437,#5438,#5439));
#1470=EDGE_LOOP('',(#5440));
#1471=EDGE_LOOP('',(#5441));
#1472=EDGE_LOOP('',(#5442,#5443,#5444,#5445));
#1473=EDGE_LOOP('',(#5446));
#1474=EDGE_LOOP('',(#5447));
#1475=EDGE_LOOP('',(#5448,#5449,#5450,#5451));
#1476=EDGE_LOOP('',(#5452,#5453,#5454,#5455));
#1477=EDGE_LOOP('',(#5456));
#1478=EDGE_LOOP('',(#5457));
#1479=EDGE_LOOP('',(#5458,#5459,#5460,#5461));
#1480=EDGE_LOOP('',(#5462));
#1481=EDGE_LOOP('',(#5463));
#1482=EDGE_LOOP('',(#5464,#5465,#5466,#5467));
#1483=EDGE_LOOP('',(#5468,#5469,#5470,#5471));
#1484=EDGE_LOOP('',(#5472));
#1485=EDGE_LOOP('',(#5473));
#1486=EDGE_LOOP('',(#5474,#5475,#5476,#5477));
#1487=EDGE_LOOP('',(#5478));
#1488=EDGE_LOOP('',(#5479));
#1489=EDGE_LOOP('',(#5480,#5481,#5482,#5483));
#1490=EDGE_LOOP('',(#5484,#5485,#5486,#5487));
#1491=EDGE_LOOP('',(#5488));
#1492=EDGE_LOOP('',(#5489));
#1493=EDGE_LOOP('',(#5490,#5491,#5492,#5493));
#1494=EDGE_LOOP('',(#5494));
#1495=EDGE_LOOP('',(#5495));
#1496=EDGE_LOOP('',(#5496,#5497,#5498,#5499));
#1497=EDGE_LOOP('',(#5500,#5501,#5502,#5503));
#1498=EDGE_LOOP('',(#5504));
#1499=EDGE_LOOP('',(#5505));
#1500=EDGE_LOOP('',(#5506,#5507,#5508,#5509));
#1501=EDGE_LOOP('',(#5510));
#1502=EDGE_LOOP('',(#5511));
#1503=EDGE_LOOP('',(#5512,#5513,#5514,#5515));
#1504=EDGE_LOOP('',(#5516,#5517,#5518,#5519));
#1505=EDGE_LOOP('',(#5520));
#1506=EDGE_LOOP('',(#5521));
#1507=EDGE_LOOP('',(#5522,#5523,#5524,#5525));
#1508=EDGE_LOOP('',(#5526));
#1509=EDGE_LOOP('',(#5527));
#1510=EDGE_LOOP('',(#5528,#5529,#5530,#5531));
#1511=EDGE_LOOP('',(#5532,#5533,#5534,#5535));
#1512=EDGE_LOOP('',(#5536));
#1513=EDGE_LOOP('',(#5537));
#1514=EDGE_LOOP('',(#5538,#5539,#5540,#5541));
#1515=EDGE_LOOP('',(#5542));
#1516=EDGE_LOOP('',(#5543));
#1517=EDGE_LOOP('',(#5544,#5545,#5546,#5547));
#1518=EDGE_LOOP('',(#5548,#5549,#5550,#5551));
#1519=EDGE_LOOP('',(#5552));
#1520=EDGE_LOOP('',(#5553));
#1521=EDGE_LOOP('',(#5554,#5555,#5556,#5557));
#1522=EDGE_LOOP('',(#5558));
#1523=EDGE_LOOP('',(#5559));
#1524=EDGE_LOOP('',(#5560,#5561,#5562,#5563));
#1525=EDGE_LOOP('',(#5564,#5565,#5566,#5567));
#1526=EDGE_LOOP('',(#5568));
#1527=EDGE_LOOP('',(#5569));
#1528=EDGE_LOOP('',(#5570,#5571,#5572,#5573));
#1529=EDGE_LOOP('',(#5574));
#1530=EDGE_LOOP('',(#5575));
#1531=EDGE_LOOP('',(#5576,#5577,#5578,#5579));
#1532=EDGE_LOOP('',(#5580,#5581,#5582,#5583));
#1533=EDGE_LOOP('',(#5584));
#1534=EDGE_LOOP('',(#5585));
#1535=EDGE_LOOP('',(#5586,#5587,#5588,#5589));
#1536=EDGE_LOOP('',(#5590));
#1537=EDGE_LOOP('',(#5591));
#1538=EDGE_LOOP('',(#5592,#5593,#5594,#5595));
#1539=EDGE_LOOP('',(#5596,#5597,#5598,#5599));
#1540=EDGE_LOOP('',(#5600));
#1541=EDGE_LOOP('',(#5601));
#1542=EDGE_LOOP('',(#5602,#5603,#5604,#5605));
#1543=EDGE_LOOP('',(#5606));
#1544=EDGE_LOOP('',(#5607));
#1545=EDGE_LOOP('',(#5608,#5609,#5610,#5611));
#1546=EDGE_LOOP('',(#5612,#5613,#5614,#5615));
#1547=EDGE_LOOP('',(#5616));
#1548=EDGE_LOOP('',(#5617));
#1549=EDGE_LOOP('',(#5618,#5619,#5620,#5621));
#1550=EDGE_LOOP('',(#5622));
#1551=EDGE_LOOP('',(#5623));
#1552=EDGE_LOOP('',(#5624,#5625,#5626,#5627));
#1553=EDGE_LOOP('',(#5628,#5629,#5630,#5631));
#1554=EDGE_LOOP('',(#5632));
#1555=EDGE_LOOP('',(#5633));
#1556=EDGE_LOOP('',(#5634,#5635,#5636,#5637));
#1557=EDGE_LOOP('',(#5638));
#1558=EDGE_LOOP('',(#5639));
#1559=EDGE_LOOP('',(#5640,#5641,#5642,#5643));
#1560=EDGE_LOOP('',(#5644,#5645,#5646,#5647));
#1561=EDGE_LOOP('',(#5648));
#1562=EDGE_LOOP('',(#5649));
#1563=EDGE_LOOP('',(#5650,#5651,#5652,#5653));
#1564=EDGE_LOOP('',(#5654));
#1565=EDGE_LOOP('',(#5655));
#1566=EDGE_LOOP('',(#5656,#5657,#5658,#5659));
#1567=EDGE_LOOP('',(#5660,#5661,#5662,#5663));
#1568=EDGE_LOOP('',(#5664));
#1569=EDGE_LOOP('',(#5665));
#1570=EDGE_LOOP('',(#5666,#5667,#5668,#5669));
#1571=EDGE_LOOP('',(#5670));
#1572=EDGE_LOOP('',(#5671));
#1573=EDGE_LOOP('',(#5672,#5673,#5674,#5675));
#1574=EDGE_LOOP('',(#5676,#5677,#5678,#5679));
#1575=EDGE_LOOP('',(#5680));
#1576=EDGE_LOOP('',(#5681));
#1577=EDGE_LOOP('',(#5682,#5683,#5684,#5685));
#1578=EDGE_LOOP('',(#5686));
#1579=EDGE_LOOP('',(#5687));
#1580=EDGE_LOOP('',(#5688,#5689,#5690,#5691));
#1581=EDGE_LOOP('',(#5692,#5693,#5694,#5695));
#1582=EDGE_LOOP('',(#5696));
#1583=EDGE_LOOP('',(#5697));
#1584=EDGE_LOOP('',(#5698,#5699,#5700,#5701));
#1585=EDGE_LOOP('',(#5702));
#1586=EDGE_LOOP('',(#5703));
#1587=EDGE_LOOP('',(#5704,#5705,#5706,#5707));
#1588=EDGE_LOOP('',(#5708,#5709,#5710,#5711));
#1589=EDGE_LOOP('',(#5712));
#1590=EDGE_LOOP('',(#5713));
#1591=EDGE_LOOP('',(#5714,#5715,#5716,#5717));
#1592=EDGE_LOOP('',(#5718));
#1593=EDGE_LOOP('',(#5719));
#1594=EDGE_LOOP('',(#5720,#5721,#5722,#5723));
#1595=EDGE_LOOP('',(#5724,#5725,#5726,#5727));
#1596=EDGE_LOOP('',(#5728));
#1597=EDGE_LOOP('',(#5729));
#1598=EDGE_LOOP('',(#5730,#5731,#5732,#5733));
#1599=EDGE_LOOP('',(#5734));
#1600=EDGE_LOOP('',(#5735));
#1601=EDGE_LOOP('',(#5736,#5737,#5738,#5739));
#1602=EDGE_LOOP('',(#5740,#5741,#5742,#5743));
#1603=EDGE_LOOP('',(#5744));
#1604=EDGE_LOOP('',(#5745));
#1605=EDGE_LOOP('',(#5746,#5747,#5748,#5749));
#1606=EDGE_LOOP('',(#5750));
#1607=EDGE_LOOP('',(#5751));
#1608=EDGE_LOOP('',(#5752,#5753,#5754,#5755));
#1609=EDGE_LOOP('',(#5756,#5757,#5758,#5759));
#1610=EDGE_LOOP('',(#5760));
#1611=EDGE_LOOP('',(#5761));
#1612=EDGE_LOOP('',(#5762,#5763,#5764,#5765));
#1613=EDGE_LOOP('',(#5766));
#1614=EDGE_LOOP('',(#5767));
#1615=EDGE_LOOP('',(#5768,#5769,#5770,#5771));
#1616=EDGE_LOOP('',(#5772,#5773,#5774,#5775));
#1617=EDGE_LOOP('',(#5776));
#1618=EDGE_LOOP('',(#5777));
#1619=EDGE_LOOP('',(#5778,#5779,#5780,#5781));
#1620=EDGE_LOOP('',(#5782));
#1621=EDGE_LOOP('',(#5783));
#1622=EDGE_LOOP('',(#5784,#5785,#5786,#5787));
#1623=EDGE_LOOP('',(#5788,#5789,#5790,#5791));
#1624=EDGE_LOOP('',(#5792));
#1625=EDGE_LOOP('',(#5793));
#1626=EDGE_LOOP('',(#5794,#5795,#5796,#5797));
#1627=EDGE_LOOP('',(#5798));
#1628=EDGE_LOOP('',(#5799));
#1629=EDGE_LOOP('',(#5800,#5801,#5802,#5803));
#1630=EDGE_LOOP('',(#5804,#5805,#5806,#5807));
#1631=EDGE_LOOP('',(#5808));
#1632=EDGE_LOOP('',(#5809));
#1633=EDGE_LOOP('',(#5810,#5811,#5812,#5813));
#1634=EDGE_LOOP('',(#5814));
#1635=EDGE_LOOP('',(#5815));
#1636=EDGE_LOOP('',(#5816,#5817,#5818,#5819));
#1637=EDGE_LOOP('',(#5820,#5821,#5822,#5823));
#1638=EDGE_LOOP('',(#5824));
#1639=EDGE_LOOP('',(#5825));
#1640=EDGE_LOOP('',(#5826,#5827,#5828,#5829));
#1641=EDGE_LOOP('',(#5830));
#1642=EDGE_LOOP('',(#5831));
#1643=EDGE_LOOP('',(#5832,#5833,#5834,#5835));
#1644=EDGE_LOOP('',(#5836,#5837,#5838,#5839));
#1645=EDGE_LOOP('',(#5840));
#1646=EDGE_LOOP('',(#5841));
#1647=EDGE_LOOP('',(#5842,#5843,#5844,#5845));
#1648=EDGE_LOOP('',(#5846));
#1649=EDGE_LOOP('',(#5847));
#1650=EDGE_LOOP('',(#5848,#5849,#5850,#5851));
#1651=EDGE_LOOP('',(#5852,#5853,#5854,#5855));
#1652=EDGE_LOOP('',(#5856));
#1653=EDGE_LOOP('',(#5857));
#1654=EDGE_LOOP('',(#5858,#5859,#5860,#5861));
#1655=EDGE_LOOP('',(#5862));
#1656=EDGE_LOOP('',(#5863));
#1657=EDGE_LOOP('',(#5864,#5865,#5866,#5867));
#1658=EDGE_LOOP('',(#5868,#5869,#5870,#5871));
#1659=EDGE_LOOP('',(#5872));
#1660=EDGE_LOOP('',(#5873));
#1661=EDGE_LOOP('',(#5874,#5875,#5876,#5877));
#1662=EDGE_LOOP('',(#5878));
#1663=EDGE_LOOP('',(#5879));
#1664=EDGE_LOOP('',(#5880,#5881,#5882,#5883));
#1665=EDGE_LOOP('',(#5884,#5885,#5886,#5887));
#1666=EDGE_LOOP('',(#5888));
#1667=EDGE_LOOP('',(#5889));
#1668=EDGE_LOOP('',(#5890,#5891,#5892,#5893));
#1669=EDGE_LOOP('',(#5894));
#1670=EDGE_LOOP('',(#5895));
#1671=EDGE_LOOP('',(#5896,#5897,#5898,#5899));
#1672=EDGE_LOOP('',(#5900,#5901,#5902,#5903));
#1673=EDGE_LOOP('',(#5904));
#1674=EDGE_LOOP('',(#5905));
#1675=EDGE_LOOP('',(#5906,#5907,#5908,#5909));
#1676=EDGE_LOOP('',(#5910));
#1677=EDGE_LOOP('',(#5911));
#1678=EDGE_LOOP('',(#5912,#5913,#5914,#5915));
#1679=EDGE_LOOP('',(#5916,#5917,#5918,#5919));
#1680=EDGE_LOOP('',(#5920));
#1681=EDGE_LOOP('',(#5921));
#1682=EDGE_LOOP('',(#5922,#5923,#5924,#5925));
#1683=EDGE_LOOP('',(#5926));
#1684=EDGE_LOOP('',(#5927));
#1685=EDGE_LOOP('',(#5928,#5929,#5930,#5931));
#1686=EDGE_LOOP('',(#5932,#5933,#5934,#5935));
#1687=EDGE_LOOP('',(#5936));
#1688=EDGE_LOOP('',(#5937));
#1689=EDGE_LOOP('',(#5938,#5939,#5940,#5941));
#1690=EDGE_LOOP('',(#5942));
#1691=EDGE_LOOP('',(#5943));
#1692=EDGE_LOOP('',(#5944,#5945,#5946,#5947));
#1693=EDGE_LOOP('',(#5948,#5949,#5950,#5951));
#1694=EDGE_LOOP('',(#5952));
#1695=EDGE_LOOP('',(#5953));
#1696=EDGE_LOOP('',(#5954,#5955,#5956,#5957));
#1697=EDGE_LOOP('',(#5958));
#1698=EDGE_LOOP('',(#5959));
#1699=EDGE_LOOP('',(#5960,#5961,#5962,#5963));
#1700=EDGE_LOOP('',(#5964,#5965,#5966,#5967));
#1701=EDGE_LOOP('',(#5968));
#1702=EDGE_LOOP('',(#5969));
#1703=EDGE_LOOP('',(#5970,#5971,#5972,#5973));
#1704=EDGE_LOOP('',(#5974));
#1705=EDGE_LOOP('',(#5975));
#1706=EDGE_LOOP('',(#5976,#5977,#5978,#5979));
#1707=EDGE_LOOP('',(#5980,#5981,#5982,#5983));
#1708=EDGE_LOOP('',(#5984));
#1709=EDGE_LOOP('',(#5985));
#1710=EDGE_LOOP('',(#5986,#5987,#5988,#5989));
#1711=EDGE_LOOP('',(#5990));
#1712=EDGE_LOOP('',(#5991));
#1713=EDGE_LOOP('',(#5992,#5993,#5994,#5995));
#1714=EDGE_LOOP('',(#5996,#5997,#5998,#5999));
#1715=EDGE_LOOP('',(#6000));
#1716=EDGE_LOOP('',(#6001));
#1717=EDGE_LOOP('',(#6002,#6003,#6004,#6005));
#1718=EDGE_LOOP('',(#6006));
#1719=EDGE_LOOP('',(#6007));
#1720=EDGE_LOOP('',(#6008,#6009,#6010,#6011));
#1721=EDGE_LOOP('',(#6012,#6013,#6014,#6015));
#1722=EDGE_LOOP('',(#6016));
#1723=EDGE_LOOP('',(#6017));
#1724=EDGE_LOOP('',(#6018,#6019,#6020,#6021));
#1725=EDGE_LOOP('',(#6022));
#1726=EDGE_LOOP('',(#6023));
#1727=EDGE_LOOP('',(#6024,#6025,#6026,#6027));
#1728=EDGE_LOOP('',(#6028,#6029,#6030,#6031));
#1729=EDGE_LOOP('',(#6032));
#1730=EDGE_LOOP('',(#6033));
#1731=EDGE_LOOP('',(#6034,#6035,#6036,#6037));
#1732=EDGE_LOOP('',(#6038));
#1733=EDGE_LOOP('',(#6039));
#1734=EDGE_LOOP('',(#6040,#6041,#6042,#6043));
#1735=EDGE_LOOP('',(#6044,#6045,#6046,#6047));
#1736=EDGE_LOOP('',(#6048));
#1737=EDGE_LOOP('',(#6049));
#1738=EDGE_LOOP('',(#6050,#6051,#6052,#6053));
#1739=EDGE_LOOP('',(#6054));
#1740=EDGE_LOOP('',(#6055));
#1741=EDGE_LOOP('',(#6056,#6057,#6058,#6059));
#1742=EDGE_LOOP('',(#6060,#6061,#6062,#6063));
#1743=EDGE_LOOP('',(#6064));
#1744=EDGE_LOOP('',(#6065));
#1745=EDGE_LOOP('',(#6066,#6067,#6068,#6069));
#1746=EDGE_LOOP('',(#6070));
#1747=EDGE_LOOP('',(#6071));
#1748=EDGE_LOOP('',(#6072,#6073,#6074,#6075));
#1749=EDGE_LOOP('',(#6076,#6077,#6078,#6079));
#1750=EDGE_LOOP('',(#6080));
#1751=EDGE_LOOP('',(#6081));
#1752=EDGE_LOOP('',(#6082,#6083,#6084,#6085));
#1753=EDGE_LOOP('',(#6086));
#1754=EDGE_LOOP('',(#6087));
#1755=EDGE_LOOP('',(#6088,#6089,#6090,#6091));
#1756=EDGE_LOOP('',(#6092,#6093,#6094,#6095));
#1757=EDGE_LOOP('',(#6096));
#1758=EDGE_LOOP('',(#6097));
#1759=EDGE_LOOP('',(#6098,#6099,#6100,#6101));
#1760=EDGE_LOOP('',(#6102));
#1761=EDGE_LOOP('',(#6103));
#1762=EDGE_LOOP('',(#6104,#6105,#6106,#6107));
#1763=EDGE_LOOP('',(#6108,#6109,#6110,#6111));
#1764=EDGE_LOOP('',(#6112));
#1765=EDGE_LOOP('',(#6113));
#1766=EDGE_LOOP('',(#6114,#6115,#6116,#6117));
#1767=EDGE_LOOP('',(#6118));
#1768=EDGE_LOOP('',(#6119));
#1769=EDGE_LOOP('',(#6120,#6121,#6122,#6123));
#1770=EDGE_LOOP('',(#6124,#6125,#6126,#6127));
#1771=EDGE_LOOP('',(#6128));
#1772=EDGE_LOOP('',(#6129));
#1773=EDGE_LOOP('',(#6130,#6131,#6132,#6133));
#1774=EDGE_LOOP('',(#6134));
#1775=EDGE_LOOP('',(#6135));
#1776=EDGE_LOOP('',(#6136,#6137,#6138,#6139));
#1777=EDGE_LOOP('',(#6140,#6141,#6142,#6143));
#1778=EDGE_LOOP('',(#6144));
#1779=EDGE_LOOP('',(#6145));
#1780=EDGE_LOOP('',(#6146,#6147,#6148,#6149));
#1781=EDGE_LOOP('',(#6150));
#1782=EDGE_LOOP('',(#6151));
#1783=EDGE_LOOP('',(#6152,#6153,#6154,#6155));
#1784=EDGE_LOOP('',(#6156,#6157,#6158,#6159));
#1785=EDGE_LOOP('',(#6160));
#1786=EDGE_LOOP('',(#6161));
#1787=EDGE_LOOP('',(#6162,#6163,#6164,#6165));
#1788=EDGE_LOOP('',(#6166));
#1789=EDGE_LOOP('',(#6167));
#1790=EDGE_LOOP('',(#6168,#6169,#6170,#6171));
#1791=EDGE_LOOP('',(#6172,#6173,#6174,#6175));
#1792=EDGE_LOOP('',(#6176));
#1793=EDGE_LOOP('',(#6177));
#1794=EDGE_LOOP('',(#6178,#6179,#6180,#6181));
#1795=EDGE_LOOP('',(#6182));
#1796=EDGE_LOOP('',(#6183));
#1797=EDGE_LOOP('',(#6184,#6185,#6186,#6187));
#1798=EDGE_LOOP('',(#6188,#6189,#6190,#6191));
#1799=EDGE_LOOP('',(#6192));
#1800=EDGE_LOOP('',(#6193));
#1801=EDGE_LOOP('',(#6194,#6195,#6196,#6197));
#1802=EDGE_LOOP('',(#6198));
#1803=EDGE_LOOP('',(#6199));
#1804=EDGE_LOOP('',(#6200,#6201,#6202,#6203));
#1805=EDGE_LOOP('',(#6204,#6205,#6206,#6207));
#1806=EDGE_LOOP('',(#6208));
#1807=EDGE_LOOP('',(#6209));
#1808=EDGE_LOOP('',(#6210,#6211,#6212,#6213));
#1809=EDGE_LOOP('',(#6214));
#1810=EDGE_LOOP('',(#6215));
#1811=EDGE_LOOP('',(#6216,#6217,#6218,#6219));
#1812=EDGE_LOOP('',(#6220,#6221,#6222,#6223));
#1813=EDGE_LOOP('',(#6224));
#1814=EDGE_LOOP('',(#6225));
#1815=EDGE_LOOP('',(#6226,#6227,#6228,#6229));
#1816=EDGE_LOOP('',(#6230));
#1817=EDGE_LOOP('',(#6231));
#1818=EDGE_LOOP('',(#6232,#6233,#6234,#6235));
#1819=EDGE_LOOP('',(#6236,#6237,#6238,#6239));
#1820=EDGE_LOOP('',(#6240));
#1821=EDGE_LOOP('',(#6241));
#1822=EDGE_LOOP('',(#6242,#6243,#6244,#6245));
#1823=EDGE_LOOP('',(#6246));
#1824=EDGE_LOOP('',(#6247));
#1825=EDGE_LOOP('',(#6248,#6249,#6250,#6251));
#1826=EDGE_LOOP('',(#6252,#6253,#6254,#6255));
#1827=EDGE_LOOP('',(#6256));
#1828=EDGE_LOOP('',(#6257));
#1829=EDGE_LOOP('',(#6258,#6259,#6260,#6261));
#1830=EDGE_LOOP('',(#6262));
#1831=EDGE_LOOP('',(#6263));
#1832=EDGE_LOOP('',(#6264,#6265,#6266,#6267));
#1833=EDGE_LOOP('',(#6268,#6269,#6270,#6271));
#1834=EDGE_LOOP('',(#6272));
#1835=EDGE_LOOP('',(#6273));
#1836=EDGE_LOOP('',(#6274,#6275,#6276,#6277));
#1837=EDGE_LOOP('',(#6278));
#1838=EDGE_LOOP('',(#6279));
#1839=EDGE_LOOP('',(#6280,#6281,#6282,#6283));
#1840=EDGE_LOOP('',(#6284,#6285,#6286,#6287));
#1841=EDGE_LOOP('',(#6288));
#1842=EDGE_LOOP('',(#6289));
#1843=EDGE_LOOP('',(#6290,#6291,#6292,#6293));
#1844=EDGE_LOOP('',(#6294));
#1845=EDGE_LOOP('',(#6295));
#1846=EDGE_LOOP('',(#6296,#6297,#6298,#6299));
#1847=EDGE_LOOP('',(#6300,#6301,#6302,#6303));
#1848=EDGE_LOOP('',(#6304));
#1849=EDGE_LOOP('',(#6305));
#1850=EDGE_LOOP('',(#6306,#6307,#6308,#6309));
#1851=EDGE_LOOP('',(#6310));
#1852=EDGE_LOOP('',(#6311));
#1853=EDGE_LOOP('',(#6312,#6313,#6314,#6315));
#1854=EDGE_LOOP('',(#6316,#6317,#6318,#6319));
#1855=EDGE_LOOP('',(#6320));
#1856=EDGE_LOOP('',(#6321));
#1857=EDGE_LOOP('',(#6322,#6323,#6324,#6325));
#1858=EDGE_LOOP('',(#6326));
#1859=EDGE_LOOP('',(#6327));
#1860=EDGE_LOOP('',(#6328,#6329,#6330,#6331));
#1861=EDGE_LOOP('',(#6332,#6333,#6334,#6335));
#1862=EDGE_LOOP('',(#6336));
#1863=EDGE_LOOP('',(#6337));
#1864=EDGE_LOOP('',(#6338,#6339,#6340,#6341));
#1865=EDGE_LOOP('',(#6342));
#1866=EDGE_LOOP('',(#6343));
#1867=EDGE_LOOP('',(#6344,#6345,#6346,#6347));
#1868=EDGE_LOOP('',(#6348,#6349,#6350,#6351));
#1869=EDGE_LOOP('',(#6352));
#1870=EDGE_LOOP('',(#6353));
#1871=EDGE_LOOP('',(#6354,#6355,#6356,#6357));
#1872=EDGE_LOOP('',(#6358));
#1873=EDGE_LOOP('',(#6359));
#1874=EDGE_LOOP('',(#6360,#6361,#6362,#6363));
#1875=EDGE_LOOP('',(#6364,#6365,#6366,#6367));
#1876=EDGE_LOOP('',(#6368));
#1877=EDGE_LOOP('',(#6369));
#1878=EDGE_LOOP('',(#6370,#6371,#6372,#6373));
#1879=EDGE_LOOP('',(#6374));
#1880=EDGE_LOOP('',(#6375));
#1881=EDGE_LOOP('',(#6376,#6377,#6378,#6379));
#1882=EDGE_LOOP('',(#6380,#6381,#6382,#6383));
#1883=EDGE_LOOP('',(#6384));
#1884=EDGE_LOOP('',(#6385));
#1885=EDGE_LOOP('',(#6386,#6387,#6388,#6389));
#1886=EDGE_LOOP('',(#6390));
#1887=EDGE_LOOP('',(#6391));
#1888=EDGE_LOOP('',(#6392,#6393,#6394,#6395));
#1889=EDGE_LOOP('',(#6396,#6397,#6398,#6399));
#1890=EDGE_LOOP('',(#6400));
#1891=EDGE_LOOP('',(#6401));
#1892=EDGE_LOOP('',(#6402,#6403,#6404,#6405));
#1893=EDGE_LOOP('',(#6406));
#1894=EDGE_LOOP('',(#6407));
#1895=EDGE_LOOP('',(#6408,#6409,#6410,#6411));
#1896=EDGE_LOOP('',(#6412,#6413,#6414,#6415));
#1897=EDGE_LOOP('',(#6416));
#1898=EDGE_LOOP('',(#6417));
#1899=EDGE_LOOP('',(#6418,#6419,#6420,#6421));
#1900=EDGE_LOOP('',(#6422,#6423,#6424,#6425));
#1901=EDGE_LOOP('',(#6426));
#1902=EDGE_LOOP('',(#6427));
#1903=EDGE_LOOP('',(#6428,#6429,#6430,#6431));
#1904=EDGE_LOOP('',(#6432,#6433,#6434,#6435));
#1905=EDGE_LOOP('',(#6436));
#1906=EDGE_LOOP('',(#6437));
#1907=EDGE_LOOP('',(#6438,#6439,#6440,#6441));
#1908=EDGE_LOOP('',(#6442,#6443,#6444,#6445));
#1909=EDGE_LOOP('',(#6446));
#1910=EDGE_LOOP('',(#6447));
#1911=EDGE_LOOP('',(#6448,#6449,#6450,#6451));
#1912=EDGE_LOOP('',(#6452,#6453,#6454,#6455));
#1913=EDGE_LOOP('',(#6456));
#1914=EDGE_LOOP('',(#6457));
#1915=EDGE_LOOP('',(#6458,#6459,#6460,#6461));
#1916=EDGE_LOOP('',(#6462,#6463,#6464,#6465));
#1917=EDGE_LOOP('',(#6466,#6467,#6468,#6469));
#1918=EDGE_LOOP('',(#6470,#6471,#6472,#6473));
#1919=EDGE_LOOP('',(#6474,#6475,#6476,#6477));
#1920=EDGE_LOOP('',(#6478,#6479,#6480,#6481));
#1921=EDGE_LOOP('',(#6482,#6483,#6484,#6485));
#1922=EDGE_LOOP('',(#6486,#6487,#6488,#6489));
#1923=EDGE_LOOP('',(#6490,#6491,#6492,#6493));
#1924=EDGE_LOOP('',(#6494,#6495,#6496,#6497));
#1925=EDGE_LOOP('',(#6498,#6499,#6500,#6501));
#1926=EDGE_LOOP('',(#6502));
#1927=EDGE_LOOP('',(#6503));
#1928=EDGE_LOOP('',(#6504));
#1929=EDGE_LOOP('',(#6505));
#1930=EDGE_LOOP('',(#6506));
#1931=EDGE_LOOP('',(#6507));
#1932=EDGE_LOOP('',(#6508));
#1933=EDGE_LOOP('',(#6509));
#1934=EDGE_LOOP('',(#6510));
#1935=EDGE_LOOP('',(#6511));
#1936=EDGE_LOOP('',(#6512));
#1937=EDGE_LOOP('',(#6513));
#1938=EDGE_LOOP('',(#6514));
#1939=EDGE_LOOP('',(#6515));
#1940=EDGE_LOOP('',(#6516));
#1941=EDGE_LOOP('',(#6517));
#1942=EDGE_LOOP('',(#6518));
#1943=EDGE_LOOP('',(#6519));
#1944=EDGE_LOOP('',(#6520));
#1945=EDGE_LOOP('',(#6521));
#1946=EDGE_LOOP('',(#6522));
#1947=EDGE_LOOP('',(#6523));
#1948=EDGE_LOOP('',(#6524));
#1949=EDGE_LOOP('',(#6525));
#1950=EDGE_LOOP('',(#6526));
#1951=EDGE_LOOP('',(#6527));
#1952=EDGE_LOOP('',(#6528));
#1953=EDGE_LOOP('',(#6529));
#1954=EDGE_LOOP('',(#6530));
#1955=EDGE_LOOP('',(#6531));
#1956=EDGE_LOOP('',(#6532));
#1957=EDGE_LOOP('',(#6533));
#1958=EDGE_LOOP('',(#6534));
#1959=EDGE_LOOP('',(#6535));
#1960=EDGE_LOOP('',(#6536));
#1961=EDGE_LOOP('',(#6537));
#1962=EDGE_LOOP('',(#6538));
#1963=EDGE_LOOP('',(#6539));
#1964=EDGE_LOOP('',(#6540));
#1965=EDGE_LOOP('',(#6541));
#1966=EDGE_LOOP('',(#6542));
#1967=EDGE_LOOP('',(#6543));
#1968=EDGE_LOOP('',(#6544));
#1969=EDGE_LOOP('',(#6545));
#1970=EDGE_LOOP('',(#6546));
#1971=EDGE_LOOP('',(#6547));
#1972=EDGE_LOOP('',(#6548));
#1973=EDGE_LOOP('',(#6549));
#1974=EDGE_LOOP('',(#6550));
#1975=EDGE_LOOP('',(#6551));
#1976=EDGE_LOOP('',(#6552));
#1977=EDGE_LOOP('',(#6553));
#1978=EDGE_LOOP('',(#6554));
#1979=EDGE_LOOP('',(#6555));
#1980=EDGE_LOOP('',(#6556));
#1981=EDGE_LOOP('',(#6557));
#1982=EDGE_LOOP('',(#6558));
#1983=EDGE_LOOP('',(#6559));
#1984=EDGE_LOOP('',(#6560));
#1985=EDGE_LOOP('',(#6561));
#1986=EDGE_LOOP('',(#6562));
#1987=EDGE_LOOP('',(#6563));
#1988=EDGE_LOOP('',(#6564));
#1989=EDGE_LOOP('',(#6565));
#1990=EDGE_LOOP('',(#6566));
#1991=EDGE_LOOP('',(#6567));
#1992=EDGE_LOOP('',(#6568));
#1993=EDGE_LOOP('',(#6569));
#1994=EDGE_LOOP('',(#6570));
#1995=EDGE_LOOP('',(#6571));
#1996=EDGE_LOOP('',(#6572));
#1997=EDGE_LOOP('',(#6573));
#1998=EDGE_LOOP('',(#6574));
#1999=EDGE_LOOP('',(#6575));
#2000=EDGE_LOOP('',(#6576));
#2001=EDGE_LOOP('',(#6577));
#2002=EDGE_LOOP('',(#6578));
#2003=EDGE_LOOP('',(#6579));
#2004=EDGE_LOOP('',(#6580));
#2005=EDGE_LOOP('',(#6581));
#2006=EDGE_LOOP('',(#6582));
#2007=EDGE_LOOP('',(#6583));
#2008=EDGE_LOOP('',(#6584));
#2009=EDGE_LOOP('',(#6585));
#2010=EDGE_LOOP('',(#6586));
#2011=EDGE_LOOP('',(#6587));
#2012=EDGE_LOOP('',(#6588));
#2013=EDGE_LOOP('',(#6589));
#2014=EDGE_LOOP('',(#6590));
#2015=EDGE_LOOP('',(#6591));
#2016=EDGE_LOOP('',(#6592));
#2017=EDGE_LOOP('',(#6593));
#2018=EDGE_LOOP('',(#6594));
#2019=EDGE_LOOP('',(#6595));
#2020=EDGE_LOOP('',(#6596));
#2021=EDGE_LOOP('',(#6597));
#2022=EDGE_LOOP('',(#6598));
#2023=EDGE_LOOP('',(#6599));
#2024=EDGE_LOOP('',(#6600));
#2025=EDGE_LOOP('',(#6601));
#2026=LINE('',#11034,#2346);
#2027=LINE('',#11042,#2347);
#2028=LINE('',#11047,#2348);
#2029=LINE('',#11053,#2349);
#2030=LINE('',#11055,#2350);
#2031=LINE('',#11057,#2351);
#2032=LINE('',#11058,#2352);
#2033=LINE('',#11261,#2353);
#2034=LINE('',#11269,#2354);
#2035=LINE('',#11273,#2355);
#2036=LINE('',#11279,#2356);
#2037=LINE('',#11287,#2357);
#2038=LINE('',#11291,#2358);
#2039=LINE('',#11297,#2359);
#2040=LINE('',#11305,#2360);
#2041=LINE('',#11309,#2361);
#2042=LINE('',#11315,#2362);
#2043=LINE('',#11323,#2363);
#2044=LINE('',#11327,#2364);
#2045=LINE('',#11333,#2365);
#2046=LINE('',#11341,#2366);
#2047=LINE('',#11345,#2367);
#2048=LINE('',#11351,#2368);
#2049=LINE('',#11359,#2369);
#2050=LINE('',#11363,#2370);
#2051=LINE('',#11369,#2371);
#2052=LINE('',#11377,#2372);
#2053=LINE('',#11381,#2373);
#2054=LINE('',#11387,#2374);
#2055=LINE('',#11395,#2375);
#2056=LINE('',#11399,#2376);
#2057=LINE('',#11405,#2377);
#2058=LINE('',#11413,#2378);
#2059=LINE('',#11417,#2379);
#2060=LINE('',#11423,#2380);
#2061=LINE('',#11431,#2381);
#2062=LINE('',#11435,#2382);
#2063=LINE('',#11441,#2383);
#2064=LINE('',#11449,#2384);
#2065=LINE('',#11453,#2385);
#2066=LINE('',#11459,#2386);
#2067=LINE('',#11467,#2387);
#2068=LINE('',#11471,#2388);
#2069=LINE('',#11477,#2389);
#2070=LINE('',#11485,#2390);
#2071=LINE('',#11489,#2391);
#2072=LINE('',#11495,#2392);
#2073=LINE('',#11503,#2393);
#2074=LINE('',#11507,#2394);
#2075=LINE('',#11513,#2395);
#2076=LINE('',#11521,#2396);
#2077=LINE('',#11525,#2397);
#2078=LINE('',#11531,#2398);
#2079=LINE('',#11539,#2399);
#2080=LINE('',#11543,#2400);
#2081=LINE('',#11549,#2401);
#2082=LINE('',#11557,#2402);
#2083=LINE('',#11561,#2403);
#2084=LINE('',#11567,#2404);
#2085=LINE('',#11575,#2405);
#2086=LINE('',#11579,#2406);
#2087=LINE('',#11585,#2407);
#2088=LINE('',#11593,#2408);
#2089=LINE('',#11597,#2409);
#2090=LINE('',#11603,#2410);
#2091=LINE('',#11611,#2411);
#2092=LINE('',#11615,#2412);
#2093=LINE('',#11621,#2413);
#2094=LINE('',#11629,#2414);
#2095=LINE('',#11633,#2415);
#2096=LINE('',#11639,#2416);
#2097=LINE('',#11647,#2417);
#2098=LINE('',#11651,#2418);
#2099=LINE('',#11657,#2419);
#2100=LINE('',#11665,#2420);
#2101=LINE('',#11669,#2421);
#2102=LINE('',#11675,#2422);
#2103=LINE('',#11683,#2423);
#2104=LINE('',#11687,#2424);
#2105=LINE('',#11693,#2425);
#2106=LINE('',#11701,#2426);
#2107=LINE('',#11705,#2427);
#2108=LINE('',#11711,#2428);
#2109=LINE('',#11719,#2429);
#2110=LINE('',#11723,#2430);
#2111=LINE('',#11729,#2431);
#2112=LINE('',#11737,#2432);
#2113=LINE('',#11741,#2433);
#2114=LINE('',#11747,#2434);
#2115=LINE('',#11755,#2435);
#2116=LINE('',#11759,#2436);
#2117=LINE('',#11765,#2437);
#2118=LINE('',#11773,#2438);
#2119=LINE('',#11777,#2439);
#2120=LINE('',#11783,#2440);
#2121=LINE('',#11791,#2441);
#2122=LINE('',#11795,#2442);
#2123=LINE('',#11801,#2443);
#2124=LINE('',#11809,#2444);
#2125=LINE('',#11813,#2445);
#2126=LINE('',#11819,#2446);
#2127=LINE('',#11827,#2447);
#2128=LINE('',#11831,#2448);
#2129=LINE('',#11837,#2449);
#2130=LINE('',#11845,#2450);
#2131=LINE('',#11849,#2451);
#2132=LINE('',#11855,#2452);
#2133=LINE('',#11863,#2453);
#2134=LINE('',#11867,#2454);
#2135=LINE('',#11873,#2455);
#2136=LINE('',#11881,#2456);
#2137=LINE('',#11885,#2457);
#2138=LINE('',#11891,#2458);
#2139=LINE('',#11899,#2459);
#2140=LINE('',#11903,#2460);
#2141=LINE('',#11909,#2461);
#2142=LINE('',#11917,#2462);
#2143=LINE('',#11921,#2463);
#2144=LINE('',#11927,#2464);
#2145=LINE('',#11935,#2465);
#2146=LINE('',#11939,#2466);
#2147=LINE('',#11945,#2467);
#2148=LINE('',#11953,#2468);
#2149=LINE('',#11957,#2469);
#2150=LINE('',#11963,#2470);
#2151=LINE('',#11971,#2471);
#2152=LINE('',#11975,#2472);
#2153=LINE('',#11981,#2473);
#2154=LINE('',#11989,#2474);
#2155=LINE('',#11993,#2475);
#2156=LINE('',#11999,#2476);
#2157=LINE('',#12007,#2477);
#2158=LINE('',#12011,#2478);
#2159=LINE('',#12017,#2479);
#2160=LINE('',#12025,#2480);
#2161=LINE('',#12029,#2481);
#2162=LINE('',#12035,#2482);
#2163=LINE('',#12043,#2483);
#2164=LINE('',#12047,#2484);
#2165=LINE('',#12053,#2485);
#2166=LINE('',#12061,#2486);
#2167=LINE('',#12065,#2487);
#2168=LINE('',#12071,#2488);
#2169=LINE('',#12079,#2489);
#2170=LINE('',#12083,#2490);
#2171=LINE('',#12089,#2491);
#2172=LINE('',#12097,#2492);
#2173=LINE('',#12101,#2493);
#2174=LINE('',#12107,#2494);
#2175=LINE('',#12115,#2495);
#2176=LINE('',#12119,#2496);
#2177=LINE('',#12125,#2497);
#2178=LINE('',#12133,#2498);
#2179=LINE('',#12137,#2499);
#2180=LINE('',#12143,#2500);
#2181=LINE('',#12151,#2501);
#2182=LINE('',#12155,#2502);
#2183=LINE('',#12161,#2503);
#2184=LINE('',#12169,#2504);
#2185=LINE('',#12173,#2505);
#2186=LINE('',#12179,#2506);
#2187=LINE('',#12187,#2507);
#2188=LINE('',#12191,#2508);
#2189=LINE('',#12197,#2509);
#2190=LINE('',#12205,#2510);
#2191=LINE('',#12209,#2511);
#2192=LINE('',#12215,#2512);
#2193=LINE('',#12223,#2513);
#2194=LINE('',#12227,#2514);
#2195=LINE('',#12233,#2515);
#2196=LINE('',#12241,#2516);
#2197=LINE('',#12245,#2517);
#2198=LINE('',#12251,#2518);
#2199=LINE('',#12259,#2519);
#2200=LINE('',#12263,#2520);
#2201=LINE('',#12269,#2521);
#2202=LINE('',#12277,#2522);
#2203=LINE('',#12281,#2523);
#2204=LINE('',#12287,#2524);
#2205=LINE('',#12295,#2525);
#2206=LINE('',#12299,#2526);
#2207=LINE('',#12305,#2527);
#2208=LINE('',#12313,#2528);
#2209=LINE('',#12317,#2529);
#2210=LINE('',#12323,#2530);
#2211=LINE('',#12331,#2531);
#2212=LINE('',#12335,#2532);
#2213=LINE('',#12341,#2533);
#2214=LINE('',#12349,#2534);
#2215=LINE('',#12353,#2535);
#2216=LINE('',#12359,#2536);
#2217=LINE('',#12367,#2537);
#2218=LINE('',#12371,#2538);
#2219=LINE('',#12377,#2539);
#2220=LINE('',#12385,#2540);
#2221=LINE('',#12389,#2541);
#2222=LINE('',#12395,#2542);
#2223=LINE('',#12403,#2543);
#2224=LINE('',#12407,#2544);
#2225=LINE('',#12413,#2545);
#2226=LINE('',#12421,#2546);
#2227=LINE('',#12425,#2547);
#2228=LINE('',#12431,#2548);
#2229=LINE('',#12439,#2549);
#2230=LINE('',#12443,#2550);
#2231=LINE('',#12449,#2551);
#2232=LINE('',#12457,#2552);
#2233=LINE('',#12461,#2553);
#2234=LINE('',#12467,#2554);
#2235=LINE('',#12475,#2555);
#2236=LINE('',#12479,#2556);
#2237=LINE('',#12485,#2557);
#2238=LINE('',#12493,#2558);
#2239=LINE('',#12497,#2559);
#2240=LINE('',#12503,#2560);
#2241=LINE('',#12511,#2561);
#2242=LINE('',#12515,#2562);
#2243=LINE('',#12521,#2563);
#2244=LINE('',#12529,#2564);
#2245=LINE('',#12533,#2565);
#2246=LINE('',#12539,#2566);
#2247=LINE('',#12547,#2567);
#2248=LINE('',#12551,#2568);
#2249=LINE('',#12557,#2569);
#2250=LINE('',#12565,#2570);
#2251=LINE('',#12569,#2571);
#2252=LINE('',#12575,#2572);
#2253=LINE('',#12583,#2573);
#2254=LINE('',#12587,#2574);
#2255=LINE('',#12593,#2575);
#2256=LINE('',#12601,#2576);
#2257=LINE('',#12605,#2577);
#2258=LINE('',#12611,#2578);
#2259=LINE('',#12619,#2579);
#2260=LINE('',#12623,#2580);
#2261=LINE('',#12629,#2581);
#2262=LINE('',#12637,#2582);
#2263=LINE('',#12641,#2583);
#2264=LINE('',#12647,#2584);
#2265=LINE('',#12655,#2585);
#2266=LINE('',#12659,#2586);
#2267=LINE('',#12665,#2587);
#2268=LINE('',#12673,#2588);
#2269=LINE('',#12677,#2589);
#2270=LINE('',#12683,#2590);
#2271=LINE('',#12691,#2591);
#2272=LINE('',#12695,#2592);
#2273=LINE('',#12701,#2593);
#2274=LINE('',#12709,#2594);
#2275=LINE('',#12713,#2595);
#2276=LINE('',#12719,#2596);
#2277=LINE('',#12727,#2597);
#2278=LINE('',#12731,#2598);
#2279=LINE('',#12737,#2599);
#2280=LINE('',#12745,#2600);
#2281=LINE('',#12749,#2601);
#2282=LINE('',#12755,#2602);
#2283=LINE('',#12763,#2603);
#2284=LINE('',#12767,#2604);
#2285=LINE('',#12773,#2605);
#2286=LINE('',#12781,#2606);
#2287=LINE('',#12785,#2607);
#2288=LINE('',#12791,#2608);
#2289=LINE('',#12799,#2609);
#2290=LINE('',#12803,#2610);
#2291=LINE('',#12809,#2611);
#2292=LINE('',#12817,#2612);
#2293=LINE('',#12821,#2613);
#2294=LINE('',#12827,#2614);
#2295=LINE('',#12835,#2615);
#2296=LINE('',#12839,#2616);
#2297=LINE('',#12845,#2617);
#2298=LINE('',#12853,#2618);
#2299=LINE('',#12857,#2619);
#2300=LINE('',#12863,#2620);
#2301=LINE('',#12871,#2621);
#2302=LINE('',#12875,#2622);
#2303=LINE('',#12881,#2623);
#2304=LINE('',#12889,#2624);
#2305=LINE('',#12893,#2625);
#2306=LINE('',#12899,#2626);
#2307=LINE('',#12907,#2627);
#2308=LINE('',#12911,#2628);
#2309=LINE('',#12917,#2629);
#2310=LINE('',#12925,#2630);
#2311=LINE('',#12929,#2631);
#2312=LINE('',#12935,#2632);
#2313=LINE('',#12943,#2633);
#2314=LINE('',#12947,#2634);
#2315=LINE('',#12953,#2635);
#2316=LINE('',#12961,#2636);
#2317=LINE('',#12965,#2637);
#2318=LINE('',#12971,#2638);
#2319=LINE('',#12975,#2639);
#2320=LINE('',#12982,#2640);
#2321=LINE('',#12986,#2641);
#2322=LINE('',#12993,#2642);
#2323=LINE('',#12997,#2643);
#2324=LINE('',#13004,#2644);
#2325=LINE('',#13008,#2645);
#2326=LINE('',#13014,#2646);
#2327=LINE('',#13015,#2647);
#2328=LINE('',#13016,#2648);
#2329=LINE('',#13019,#2649);
#2330=LINE('',#13020,#2650);
#2331=LINE('',#13023,#2651);
#2332=LINE('',#13024,#2652);
#2333=LINE('',#13026,#2653);
#2334=LINE('',#13030,#2654);
#2335=LINE('',#13032,#2655);
#2336=LINE('',#13034,#2656);
#2337=LINE('',#13035,#2657);
#2338=LINE('',#13038,#2658);
#2339=LINE('',#13040,#2659);
#2340=LINE('',#13041,#2660);
#2341=LINE('',#13044,#2661);
#2342=LINE('',#13046,#2662);
#2343=LINE('',#13047,#2663);
#2344=LINE('',#13049,#2664);
#2345=LINE('',#13050,#2665);
#2346=VECTOR('',#8520,3.948);
#2347=VECTOR('',#8531,2.526);
#2348=VECTOR('',#8536,3.3);
#2349=VECTOR('',#8543,10.);
#2350=VECTOR('',#8544,10.);
#2351=VECTOR('',#8545,10.);
#2352=VECTOR('',#8546,10.);
#2353=VECTOR('',#8749,3.948);
#2354=VECTOR('',#8760,2.526);
#2355=VECTOR('',#8765,3.3);
#2356=VECTOR('',#8772,3.948);
#2357=VECTOR('',#8783,2.526);
#2358=VECTOR('',#8788,3.3);
#2359=VECTOR('',#8795,3.948);
#2360=VECTOR('',#8806,2.526);
#2361=VECTOR('',#8811,3.3);
#2362=VECTOR('',#8818,3.948);
#2363=VECTOR('',#8829,2.526);
#2364=VECTOR('',#8834,3.3);
#2365=VECTOR('',#8841,3.948);
#2366=VECTOR('',#8852,2.526);
#2367=VECTOR('',#8857,3.3);
#2368=VECTOR('',#8864,3.948);
#2369=VECTOR('',#8875,2.526);
#2370=VECTOR('',#8880,3.3);
#2371=VECTOR('',#8887,3.948);
#2372=VECTOR('',#8898,2.526);
#2373=VECTOR('',#8903,3.3);
#2374=VECTOR('',#8910,3.948);
#2375=VECTOR('',#8921,2.526);
#2376=VECTOR('',#8926,3.3);
#2377=VECTOR('',#8933,3.948);
#2378=VECTOR('',#8944,2.526);
#2379=VECTOR('',#8949,3.3);
#2380=VECTOR('',#8956,3.948);
#2381=VECTOR('',#8967,2.526);
#2382=VECTOR('',#8972,3.3);
#2383=VECTOR('',#8979,3.948);
#2384=VECTOR('',#8990,2.526);
#2385=VECTOR('',#8995,3.3);
#2386=VECTOR('',#9002,3.948);
#2387=VECTOR('',#9013,2.526);
#2388=VECTOR('',#9018,3.3);
#2389=VECTOR('',#9025,3.948);
#2390=VECTOR('',#9036,2.526);
#2391=VECTOR('',#9041,3.3);
#2392=VECTOR('',#9048,3.948);
#2393=VECTOR('',#9059,2.526);
#2394=VECTOR('',#9064,3.3);
#2395=VECTOR('',#9071,3.948);
#2396=VECTOR('',#9082,2.526);
#2397=VECTOR('',#9087,3.3);
#2398=VECTOR('',#9094,3.948);
#2399=VECTOR('',#9105,2.526);
#2400=VECTOR('',#9110,3.3);
#2401=VECTOR('',#9117,3.948);
#2402=VECTOR('',#9128,2.526);
#2403=VECTOR('',#9133,3.3);
#2404=VECTOR('',#9140,3.948);
#2405=VECTOR('',#9151,2.526);
#2406=VECTOR('',#9156,3.3);
#2407=VECTOR('',#9163,3.948);
#2408=VECTOR('',#9174,2.526);
#2409=VECTOR('',#9179,3.3);
#2410=VECTOR('',#9186,3.948);
#2411=VECTOR('',#9197,2.526);
#2412=VECTOR('',#9202,3.3);
#2413=VECTOR('',#9209,3.948);
#2414=VECTOR('',#9220,2.526);
#2415=VECTOR('',#9225,3.3);
#2416=VECTOR('',#9232,3.948);
#2417=VECTOR('',#9243,2.526);
#2418=VECTOR('',#9248,3.3);
#2419=VECTOR('',#9255,3.948);
#2420=VECTOR('',#9266,2.526);
#2421=VECTOR('',#9271,3.3);
#2422=VECTOR('',#9278,3.948);
#2423=VECTOR('',#9289,2.526);
#2424=VECTOR('',#9294,3.3);
#2425=VECTOR('',#9301,3.948);
#2426=VECTOR('',#9312,2.526);
#2427=VECTOR('',#9317,3.3);
#2428=VECTOR('',#9324,3.948);
#2429=VECTOR('',#9335,2.526);
#2430=VECTOR('',#9340,3.3);
#2431=VECTOR('',#9347,3.948);
#2432=VECTOR('',#9358,2.526);
#2433=VECTOR('',#9363,3.3);
#2434=VECTOR('',#9370,3.948);
#2435=VECTOR('',#9381,2.526);
#2436=VECTOR('',#9386,3.3);
#2437=VECTOR('',#9393,3.948);
#2438=VECTOR('',#9404,2.526);
#2439=VECTOR('',#9409,3.3);
#2440=VECTOR('',#9416,3.948);
#2441=VECTOR('',#9427,2.526);
#2442=VECTOR('',#9432,3.3);
#2443=VECTOR('',#9439,3.948);
#2444=VECTOR('',#9450,2.526);
#2445=VECTOR('',#9455,3.3);
#2446=VECTOR('',#9462,3.948);
#2447=VECTOR('',#9473,2.526);
#2448=VECTOR('',#9478,3.3);
#2449=VECTOR('',#9485,3.948);
#2450=VECTOR('',#9496,2.526);
#2451=VECTOR('',#9501,3.3);
#2452=VECTOR('',#9508,3.948);
#2453=VECTOR('',#9519,2.526);
#2454=VECTOR('',#9524,3.3);
#2455=VECTOR('',#9531,3.948);
#2456=VECTOR('',#9542,2.526);
#2457=VECTOR('',#9547,3.3);
#2458=VECTOR('',#9554,3.948);
#2459=VECTOR('',#9565,2.526);
#2460=VECTOR('',#9570,3.3);
#2461=VECTOR('',#9577,3.948);
#2462=VECTOR('',#9588,2.526);
#2463=VECTOR('',#9593,3.3);
#2464=VECTOR('',#9600,3.948);
#2465=VECTOR('',#9611,2.526);
#2466=VECTOR('',#9616,3.3);
#2467=VECTOR('',#9623,3.948);
#2468=VECTOR('',#9634,2.526);
#2469=VECTOR('',#9639,3.3);
#2470=VECTOR('',#9646,3.948);
#2471=VECTOR('',#9657,2.526);
#2472=VECTOR('',#9662,3.3);
#2473=VECTOR('',#9669,3.948);
#2474=VECTOR('',#9680,2.526);
#2475=VECTOR('',#9685,3.3);
#2476=VECTOR('',#9692,3.948);
#2477=VECTOR('',#9703,2.526);
#2478=VECTOR('',#9708,3.3);
#2479=VECTOR('',#9715,3.948);
#2480=VECTOR('',#9726,2.526);
#2481=VECTOR('',#9731,3.3);
#2482=VECTOR('',#9738,3.948);
#2483=VECTOR('',#9749,2.526);
#2484=VECTOR('',#9754,3.3);
#2485=VECTOR('',#9761,3.948);
#2486=VECTOR('',#9772,2.526);
#2487=VECTOR('',#9777,3.3);
#2488=VECTOR('',#9784,3.948);
#2489=VECTOR('',#9795,2.526);
#2490=VECTOR('',#9800,3.3);
#2491=VECTOR('',#9807,3.948);
#2492=VECTOR('',#9818,2.526);
#2493=VECTOR('',#9823,3.3);
#2494=VECTOR('',#9830,3.948);
#2495=VECTOR('',#9841,2.526);
#2496=VECTOR('',#9846,3.3);
#2497=VECTOR('',#9853,3.948);
#2498=VECTOR('',#9864,2.526);
#2499=VECTOR('',#9869,3.3);
#2500=VECTOR('',#9876,3.948);
#2501=VECTOR('',#9887,2.526);
#2502=VECTOR('',#9892,3.3);
#2503=VECTOR('',#9899,3.948);
#2504=VECTOR('',#9910,2.526);
#2505=VECTOR('',#9915,3.3);
#2506=VECTOR('',#9922,3.948);
#2507=VECTOR('',#9933,2.526);
#2508=VECTOR('',#9938,3.3);
#2509=VECTOR('',#9945,3.948);
#2510=VECTOR('',#9956,2.526);
#2511=VECTOR('',#9961,3.3);
#2512=VECTOR('',#9968,3.948);
#2513=VECTOR('',#9979,2.526);
#2514=VECTOR('',#9984,3.3);
#2515=VECTOR('',#9991,3.948);
#2516=VECTOR('',#10002,2.526);
#2517=VECTOR('',#10007,3.3);
#2518=VECTOR('',#10014,3.948);
#2519=VECTOR('',#10025,2.526);
#2520=VECTOR('',#10030,3.3);
#2521=VECTOR('',#10037,3.948);
#2522=VECTOR('',#10048,2.526);
#2523=VECTOR('',#10053,3.3);
#2524=VECTOR('',#10060,3.948);
#2525=VECTOR('',#10071,2.526);
#2526=VECTOR('',#10076,3.3);
#2527=VECTOR('',#10083,3.948);
#2528=VECTOR('',#10094,2.526);
#2529=VECTOR('',#10099,3.3);
#2530=VECTOR('',#10106,3.948);
#2531=VECTOR('',#10117,2.526);
#2532=VECTOR('',#10122,3.3);
#2533=VECTOR('',#10129,3.948);
#2534=VECTOR('',#10140,2.526);
#2535=VECTOR('',#10145,3.3);
#2536=VECTOR('',#10152,3.948);
#2537=VECTOR('',#10163,2.526);
#2538=VECTOR('',#10168,3.3);
#2539=VECTOR('',#10175,3.948);
#2540=VECTOR('',#10186,2.526);
#2541=VECTOR('',#10191,3.3);
#2542=VECTOR('',#10198,3.948);
#2543=VECTOR('',#10209,2.526);
#2544=VECTOR('',#10214,3.3);
#2545=VECTOR('',#10221,3.948);
#2546=VECTOR('',#10232,2.526);
#2547=VECTOR('',#10237,3.3);
#2548=VECTOR('',#10244,3.948);
#2549=VECTOR('',#10255,2.526);
#2550=VECTOR('',#10260,3.3);
#2551=VECTOR('',#10267,3.948);
#2552=VECTOR('',#10278,2.526);
#2553=VECTOR('',#10283,3.3);
#2554=VECTOR('',#10290,3.948);
#2555=VECTOR('',#10301,2.526);
#2556=VECTOR('',#10306,3.3);
#2557=VECTOR('',#10313,3.948);
#2558=VECTOR('',#10324,2.526);
#2559=VECTOR('',#10329,3.3);
#2560=VECTOR('',#10336,3.948);
#2561=VECTOR('',#10347,2.526);
#2562=VECTOR('',#10352,3.3);
#2563=VECTOR('',#10359,3.948);
#2564=VECTOR('',#10370,2.526);
#2565=VECTOR('',#10375,3.3);
#2566=VECTOR('',#10382,3.948);
#2567=VECTOR('',#10393,2.526);
#2568=VECTOR('',#10398,3.3);
#2569=VECTOR('',#10405,3.948);
#2570=VECTOR('',#10416,2.526);
#2571=VECTOR('',#10421,3.3);
#2572=VECTOR('',#10428,3.948);
#2573=VECTOR('',#10439,2.526);
#2574=VECTOR('',#10444,3.3);
#2575=VECTOR('',#10451,3.948);
#2576=VECTOR('',#10462,2.526);
#2577=VECTOR('',#10467,3.3);
#2578=VECTOR('',#10474,3.948);
#2579=VECTOR('',#10485,2.526);
#2580=VECTOR('',#10490,3.3);
#2581=VECTOR('',#10497,3.948);
#2582=VECTOR('',#10508,2.526);
#2583=VECTOR('',#10513,3.3);
#2584=VECTOR('',#10520,3.948);
#2585=VECTOR('',#10531,2.526);
#2586=VECTOR('',#10536,3.3);
#2587=VECTOR('',#10543,3.948);
#2588=VECTOR('',#10554,2.526);
#2589=VECTOR('',#10559,3.3);
#2590=VECTOR('',#10566,3.948);
#2591=VECTOR('',#10577,2.526);
#2592=VECTOR('',#10582,3.3);
#2593=VECTOR('',#10589,3.948);
#2594=VECTOR('',#10600,2.526);
#2595=VECTOR('',#10605,3.3);
#2596=VECTOR('',#10612,3.948);
#2597=VECTOR('',#10623,2.526);
#2598=VECTOR('',#10628,3.3);
#2599=VECTOR('',#10635,3.948);
#2600=VECTOR('',#10646,2.526);
#2601=VECTOR('',#10651,3.3);
#2602=VECTOR('',#10658,3.948);
#2603=VECTOR('',#10669,2.526);
#2604=VECTOR('',#10674,3.3);
#2605=VECTOR('',#10681,3.948);
#2606=VECTOR('',#10692,2.526);
#2607=VECTOR('',#10697,3.3);
#2608=VECTOR('',#10704,3.948);
#2609=VECTOR('',#10715,2.526);
#2610=VECTOR('',#10720,3.3);
#2611=VECTOR('',#10727,3.948);
#2612=VECTOR('',#10738,2.526);
#2613=VECTOR('',#10743,3.3);
#2614=VECTOR('',#10750,3.948);
#2615=VECTOR('',#10761,2.526);
#2616=VECTOR('',#10766,3.3);
#2617=VECTOR('',#10773,3.948);
#2618=VECTOR('',#10784,2.526);
#2619=VECTOR('',#10789,3.3);
#2620=VECTOR('',#10796,3.948);
#2621=VECTOR('',#10807,2.526);
#2622=VECTOR('',#10812,3.3);
#2623=VECTOR('',#10819,3.948);
#2624=VECTOR('',#10830,2.526);
#2625=VECTOR('',#10835,3.3);
#2626=VECTOR('',#10842,3.948);
#2627=VECTOR('',#10853,2.526);
#2628=VECTOR('',#10858,3.3);
#2629=VECTOR('',#10865,3.948);
#2630=VECTOR('',#10876,2.526);
#2631=VECTOR('',#10881,3.3);
#2632=VECTOR('',#10888,3.948);
#2633=VECTOR('',#10899,2.526);
#2634=VECTOR('',#10904,3.3);
#2635=VECTOR('',#10911,3.948);
#2636=VECTOR('',#10922,2.526);
#2637=VECTOR('',#10927,3.3);
#2638=VECTOR('',#10934,1.585);
#2639=VECTOR('',#10939,3.5);
#2640=VECTOR('',#10948,1.585);
#2641=VECTOR('',#10953,3.5);
#2642=VECTOR('',#10962,1.585);
#2643=VECTOR('',#10967,3.5);
#2644=VECTOR('',#10976,1.585);
#2645=VECTOR('',#10981,3.5);
#2646=VECTOR('',#10988,10.);
#2647=VECTOR('',#10989,10.);
#2648=VECTOR('',#10990,10.);
#2649=VECTOR('',#10993,10.);
#2650=VECTOR('',#10994,10.);
#2651=VECTOR('',#10997,10.);
#2652=VECTOR('',#10998,10.);
#2653=VECTOR('',#11001,10.);
#2654=VECTOR('',#11004,10.);
#2655=VECTOR('',#11005,10.);
#2656=VECTOR('',#11006,10.);
#2657=VECTOR('',#11007,10.);
#2658=VECTOR('',#11010,10.);
#2659=VECTOR('',#11011,10.);
#2660=VECTOR('',#11012,10.);
#2661=VECTOR('',#11015,10.);
#2662=VECTOR('',#11016,10.);
#2663=VECTOR('',#11017,10.);
#2664=VECTOR('',#11020,10.);
#2665=VECTOR('',#11021,10.);
#2666=CIRCLE('',#7417,3.948);
#2667=CIRCLE('',#7418,3.948);
#2668=CIRCLE('',#7420,2.526);
#2669=CIRCLE('',#7422,2.526);
#2670=CIRCLE('',#7424,3.3);
#2671=CIRCLE('',#7425,3.3);
#2672=CIRCLE('',#7428,3.3);
#2673=CIRCLE('',#7429,3.3);
#2674=CIRCLE('',#7430,3.3);
#2675=CIRCLE('',#7431,3.3);
#2676=CIRCLE('',#7432,3.3);
#2677=CIRCLE('',#7433,3.3);
#2678=CIRCLE('',#7434,3.3);
#2679=CIRCLE('',#7435,3.3);
#2680=CIRCLE('',#7436,3.3);
#2681=CIRCLE('',#7437,3.3);
#2682=CIRCLE('',#7438,3.3);
#2683=CIRCLE('',#7439,3.3);
#2684=CIRCLE('',#7440,3.3);
#2685=CIRCLE('',#7441,3.3);
#2686=CIRCLE('',#7442,3.3);
#2687=CIRCLE('',#7443,3.3);
#2688=CIRCLE('',#7444,3.3);
#2689=CIRCLE('',#7445,3.3);
#2690=CIRCLE('',#7446,3.3);
#2691=CIRCLE('',#7447,3.3);
#2692=CIRCLE('',#7448,3.3);
#2693=CIRCLE('',#7449,3.3);
#2694=CIRCLE('',#7450,3.3);
#2695=CIRCLE('',#7451,3.3);
#2696=CIRCLE('',#7452,3.3);
#2697=CIRCLE('',#7453,3.3);
#2698=CIRCLE('',#7454,3.3);
#2699=CIRCLE('',#7455,3.3);
#2700=CIRCLE('',#7456,3.3);
#2701=CIRCLE('',#7457,3.3);
#2702=CIRCLE('',#7458,3.3);
#2703=CIRCLE('',#7459,3.3);
#2704=CIRCLE('',#7460,3.3);
#2705=CIRCLE('',#7461,3.3);
#2706=CIRCLE('',#7462,3.3);
#2707=CIRCLE('',#7463,3.3);
#2708=CIRCLE('',#7464,3.3);
#2709=CIRCLE('',#7465,3.3);
#2710=CIRCLE('',#7466,3.3);
#2711=CIRCLE('',#7467,3.3);
#2712=CIRCLE('',#7468,3.3);
#2713=CIRCLE('',#7469,3.3);
#2714=CIRCLE('',#7470,3.3);
#2715=CIRCLE('',#7471,3.3);
#2716=CIRCLE('',#7472,3.3);
#2717=CIRCLE('',#7473,3.3);
#2718=CIRCLE('',#7474,3.3);
#2719=CIRCLE('',#7475,3.3);
#2720=CIRCLE('',#7476,3.5);
#2721=CIRCLE('',#7477,3.5);
#2722=CIRCLE('',#7478,3.5);
#2723=CIRCLE('',#7479,3.5);
#2724=CIRCLE('',#7480,3.3);
#2725=CIRCLE('',#7481,3.3);
#2726=CIRCLE('',#7482,3.3);
#2727=CIRCLE('',#7483,3.3);
#2728=CIRCLE('',#7484,3.3);
#2729=CIRCLE('',#7485,3.3);
#2730=CIRCLE('',#7486,3.3);
#2731=CIRCLE('',#7487,3.3);
#2732=CIRCLE('',#7488,3.3);
#2733=CIRCLE('',#7489,3.3);
#2734=CIRCLE('',#7490,3.3);
#2735=CIRCLE('',#7491,3.3);
#2736=CIRCLE('',#7492,3.3);
#2737=CIRCLE('',#7493,3.3);
#2738=CIRCLE('',#7494,3.3);
#2739=CIRCLE('',#7495,3.3);
#2740=CIRCLE('',#7496,3.3);
#2741=CIRCLE('',#7497,3.3);
#2742=CIRCLE('',#7498,3.3);
#2743=CIRCLE('',#7499,3.3);
#2744=CIRCLE('',#7500,3.3);
#2745=CIRCLE('',#7501,3.3);
#2746=CIRCLE('',#7502,3.3);
#2747=CIRCLE('',#7503,3.3);
#2748=CIRCLE('',#7504,3.3);
#2749=CIRCLE('',#7505,3.3);
#2750=CIRCLE('',#7506,3.3);
#2751=CIRCLE('',#7507,3.3);
#2752=CIRCLE('',#7508,3.3);
#2753=CIRCLE('',#7509,3.3);
#2754=CIRCLE('',#7510,3.3);
#2755=CIRCLE('',#7511,3.3);
#2756=CIRCLE('',#7512,3.3);
#2757=CIRCLE('',#7513,3.3);
#2758=CIRCLE('',#7514,3.3);
#2759=CIRCLE('',#7515,3.3);
#2760=CIRCLE('',#7516,3.3);
#2761=CIRCLE('',#7517,3.3);
#2762=CIRCLE('',#7518,3.3);
#2763=CIRCLE('',#7519,3.3);
#2764=CIRCLE('',#7520,3.3);
#2765=CIRCLE('',#7521,3.3);
#2766=CIRCLE('',#7522,3.3);
#2767=CIRCLE('',#7523,3.3);
#2768=CIRCLE('',#7524,3.3);
#2769=CIRCLE('',#7525,3.3);
#2770=CIRCLE('',#7526,3.3);
#2771=CIRCLE('',#7528,3.948);
#2772=CIRCLE('',#7529,3.948);
#2773=CIRCLE('',#7531,2.526);
#2774=CIRCLE('',#7533,2.526);
#2775=CIRCLE('',#7535,3.3);
#2776=CIRCLE('',#7538,3.948);
#2777=CIRCLE('',#7539,3.948);
#2778=CIRCLE('',#7541,2.526);
#2779=CIRCLE('',#7543,2.526);
#2780=CIRCLE('',#7545,3.3);
#2781=CIRCLE('',#7548,3.948);
#2782=CIRCLE('',#7549,3.948);
#2783=CIRCLE('',#7551,2.526);
#2784=CIRCLE('',#7553,2.526);
#2785=CIRCLE('',#7555,3.3);
#2786=CIRCLE('',#7558,3.948);
#2787=CIRCLE('',#7559,3.948);
#2788=CIRCLE('',#7561,2.526);
#2789=CIRCLE('',#7563,2.526);
#2790=CIRCLE('',#7565,3.3);
#2791=CIRCLE('',#7568,3.948);
#2792=CIRCLE('',#7569,3.948);
#2793=CIRCLE('',#7571,2.526);
#2794=CIRCLE('',#7573,2.526);
#2795=CIRCLE('',#7575,3.3);
#2796=CIRCLE('',#7578,3.948);
#2797=CIRCLE('',#7579,3.948);
#2798=CIRCLE('',#7581,2.526);
#2799=CIRCLE('',#7583,2.526);
#2800=CIRCLE('',#7585,3.3);
#2801=CIRCLE('',#7588,3.948);
#2802=CIRCLE('',#7589,3.948);
#2803=CIRCLE('',#7591,2.526);
#2804=CIRCLE('',#7593,2.526);
#2805=CIRCLE('',#7595,3.3);
#2806=CIRCLE('',#7598,3.948);
#2807=CIRCLE('',#7599,3.948);
#2808=CIRCLE('',#7601,2.526);
#2809=CIRCLE('',#7603,2.526);
#2810=CIRCLE('',#7605,3.3);
#2811=CIRCLE('',#7608,3.948);
#2812=CIRCLE('',#7609,3.948);
#2813=CIRCLE('',#7611,2.526);
#2814=CIRCLE('',#7613,2.526);
#2815=CIRCLE('',#7615,3.3);
#2816=CIRCLE('',#7618,3.948);
#2817=CIRCLE('',#7619,3.948);
#2818=CIRCLE('',#7621,2.526);
#2819=CIRCLE('',#7623,2.526);
#2820=CIRCLE('',#7625,3.3);
#2821=CIRCLE('',#7628,3.948);
#2822=CIRCLE('',#7629,3.948);
#2823=CIRCLE('',#7631,2.526);
#2824=CIRCLE('',#7633,2.526);
#2825=CIRCLE('',#7635,3.3);
#2826=CIRCLE('',#7638,3.948);
#2827=CIRCLE('',#7639,3.948);
#2828=CIRCLE('',#7641,2.526);
#2829=CIRCLE('',#7643,2.526);
#2830=CIRCLE('',#7645,3.3);
#2831=CIRCLE('',#7648,3.948);
#2832=CIRCLE('',#7649,3.948);
#2833=CIRCLE('',#7651,2.526);
#2834=CIRCLE('',#7653,2.526);
#2835=CIRCLE('',#7655,3.3);
#2836=CIRCLE('',#7658,3.948);
#2837=CIRCLE('',#7659,3.948);
#2838=CIRCLE('',#7661,2.526);
#2839=CIRCLE('',#7663,2.526);
#2840=CIRCLE('',#7665,3.3);
#2841=CIRCLE('',#7668,3.948);
#2842=CIRCLE('',#7669,3.948);
#2843=CIRCLE('',#7671,2.526);
#2844=CIRCLE('',#7673,2.526);
#2845=CIRCLE('',#7675,3.3);
#2846=CIRCLE('',#7678,3.948);
#2847=CIRCLE('',#7679,3.948);
#2848=CIRCLE('',#7681,2.526);
#2849=CIRCLE('',#7683,2.526);
#2850=CIRCLE('',#7685,3.3);
#2851=CIRCLE('',#7688,3.948);
#2852=CIRCLE('',#7689,3.948);
#2853=CIRCLE('',#7691,2.526);
#2854=CIRCLE('',#7693,2.526);
#2855=CIRCLE('',#7695,3.3);
#2856=CIRCLE('',#7698,3.948);
#2857=CIRCLE('',#7699,3.948);
#2858=CIRCLE('',#7701,2.526);
#2859=CIRCLE('',#7703,2.526);
#2860=CIRCLE('',#7705,3.3);
#2861=CIRCLE('',#7708,3.948);
#2862=CIRCLE('',#7709,3.948);
#2863=CIRCLE('',#7711,2.526);
#2864=CIRCLE('',#7713,2.526);
#2865=CIRCLE('',#7715,3.3);
#2866=CIRCLE('',#7718,3.948);
#2867=CIRCLE('',#7719,3.948);
#2868=CIRCLE('',#7721,2.526);
#2869=CIRCLE('',#7723,2.526);
#2870=CIRCLE('',#7725,3.3);
#2871=CIRCLE('',#7728,3.948);
#2872=CIRCLE('',#7729,3.948);
#2873=CIRCLE('',#7731,2.526);
#2874=CIRCLE('',#7733,2.526);
#2875=CIRCLE('',#7735,3.3);
#2876=CIRCLE('',#7738,3.948);
#2877=CIRCLE('',#7739,3.948);
#2878=CIRCLE('',#7741,2.526);
#2879=CIRCLE('',#7743,2.526);
#2880=CIRCLE('',#7745,3.3);
#2881=CIRCLE('',#7748,3.948);
#2882=CIRCLE('',#7749,3.948);
#2883=CIRCLE('',#7751,2.526);
#2884=CIRCLE('',#7753,2.526);
#2885=CIRCLE('',#7755,3.3);
#2886=CIRCLE('',#7758,3.948);
#2887=CIRCLE('',#7759,3.948);
#2888=CIRCLE('',#7761,2.526);
#2889=CIRCLE('',#7763,2.526);
#2890=CIRCLE('',#7765,3.3);
#2891=CIRCLE('',#7768,3.948);
#2892=CIRCLE('',#7769,3.948);
#2893=CIRCLE('',#7771,2.526);
#2894=CIRCLE('',#7773,2.526);
#2895=CIRCLE('',#7775,3.3);
#2896=CIRCLE('',#7778,3.948);
#2897=CIRCLE('',#7779,3.948);
#2898=CIRCLE('',#7781,2.526);
#2899=CIRCLE('',#7783,2.526);
#2900=CIRCLE('',#7785,3.3);
#2901=CIRCLE('',#7788,3.948);
#2902=CIRCLE('',#7789,3.948);
#2903=CIRCLE('',#7791,2.526);
#2904=CIRCLE('',#7793,2.526);
#2905=CIRCLE('',#7795,3.3);
#2906=CIRCLE('',#7798,3.948);
#2907=CIRCLE('',#7799,3.948);
#2908=CIRCLE('',#7801,2.526);
#2909=CIRCLE('',#7803,2.526);
#2910=CIRCLE('',#7805,3.3);
#2911=CIRCLE('',#7808,3.948);
#2912=CIRCLE('',#7809,3.948);
#2913=CIRCLE('',#7811,2.526);
#2914=CIRCLE('',#7813,2.526);
#2915=CIRCLE('',#7815,3.3);
#2916=CIRCLE('',#7818,3.948);
#2917=CIRCLE('',#7819,3.948);
#2918=CIRCLE('',#7821,2.526);
#2919=CIRCLE('',#7823,2.526);
#2920=CIRCLE('',#7825,3.3);
#2921=CIRCLE('',#7828,3.948);
#2922=CIRCLE('',#7829,3.948);
#2923=CIRCLE('',#7831,2.526);
#2924=CIRCLE('',#7833,2.526);
#2925=CIRCLE('',#7835,3.3);
#2926=CIRCLE('',#7838,3.948);
#2927=CIRCLE('',#7839,3.948);
#2928=CIRCLE('',#7841,2.526);
#2929=CIRCLE('',#7843,2.526);
#2930=CIRCLE('',#7845,3.3);
#2931=CIRCLE('',#7848,3.948);
#2932=CIRCLE('',#7849,3.948);
#2933=CIRCLE('',#7851,2.526);
#2934=CIRCLE('',#7853,2.526);
#2935=CIRCLE('',#7855,3.3);
#2936=CIRCLE('',#7858,3.948);
#2937=CIRCLE('',#7859,3.948);
#2938=CIRCLE('',#7861,2.526);
#2939=CIRCLE('',#7863,2.526);
#2940=CIRCLE('',#7865,3.3);
#2941=CIRCLE('',#7868,3.948);
#2942=CIRCLE('',#7869,3.948);
#2943=CIRCLE('',#7871,2.526);
#2944=CIRCLE('',#7873,2.526);
#2945=CIRCLE('',#7875,3.3);
#2946=CIRCLE('',#7878,3.948);
#2947=CIRCLE('',#7879,3.948);
#2948=CIRCLE('',#7881,2.526);
#2949=CIRCLE('',#7883,2.526);
#2950=CIRCLE('',#7885,3.3);
#2951=CIRCLE('',#7888,3.948);
#2952=CIRCLE('',#7889,3.948);
#2953=CIRCLE('',#7891,2.526);
#2954=CIRCLE('',#7893,2.526);
#2955=CIRCLE('',#7895,3.3);
#2956=CIRCLE('',#7898,3.948);
#2957=CIRCLE('',#7899,3.948);
#2958=CIRCLE('',#7901,2.526);
#2959=CIRCLE('',#7903,2.526);
#2960=CIRCLE('',#7905,3.3);
#2961=CIRCLE('',#7908,3.948);
#2962=CIRCLE('',#7909,3.948);
#2963=CIRCLE('',#7911,2.526);
#2964=CIRCLE('',#7913,2.526);
#2965=CIRCLE('',#7915,3.3);
#2966=CIRCLE('',#7918,3.948);
#2967=CIRCLE('',#7919,3.948);
#2968=CIRCLE('',#7921,2.526);
#2969=CIRCLE('',#7923,2.526);
#2970=CIRCLE('',#7925,3.3);
#2971=CIRCLE('',#7928,3.948);
#2972=CIRCLE('',#7929,3.948);
#2973=CIRCLE('',#7931,2.526);
#2974=CIRCLE('',#7933,2.526);
#2975=CIRCLE('',#7935,3.3);
#2976=CIRCLE('',#7938,3.948);
#2977=CIRCLE('',#7939,3.948);
#2978=CIRCLE('',#7941,2.526);
#2979=CIRCLE('',#7943,2.526);
#2980=CIRCLE('',#7945,3.3);
#2981=CIRCLE('',#7948,3.948);
#2982=CIRCLE('',#7949,3.948);
#2983=CIRCLE('',#7951,2.526);
#2984=CIRCLE('',#7953,2.526);
#2985=CIRCLE('',#7955,3.3);
#2986=CIRCLE('',#7958,3.948);
#2987=CIRCLE('',#7959,3.948);
#2988=CIRCLE('',#7961,2.526);
#2989=CIRCLE('',#7963,2.526);
#2990=CIRCLE('',#7965,3.3);
#2991=CIRCLE('',#7968,3.948);
#2992=CIRCLE('',#7969,3.948);
#2993=CIRCLE('',#7971,2.526);
#2994=CIRCLE('',#7973,2.526);
#2995=CIRCLE('',#7975,3.3);
#2996=CIRCLE('',#7978,3.948);
#2997=CIRCLE('',#7979,3.948);
#2998=CIRCLE('',#7981,2.526);
#2999=CIRCLE('',#7983,2.526);
#3000=CIRCLE('',#7985,3.3);
#3001=CIRCLE('',#7988,3.948);
#3002=CIRCLE('',#7989,3.948);
#3003=CIRCLE('',#7991,2.526);
#3004=CIRCLE('',#7993,2.526);
#3005=CIRCLE('',#7995,3.3);
#3006=CIRCLE('',#7998,3.948);
#3007=CIRCLE('',#7999,3.948);
#3008=CIRCLE('',#8001,2.526);
#3009=CIRCLE('',#8003,2.526);
#3010=CIRCLE('',#8005,3.3);
#3011=CIRCLE('',#8008,3.948);
#3012=CIRCLE('',#8009,3.948);
#3013=CIRCLE('',#8011,2.526);
#3014=CIRCLE('',#8013,2.526);
#3015=CIRCLE('',#8015,3.3);
#3016=CIRCLE('',#8018,3.948);
#3017=CIRCLE('',#8019,3.948);
#3018=CIRCLE('',#8021,2.526);
#3019=CIRCLE('',#8023,2.526);
#3020=CIRCLE('',#8025,3.3);
#3021=CIRCLE('',#8028,3.948);
#3022=CIRCLE('',#8029,3.948);
#3023=CIRCLE('',#8031,2.526);
#3024=CIRCLE('',#8033,2.526);
#3025=CIRCLE('',#8035,3.3);
#3026=CIRCLE('',#8038,3.948);
#3027=CIRCLE('',#8039,3.948);
#3028=CIRCLE('',#8041,2.526);
#3029=CIRCLE('',#8043,2.526);
#3030=CIRCLE('',#8045,3.3);
#3031=CIRCLE('',#8048,3.948);
#3032=CIRCLE('',#8049,3.948);
#3033=CIRCLE('',#8051,2.526);
#3034=CIRCLE('',#8053,2.526);
#3035=CIRCLE('',#8055,3.3);
#3036=CIRCLE('',#8058,3.948);
#3037=CIRCLE('',#8059,3.948);
#3038=CIRCLE('',#8061,2.526);
#3039=CIRCLE('',#8063,2.526);
#3040=CIRCLE('',#8065,3.3);
#3041=CIRCLE('',#8068,3.948);
#3042=CIRCLE('',#8069,3.948);
#3043=CIRCLE('',#8071,2.526);
#3044=CIRCLE('',#8073,2.526);
#3045=CIRCLE('',#8075,3.3);
#3046=CIRCLE('',#8078,3.948);
#3047=CIRCLE('',#8079,3.948);
#3048=CIRCLE('',#8081,2.526);
#3049=CIRCLE('',#8083,2.526);
#3050=CIRCLE('',#8085,3.3);
#3051=CIRCLE('',#8088,3.948);
#3052=CIRCLE('',#8089,3.948);
#3053=CIRCLE('',#8091,2.526);
#3054=CIRCLE('',#8093,2.526);
#3055=CIRCLE('',#8095,3.3);
#3056=CIRCLE('',#8098,3.948);
#3057=CIRCLE('',#8099,3.948);
#3058=CIRCLE('',#8101,2.526);
#3059=CIRCLE('',#8103,2.526);
#3060=CIRCLE('',#8105,3.3);
#3061=CIRCLE('',#8108,3.948);
#3062=CIRCLE('',#8109,3.948);
#3063=CIRCLE('',#8111,2.526);
#3064=CIRCLE('',#8113,2.526);
#3065=CIRCLE('',#8115,3.3);
#3066=CIRCLE('',#8118,3.948);
#3067=CIRCLE('',#8119,3.948);
#3068=CIRCLE('',#8121,2.526);
#3069=CIRCLE('',#8123,2.526);
#3070=CIRCLE('',#8125,3.3);
#3071=CIRCLE('',#8128,3.948);
#3072=CIRCLE('',#8129,3.948);
#3073=CIRCLE('',#8131,2.526);
#3074=CIRCLE('',#8133,2.526);
#3075=CIRCLE('',#8135,3.3);
#3076=CIRCLE('',#8138,3.948);
#3077=CIRCLE('',#8139,3.948);
#3078=CIRCLE('',#8141,2.526);
#3079=CIRCLE('',#8143,2.526);
#3080=CIRCLE('',#8145,3.3);
#3081=CIRCLE('',#8148,3.948);
#3082=CIRCLE('',#8149,3.948);
#3083=CIRCLE('',#8151,2.526);
#3084=CIRCLE('',#8153,2.526);
#3085=CIRCLE('',#8155,3.3);
#3086=CIRCLE('',#8158,3.948);
#3087=CIRCLE('',#8159,3.948);
#3088=CIRCLE('',#8161,2.526);
#3089=CIRCLE('',#8163,2.526);
#3090=CIRCLE('',#8165,3.3);
#3091=CIRCLE('',#8168,3.948);
#3092=CIRCLE('',#8169,3.948);
#3093=CIRCLE('',#8171,2.526);
#3094=CIRCLE('',#8173,2.526);
#3095=CIRCLE('',#8175,3.3);
#3096=CIRCLE('',#8178,3.948);
#3097=CIRCLE('',#8179,3.948);
#3098=CIRCLE('',#8181,2.526);
#3099=CIRCLE('',#8183,2.526);
#3100=CIRCLE('',#8185,3.3);
#3101=CIRCLE('',#8188,3.948);
#3102=CIRCLE('',#8189,3.948);
#3103=CIRCLE('',#8191,2.526);
#3104=CIRCLE('',#8193,2.526);
#3105=CIRCLE('',#8195,3.3);
#3106=CIRCLE('',#8198,3.948);
#3107=CIRCLE('',#8199,3.948);
#3108=CIRCLE('',#8201,2.526);
#3109=CIRCLE('',#8203,2.526);
#3110=CIRCLE('',#8205,3.3);
#3111=CIRCLE('',#8208,3.948);
#3112=CIRCLE('',#8209,3.948);
#3113=CIRCLE('',#8211,2.526);
#3114=CIRCLE('',#8213,2.526);
#3115=CIRCLE('',#8215,3.3);
#3116=CIRCLE('',#8218,3.948);
#3117=CIRCLE('',#8219,3.948);
#3118=CIRCLE('',#8221,2.526);
#3119=CIRCLE('',#8223,2.526);
#3120=CIRCLE('',#8225,3.3);
#3121=CIRCLE('',#8228,3.948);
#3122=CIRCLE('',#8229,3.948);
#3123=CIRCLE('',#8231,2.526);
#3124=CIRCLE('',#8233,2.526);
#3125=CIRCLE('',#8235,3.3);
#3126=CIRCLE('',#8238,3.948);
#3127=CIRCLE('',#8239,3.948);
#3128=CIRCLE('',#8241,2.526);
#3129=CIRCLE('',#8243,2.526);
#3130=CIRCLE('',#8245,3.3);
#3131=CIRCLE('',#8248,3.948);
#3132=CIRCLE('',#8249,3.948);
#3133=CIRCLE('',#8251,2.526);
#3134=CIRCLE('',#8253,2.526);
#3135=CIRCLE('',#8255,3.3);
#3136=CIRCLE('',#8258,3.948);
#3137=CIRCLE('',#8259,3.948);
#3138=CIRCLE('',#8261,2.526);
#3139=CIRCLE('',#8263,2.526);
#3140=CIRCLE('',#8265,3.3);
#3141=CIRCLE('',#8268,3.948);
#3142=CIRCLE('',#8269,3.948);
#3143=CIRCLE('',#8271,2.526);
#3144=CIRCLE('',#8273,2.526);
#3145=CIRCLE('',#8275,3.3);
#3146=CIRCLE('',#8278,3.948);
#3147=CIRCLE('',#8279,3.948);
#3148=CIRCLE('',#8281,2.526);
#3149=CIRCLE('',#8283,2.526);
#3150=CIRCLE('',#8285,3.3);
#3151=CIRCLE('',#8288,3.948);
#3152=CIRCLE('',#8289,3.948);
#3153=CIRCLE('',#8291,2.526);
#3154=CIRCLE('',#8293,2.526);
#3155=CIRCLE('',#8295,3.3);
#3156=CIRCLE('',#8298,3.948);
#3157=CIRCLE('',#8299,3.948);
#3158=CIRCLE('',#8301,2.526);
#3159=CIRCLE('',#8303,2.526);
#3160=CIRCLE('',#8305,3.3);
#3161=CIRCLE('',#8308,3.948);
#3162=CIRCLE('',#8309,3.948);
#3163=CIRCLE('',#8311,2.526);
#3164=CIRCLE('',#8313,2.526);
#3165=CIRCLE('',#8315,3.3);
#3166=CIRCLE('',#8318,3.948);
#3167=CIRCLE('',#8319,3.948);
#3168=CIRCLE('',#8321,2.526);
#3169=CIRCLE('',#8323,2.526);
#3170=CIRCLE('',#8325,3.3);
#3171=CIRCLE('',#8328,3.948);
#3172=CIRCLE('',#8329,3.948);
#3173=CIRCLE('',#8331,2.526);
#3174=CIRCLE('',#8333,2.526);
#3175=CIRCLE('',#8335,3.3);
#3176=CIRCLE('',#8338,3.948);
#3177=CIRCLE('',#8339,3.948);
#3178=CIRCLE('',#8341,2.526);
#3179=CIRCLE('',#8343,2.526);
#3180=CIRCLE('',#8345,3.3);
#3181=CIRCLE('',#8348,3.948);
#3182=CIRCLE('',#8349,3.948);
#3183=CIRCLE('',#8351,2.526);
#3184=CIRCLE('',#8353,2.526);
#3185=CIRCLE('',#8355,3.3);
#3186=CIRCLE('',#8358,3.948);
#3187=CIRCLE('',#8359,3.948);
#3188=CIRCLE('',#8361,2.526);
#3189=CIRCLE('',#8363,2.526);
#3190=CIRCLE('',#8365,3.3);
#3191=CIRCLE('',#8368,3.948);
#3192=CIRCLE('',#8369,3.948);
#3193=CIRCLE('',#8371,2.526);
#3194=CIRCLE('',#8373,2.526);
#3195=CIRCLE('',#8375,3.3);
#3196=CIRCLE('',#8378,3.948);
#3197=CIRCLE('',#8379,3.948);
#3198=CIRCLE('',#8381,2.526);
#3199=CIRCLE('',#8383,2.526);
#3200=CIRCLE('',#8385,3.3);
#3201=CIRCLE('',#8388,3.948);
#3202=CIRCLE('',#8389,3.948);
#3203=CIRCLE('',#8391,2.526);
#3204=CIRCLE('',#8393,2.526);
#3205=CIRCLE('',#8395,3.3);
#3206=CIRCLE('',#8398,3.948);
#3207=CIRCLE('',#8399,3.948);
#3208=CIRCLE('',#8401,2.526);
#3209=CIRCLE('',#8403,2.526);
#3210=CIRCLE('',#8405,3.3);
#3211=CIRCLE('',#8408,3.948);
#3212=CIRCLE('',#8409,3.948);
#3213=CIRCLE('',#8411,2.526);
#3214=CIRCLE('',#8413,2.526);
#3215=CIRCLE('',#8415,3.3);
#3216=CIRCLE('',#8418,3.948);
#3217=CIRCLE('',#8419,3.948);
#3218=CIRCLE('',#8421,2.526);
#3219=CIRCLE('',#8423,2.526);
#3220=CIRCLE('',#8425,3.3);
#3221=CIRCLE('',#8428,3.948);
#3222=CIRCLE('',#8429,3.948);
#3223=CIRCLE('',#8431,2.526);
#3224=CIRCLE('',#8433,2.526);
#3225=CIRCLE('',#8435,3.3);
#3226=CIRCLE('',#8438,3.948);
#3227=CIRCLE('',#8439,3.948);
#3228=CIRCLE('',#8441,2.526);
#3229=CIRCLE('',#8443,2.526);
#3230=CIRCLE('',#8445,3.3);
#3231=CIRCLE('',#8448,3.948);
#3232=CIRCLE('',#8449,3.948);
#3233=CIRCLE('',#8451,2.526);
#3234=CIRCLE('',#8453,2.526);
#3235=CIRCLE('',#8455,3.3);
#3236=CIRCLE('',#8458,3.948);
#3237=CIRCLE('',#8459,3.948);
#3238=CIRCLE('',#8461,2.526);
#3239=CIRCLE('',#8463,2.526);
#3240=CIRCLE('',#8465,3.3);
#3241=CIRCLE('',#8468,3.948);
#3242=CIRCLE('',#8469,3.948);
#3243=CIRCLE('',#8471,2.526);
#3244=CIRCLE('',#8473,2.526);
#3245=CIRCLE('',#8475,3.3);
#3246=CIRCLE('',#8478,1.585);
#3247=CIRCLE('',#8479,1.585);
#3248=CIRCLE('',#8481,3.5);
#3249=CIRCLE('',#8484,1.585);
#3250=CIRCLE('',#8485,1.585);
#3251=CIRCLE('',#8487,3.5);
#3252=CIRCLE('',#8490,1.585);
#3253=CIRCLE('',#8491,1.585);
#3254=CIRCLE('',#8493,3.5);
#3255=CIRCLE('',#8496,1.585);
#3256=CIRCLE('',#8497,1.585);
#3257=CIRCLE('',#8499,3.5);
#3258=VERTEX_POINT('',#11031);
#3259=VERTEX_POINT('',#11033);
#3260=VERTEX_POINT('',#11037);
#3261=VERTEX_POINT('',#11040);
#3262=VERTEX_POINT('',#11044);
#3263=VERTEX_POINT('',#11046);
#3264=VERTEX_POINT('',#11051);
#3265=VERTEX_POINT('',#11052);
#3266=VERTEX_POINT('',#11054);
#3267=VERTEX_POINT('',#11056);
#3268=VERTEX_POINT('',#11059);
#3269=VERTEX_POINT('',#11061);
#3270=VERTEX_POINT('',#11063);
#3271=VERTEX_POINT('',#11065);
#3272=VERTEX_POINT('',#11067);
#3273=VERTEX_POINT('',#11069);
#3274=VERTEX_POINT('',#11071);
#3275=VERTEX_POINT('',#11073);
#3276=VERTEX_POINT('',#11075);
#3277=VERTEX_POINT('',#11077);
#3278=VERTEX_POINT('',#11079);
#3279=VERTEX_POINT('',#11081);
#3280=VERTEX_POINT('',#11083);
#3281=VERTEX_POINT('',#11085);
#3282=VERTEX_POINT('',#11087);
#3283=VERTEX_POINT('',#11089);
#3284=VERTEX_POINT('',#11091);
#3285=VERTEX_POINT('',#11093);
#3286=VERTEX_POINT('',#11095);
#3287=VERTEX_POINT('',#11097);
#3288=VERTEX_POINT('',#11099);
#3289=VERTEX_POINT('',#11101);
#3290=VERTEX_POINT('',#11103);
#3291=VERTEX_POINT('',#11105);
#3292=VERTEX_POINT('',#11107);
#3293=VERTEX_POINT('',#11109);
#3294=VERTEX_POINT('',#11111);
#3295=VERTEX_POINT('',#11113);
#3296=VERTEX_POINT('',#11115);
#3297=VERTEX_POINT('',#11117);
#3298=VERTEX_POINT('',#11119);
#3299=VERTEX_POINT('',#11121);
#3300=VERTEX_POINT('',#11123);
#3301=VERTEX_POINT('',#11125);
#3302=VERTEX_POINT('',#11127);
#3303=VERTEX_POINT('',#11129);
#3304=VERTEX_POINT('',#11131);
#3305=VERTEX_POINT('',#11133);
#3306=VERTEX_POINT('',#11135);
#3307=VERTEX_POINT('',#11137);
#3308=VERTEX_POINT('',#11139);
#3309=VERTEX_POINT('',#11141);
#3310=VERTEX_POINT('',#11143);
#3311=VERTEX_POINT('',#11145);
#3312=VERTEX_POINT('',#11147);
#3313=VERTEX_POINT('',#11149);
#3314=VERTEX_POINT('',#11151);
#3315=VERTEX_POINT('',#11153);
#3316=VERTEX_POINT('',#11155);
#3317=VERTEX_POINT('',#11157);
#3318=VERTEX_POINT('',#11159);
#3319=VERTEX_POINT('',#11161);
#3320=VERTEX_POINT('',#11163);
#3321=VERTEX_POINT('',#11165);
#3322=VERTEX_POINT('',#11167);
#3323=VERTEX_POINT('',#11169);
#3324=VERTEX_POINT('',#11171);
#3325=VERTEX_POINT('',#11173);
#3326=VERTEX_POINT('',#11175);
#3327=VERTEX_POINT('',#11177);
#3328=VERTEX_POINT('',#11179);
#3329=VERTEX_POINT('',#11181);
#3330=VERTEX_POINT('',#11183);
#3331=VERTEX_POINT('',#11185);
#3332=VERTEX_POINT('',#11187);
#3333=VERTEX_POINT('',#11189);
#3334=VERTEX_POINT('',#11191);
#3335=VERTEX_POINT('',#11193);
#3336=VERTEX_POINT('',#11195);
#3337=VERTEX_POINT('',#11197);
#3338=VERTEX_POINT('',#11199);
#3339=VERTEX_POINT('',#11201);
#3340=VERTEX_POINT('',#11203);
#3341=VERTEX_POINT('',#11205);
#3342=VERTEX_POINT('',#11207);
#3343=VERTEX_POINT('',#11209);
#3344=VERTEX_POINT('',#11211);
#3345=VERTEX_POINT('',#11213);
#3346=VERTEX_POINT('',#11215);
#3347=VERTEX_POINT('',#11217);
#3348=VERTEX_POINT('',#11219);
#3349=VERTEX_POINT('',#11221);
#3350=VERTEX_POINT('',#11223);
#3351=VERTEX_POINT('',#11225);
#3352=VERTEX_POINT('',#11227);
#3353=VERTEX_POINT('',#11229);
#3354=VERTEX_POINT('',#11231);
#3355=VERTEX_POINT('',#11233);
#3356=VERTEX_POINT('',#11235);
#3357=VERTEX_POINT('',#11237);
#3358=VERTEX_POINT('',#11239);
#3359=VERTEX_POINT('',#11241);
#3360=VERTEX_POINT('',#11243);
#3361=VERTEX_POINT('',#11245);
#3362=VERTEX_POINT('',#11247);
#3363=VERTEX_POINT('',#11249);
#3364=VERTEX_POINT('',#11251);
#3365=VERTEX_POINT('',#11253);
#3366=VERTEX_POINT('',#11255);
#3367=VERTEX_POINT('',#11258);
#3368=VERTEX_POINT('',#11260);
#3369=VERTEX_POINT('',#11264);
#3370=VERTEX_POINT('',#11267);
#3371=VERTEX_POINT('',#11271);
#3372=VERTEX_POINT('',#11276);
#3373=VERTEX_POINT('',#11278);
#3374=VERTEX_POINT('',#11282);
#3375=VERTEX_POINT('',#11285);
#3376=VERTEX_POINT('',#11289);
#3377=VERTEX_POINT('',#11294);
#3378=VERTEX_POINT('',#11296);
#3379=VERTEX_POINT('',#11300);
#3380=VERTEX_POINT('',#11303);
#3381=VERTEX_POINT('',#11307);
#3382=VERTEX_POINT('',#11312);
#3383=VERTEX_POINT('',#11314);
#3384=VERTEX_POINT('',#11318);
#3385=VERTEX_POINT('',#11321);
#3386=VERTEX_POINT('',#11325);
#3387=VERTEX_POINT('',#11330);
#3388=VERTEX_POINT('',#11332);
#3389=VERTEX_POINT('',#11336);
#3390=VERTEX_POINT('',#11339);
#3391=VERTEX_POINT('',#11343);
#3392=VERTEX_POINT('',#11348);
#3393=VERTEX_POINT('',#11350);
#3394=VERTEX_POINT('',#11354);
#3395=VERTEX_POINT('',#11357);
#3396=VERTEX_POINT('',#11361);
#3397=VERTEX_POINT('',#11366);
#3398=VERTEX_POINT('',#11368);
#3399=VERTEX_POINT('',#11372);
#3400=VERTEX_POINT('',#11375);
#3401=VERTEX_POINT('',#11379);
#3402=VERTEX_POINT('',#11384);
#3403=VERTEX_POINT('',#11386);
#3404=VERTEX_POINT('',#11390);
#3405=VERTEX_POINT('',#11393);
#3406=VERTEX_POINT('',#11397);
#3407=VERTEX_POINT('',#11402);
#3408=VERTEX_POINT('',#11404);
#3409=VERTEX_POINT('',#11408);
#3410=VERTEX_POINT('',#11411);
#3411=VERTEX_POINT('',#11415);
#3412=VERTEX_POINT('',#11420);
#3413=VERTEX_POINT('',#11422);
#3414=VERTEX_POINT('',#11426);
#3415=VERTEX_POINT('',#11429);
#3416=VERTEX_POINT('',#11433);
#3417=VERTEX_POINT('',#11438);
#3418=VERTEX_POINT('',#11440);
#3419=VERTEX_POINT('',#11444);
#3420=VERTEX_POINT('',#11447);
#3421=VERTEX_POINT('',#11451);
#3422=VERTEX_POINT('',#11456);
#3423=VERTEX_POINT('',#11458);
#3424=VERTEX_POINT('',#11462);
#3425=VERTEX_POINT('',#11465);
#3426=VERTEX_POINT('',#11469);
#3427=VERTEX_POINT('',#11474);
#3428=VERTEX_POINT('',#11476);
#3429=VERTEX_POINT('',#11480);
#3430=VERTEX_POINT('',#11483);
#3431=VERTEX_POINT('',#11487);
#3432=VERTEX_POINT('',#11492);
#3433=VERTEX_POINT('',#11494);
#3434=VERTEX_POINT('',#11498);
#3435=VERTEX_POINT('',#11501);
#3436=VERTEX_POINT('',#11505);
#3437=VERTEX_POINT('',#11510);
#3438=VERTEX_POINT('',#11512);
#3439=VERTEX_POINT('',#11516);
#3440=VERTEX_POINT('',#11519);
#3441=VERTEX_POINT('',#11523);
#3442=VERTEX_POINT('',#11528);
#3443=VERTEX_POINT('',#11530);
#3444=VERTEX_POINT('',#11534);
#3445=VERTEX_POINT('',#11537);
#3446=VERTEX_POINT('',#11541);
#3447=VERTEX_POINT('',#11546);
#3448=VERTEX_POINT('',#11548);
#3449=VERTEX_POINT('',#11552);
#3450=VERTEX_POINT('',#11555);
#3451=VERTEX_POINT('',#11559);
#3452=VERTEX_POINT('',#11564);
#3453=VERTEX_POINT('',#11566);
#3454=VERTEX_POINT('',#11570);
#3455=VERTEX_POINT('',#11573);
#3456=VERTEX_POINT('',#11577);
#3457=VERTEX_POINT('',#11582);
#3458=VERTEX_POINT('',#11584);
#3459=VERTEX_POINT('',#11588);
#3460=VERTEX_POINT('',#11591);
#3461=VERTEX_POINT('',#11595);
#3462=VERTEX_POINT('',#11600);
#3463=VERTEX_POINT('',#11602);
#3464=VERTEX_POINT('',#11606);
#3465=VERTEX_POINT('',#11609);
#3466=VERTEX_POINT('',#11613);
#3467=VERTEX_POINT('',#11618);
#3468=VERTEX_POINT('',#11620);
#3469=VERTEX_POINT('',#11624);
#3470=VERTEX_POINT('',#11627);
#3471=VERTEX_POINT('',#11631);
#3472=VERTEX_POINT('',#11636);
#3473=VERTEX_POINT('',#11638);
#3474=VERTEX_POINT('',#11642);
#3475=VERTEX_POINT('',#11645);
#3476=VERTEX_POINT('',#11649);
#3477=VERTEX_POINT('',#11654);
#3478=VERTEX_POINT('',#11656);
#3479=VERTEX_POINT('',#11660);
#3480=VERTEX_POINT('',#11663);
#3481=VERTEX_POINT('',#11667);
#3482=VERTEX_POINT('',#11672);
#3483=VERTEX_POINT('',#11674);
#3484=VERTEX_POINT('',#11678);
#3485=VERTEX_POINT('',#11681);
#3486=VERTEX_POINT('',#11685);
#3487=VERTEX_POINT('',#11690);
#3488=VERTEX_POINT('',#11692);
#3489=VERTEX_POINT('',#11696);
#3490=VERTEX_POINT('',#11699);
#3491=VERTEX_POINT('',#11703);
#3492=VERTEX_POINT('',#11708);
#3493=VERTEX_POINT('',#11710);
#3494=VERTEX_POINT('',#11714);
#3495=VERTEX_POINT('',#11717);
#3496=VERTEX_POINT('',#11721);
#3497=VERTEX_POINT('',#11726);
#3498=VERTEX_POINT('',#11728);
#3499=VERTEX_POINT('',#11732);
#3500=VERTEX_POINT('',#11735);
#3501=VERTEX_POINT('',#11739);
#3502=VERTEX_POINT('',#11744);
#3503=VERTEX_POINT('',#11746);
#3504=VERTEX_POINT('',#11750);
#3505=VERTEX_POINT('',#11753);
#3506=VERTEX_POINT('',#11757);
#3507=VERTEX_POINT('',#11762);
#3508=VERTEX_POINT('',#11764);
#3509=VERTEX_POINT('',#11768);
#3510=VERTEX_POINT('',#11771);
#3511=VERTEX_POINT('',#11775);
#3512=VERTEX_POINT('',#11780);
#3513=VERTEX_POINT('',#11782);
#3514=VERTEX_POINT('',#11786);
#3515=VERTEX_POINT('',#11789);
#3516=VERTEX_POINT('',#11793);
#3517=VERTEX_POINT('',#11798);
#3518=VERTEX_POINT('',#11800);
#3519=VERTEX_POINT('',#11804);
#3520=VERTEX_POINT('',#11807);
#3521=VERTEX_POINT('',#11811);
#3522=VERTEX_POINT('',#11816);
#3523=VERTEX_POINT('',#11818);
#3524=VERTEX_POINT('',#11822);
#3525=VERTEX_POINT('',#11825);
#3526=VERTEX_POINT('',#11829);
#3527=VERTEX_POINT('',#11834);
#3528=VERTEX_POINT('',#11836);
#3529=VERTEX_POINT('',#11840);
#3530=VERTEX_POINT('',#11843);
#3531=VERTEX_POINT('',#11847);
#3532=VERTEX_POINT('',#11852);
#3533=VERTEX_POINT('',#11854);
#3534=VERTEX_POINT('',#11858);
#3535=VERTEX_POINT('',#11861);
#3536=VERTEX_POINT('',#11865);
#3537=VERTEX_POINT('',#11870);
#3538=VERTEX_POINT('',#11872);
#3539=VERTEX_POINT('',#11876);
#3540=VERTEX_POINT('',#11879);
#3541=VERTEX_POINT('',#11883);
#3542=VERTEX_POINT('',#11888);
#3543=VERTEX_POINT('',#11890);
#3544=VERTEX_POINT('',#11894);
#3545=VERTEX_POINT('',#11897);
#3546=VERTEX_POINT('',#11901);
#3547=VERTEX_POINT('',#11906);
#3548=VERTEX_POINT('',#11908);
#3549=VERTEX_POINT('',#11912);
#3550=VERTEX_POINT('',#11915);
#3551=VERTEX_POINT('',#11919);
#3552=VERTEX_POINT('',#11924);
#3553=VERTEX_POINT('',#11926);
#3554=VERTEX_POINT('',#11930);
#3555=VERTEX_POINT('',#11933);
#3556=VERTEX_POINT('',#11937);
#3557=VERTEX_POINT('',#11942);
#3558=VERTEX_POINT('',#11944);
#3559=VERTEX_POINT('',#11948);
#3560=VERTEX_POINT('',#11951);
#3561=VERTEX_POINT('',#11955);
#3562=VERTEX_POINT('',#11960);
#3563=VERTEX_POINT('',#11962);
#3564=VERTEX_POINT('',#11966);
#3565=VERTEX_POINT('',#11969);
#3566=VERTEX_POINT('',#11973);
#3567=VERTEX_POINT('',#11978);
#3568=VERTEX_POINT('',#11980);
#3569=VERTEX_POINT('',#11984);
#3570=VERTEX_POINT('',#11987);
#3571=VERTEX_POINT('',#11991);
#3572=VERTEX_POINT('',#11996);
#3573=VERTEX_POINT('',#11998);
#3574=VERTEX_POINT('',#12002);
#3575=VERTEX_POINT('',#12005);
#3576=VERTEX_POINT('',#12009);
#3577=VERTEX_POINT('',#12014);
#3578=VERTEX_POINT('',#12016);
#3579=VERTEX_POINT('',#12020);
#3580=VERTEX_POINT('',#12023);
#3581=VERTEX_POINT('',#12027);
#3582=VERTEX_POINT('',#12032);
#3583=VERTEX_POINT('',#12034);
#3584=VERTEX_POINT('',#12038);
#3585=VERTEX_POINT('',#12041);
#3586=VERTEX_POINT('',#12045);
#3587=VERTEX_POINT('',#12050);
#3588=VERTEX_POINT('',#12052);
#3589=VERTEX_POINT('',#12056);
#3590=VERTEX_POINT('',#12059);
#3591=VERTEX_POINT('',#12063);
#3592=VERTEX_POINT('',#12068);
#3593=VERTEX_POINT('',#12070);
#3594=VERTEX_POINT('',#12074);
#3595=VERTEX_POINT('',#12077);
#3596=VERTEX_POINT('',#12081);
#3597=VERTEX_POINT('',#12086);
#3598=VERTEX_POINT('',#12088);
#3599=VERTEX_POINT('',#12092);
#3600=VERTEX_POINT('',#12095);
#3601=VERTEX_POINT('',#12099);
#3602=VERTEX_POINT('',#12104);
#3603=VERTEX_POINT('',#12106);
#3604=VERTEX_POINT('',#12110);
#3605=VERTEX_POINT('',#12113);
#3606=VERTEX_POINT('',#12117);
#3607=VERTEX_POINT('',#12122);
#3608=VERTEX_POINT('',#12124);
#3609=VERTEX_POINT('',#12128);
#3610=VERTEX_POINT('',#12131);
#3611=VERTEX_POINT('',#12135);
#3612=VERTEX_POINT('',#12140);
#3613=VERTEX_POINT('',#12142);
#3614=VERTEX_POINT('',#12146);
#3615=VERTEX_POINT('',#12149);
#3616=VERTEX_POINT('',#12153);
#3617=VERTEX_POINT('',#12158);
#3618=VERTEX_POINT('',#12160);
#3619=VERTEX_POINT('',#12164);
#3620=VERTEX_POINT('',#12167);
#3621=VERTEX_POINT('',#12171);
#3622=VERTEX_POINT('',#12176);
#3623=VERTEX_POINT('',#12178);
#3624=VERTEX_POINT('',#12182);
#3625=VERTEX_POINT('',#12185);
#3626=VERTEX_POINT('',#12189);
#3627=VERTEX_POINT('',#12194);
#3628=VERTEX_POINT('',#12196);
#3629=VERTEX_POINT('',#12200);
#3630=VERTEX_POINT('',#12203);
#3631=VERTEX_POINT('',#12207);
#3632=VERTEX_POINT('',#12212);
#3633=VERTEX_POINT('',#12214);
#3634=VERTEX_POINT('',#12218);
#3635=VERTEX_POINT('',#12221);
#3636=VERTEX_POINT('',#12225);
#3637=VERTEX_POINT('',#12230);
#3638=VERTEX_POINT('',#12232);
#3639=VERTEX_POINT('',#12236);
#3640=VERTEX_POINT('',#12239);
#3641=VERTEX_POINT('',#12243);
#3642=VERTEX_POINT('',#12248);
#3643=VERTEX_POINT('',#12250);
#3644=VERTEX_POINT('',#12254);
#3645=VERTEX_POINT('',#12257);
#3646=VERTEX_POINT('',#12261);
#3647=VERTEX_POINT('',#12266);
#3648=VERTEX_POINT('',#12268);
#3649=VERTEX_POINT('',#12272);
#3650=VERTEX_POINT('',#12275);
#3651=VERTEX_POINT('',#12279);
#3652=VERTEX_POINT('',#12284);
#3653=VERTEX_POINT('',#12286);
#3654=VERTEX_POINT('',#12290);
#3655=VERTEX_POINT('',#12293);
#3656=VERTEX_POINT('',#12297);
#3657=VERTEX_POINT('',#12302);
#3658=VERTEX_POINT('',#12304);
#3659=VERTEX_POINT('',#12308);
#3660=VERTEX_POINT('',#12311);
#3661=VERTEX_POINT('',#12315);
#3662=VERTEX_POINT('',#12320);
#3663=VERTEX_POINT('',#12322);
#3664=VERTEX_POINT('',#12326);
#3665=VERTEX_POINT('',#12329);
#3666=VERTEX_POINT('',#12333);
#3667=VERTEX_POINT('',#12338);
#3668=VERTEX_POINT('',#12340);
#3669=VERTEX_POINT('',#12344);
#3670=VERTEX_POINT('',#12347);
#3671=VERTEX_POINT('',#12351);
#3672=VERTEX_POINT('',#12356);
#3673=VERTEX_POINT('',#12358);
#3674=VERTEX_POINT('',#12362);
#3675=VERTEX_POINT('',#12365);
#3676=VERTEX_POINT('',#12369);
#3677=VERTEX_POINT('',#12374);
#3678=VERTEX_POINT('',#12376);
#3679=VERTEX_POINT('',#12380);
#3680=VERTEX_POINT('',#12383);
#3681=VERTEX_POINT('',#12387);
#3682=VERTEX_POINT('',#12392);
#3683=VERTEX_POINT('',#12394);
#3684=VERTEX_POINT('',#12398);
#3685=VERTEX_POINT('',#12401);
#3686=VERTEX_POINT('',#12405);
#3687=VERTEX_POINT('',#12410);
#3688=VERTEX_POINT('',#12412);
#3689=VERTEX_POINT('',#12416);
#3690=VERTEX_POINT('',#12419);
#3691=VERTEX_POINT('',#12423);
#3692=VERTEX_POINT('',#12428);
#3693=VERTEX_POINT('',#12430);
#3694=VERTEX_POINT('',#12434);
#3695=VERTEX_POINT('',#12437);
#3696=VERTEX_POINT('',#12441);
#3697=VERTEX_POINT('',#12446);
#3698=VERTEX_POINT('',#12448);
#3699=VERTEX_POINT('',#12452);
#3700=VERTEX_POINT('',#12455);
#3701=VERTEX_POINT('',#12459);
#3702=VERTEX_POINT('',#12464);
#3703=VERTEX_POINT('',#12466);
#3704=VERTEX_POINT('',#12470);
#3705=VERTEX_POINT('',#12473);
#3706=VERTEX_POINT('',#12477);
#3707=VERTEX_POINT('',#12482);
#3708=VERTEX_POINT('',#12484);
#3709=VERTEX_POINT('',#12488);
#3710=VERTEX_POINT('',#12491);
#3711=VERTEX_POINT('',#12495);
#3712=VERTEX_POINT('',#12500);
#3713=VERTEX_POINT('',#12502);
#3714=VERTEX_POINT('',#12506);
#3715=VERTEX_POINT('',#12509);
#3716=VERTEX_POINT('',#12513);
#3717=VERTEX_POINT('',#12518);
#3718=VERTEX_POINT('',#12520);
#3719=VERTEX_POINT('',#12524);
#3720=VERTEX_POINT('',#12527);
#3721=VERTEX_POINT('',#12531);
#3722=VERTEX_POINT('',#12536);
#3723=VERTEX_POINT('',#12538);
#3724=VERTEX_POINT('',#12542);
#3725=VERTEX_POINT('',#12545);
#3726=VERTEX_POINT('',#12549);
#3727=VERTEX_POINT('',#12554);
#3728=VERTEX_POINT('',#12556);
#3729=VERTEX_POINT('',#12560);
#3730=VERTEX_POINT('',#12563);
#3731=VERTEX_POINT('',#12567);
#3732=VERTEX_POINT('',#12572);
#3733=VERTEX_POINT('',#12574);
#3734=VERTEX_POINT('',#12578);
#3735=VERTEX_POINT('',#12581);
#3736=VERTEX_POINT('',#12585);
#3737=VERTEX_POINT('',#12590);
#3738=VERTEX_POINT('',#12592);
#3739=VERTEX_POINT('',#12596);
#3740=VERTEX_POINT('',#12599);
#3741=VERTEX_POINT('',#12603);
#3742=VERTEX_POINT('',#12608);
#3743=VERTEX_POINT('',#12610);
#3744=VERTEX_POINT('',#12614);
#3745=VERTEX_POINT('',#12617);
#3746=VERTEX_POINT('',#12621);
#3747=VERTEX_POINT('',#12626);
#3748=VERTEX_POINT('',#12628);
#3749=VERTEX_POINT('',#12632);
#3750=VERTEX_POINT('',#12635);
#3751=VERTEX_POINT('',#12639);
#3752=VERTEX_POINT('',#12644);
#3753=VERTEX_POINT('',#12646);
#3754=VERTEX_POINT('',#12650);
#3755=VERTEX_POINT('',#12653);
#3756=VERTEX_POINT('',#12657);
#3757=VERTEX_POINT('',#12662);
#3758=VERTEX_POINT('',#12664);
#3759=VERTEX_POINT('',#12668);
#3760=VERTEX_POINT('',#12671);
#3761=VERTEX_POINT('',#12675);
#3762=VERTEX_POINT('',#12680);
#3763=VERTEX_POINT('',#12682);
#3764=VERTEX_POINT('',#12686);
#3765=VERTEX_POINT('',#12689);
#3766=VERTEX_POINT('',#12693);
#3767=VERTEX_POINT('',#12698);
#3768=VERTEX_POINT('',#12700);
#3769=VERTEX_POINT('',#12704);
#3770=VERTEX_POINT('',#12707);
#3771=VERTEX_POINT('',#12711);
#3772=VERTEX_POINT('',#12716);
#3773=VERTEX_POINT('',#12718);
#3774=VERTEX_POINT('',#12722);
#3775=VERTEX_POINT('',#12725);
#3776=VERTEX_POINT('',#12729);
#3777=VERTEX_POINT('',#12734);
#3778=VERTEX_POINT('',#12736);
#3779=VERTEX_POINT('',#12740);
#3780=VERTEX_POINT('',#12743);
#3781=VERTEX_POINT('',#12747);
#3782=VERTEX_POINT('',#12752);
#3783=VERTEX_POINT('',#12754);
#3784=VERTEX_POINT('',#12758);
#3785=VERTEX_POINT('',#12761);
#3786=VERTEX_POINT('',#12765);
#3787=VERTEX_POINT('',#12770);
#3788=VERTEX_POINT('',#12772);
#3789=VERTEX_POINT('',#12776);
#3790=VERTEX_POINT('',#12779);
#3791=VERTEX_POINT('',#12783);
#3792=VERTEX_POINT('',#12788);
#3793=VERTEX_POINT('',#12790);
#3794=VERTEX_POINT('',#12794);
#3795=VERTEX_POINT('',#12797);
#3796=VERTEX_POINT('',#12801);
#3797=VERTEX_POINT('',#12806);
#3798=VERTEX_POINT('',#12808);
#3799=VERTEX_POINT('',#12812);
#3800=VERTEX_POINT('',#12815);
#3801=VERTEX_POINT('',#12819);
#3802=VERTEX_POINT('',#12824);
#3803=VERTEX_POINT('',#12826);
#3804=VERTEX_POINT('',#12830);
#3805=VERTEX_POINT('',#12833);
#3806=VERTEX_POINT('',#12837);
#3807=VERTEX_POINT('',#12842);
#3808=VERTEX_POINT('',#12844);
#3809=VERTEX_POINT('',#12848);
#3810=VERTEX_POINT('',#12851);
#3811=VERTEX_POINT('',#12855);
#3812=VERTEX_POINT('',#12860);
#3813=VERTEX_POINT('',#12862);
#3814=VERTEX_POINT('',#12866);
#3815=VERTEX_POINT('',#12869);
#3816=VERTEX_POINT('',#12873);
#3817=VERTEX_POINT('',#12878);
#3818=VERTEX_POINT('',#12880);
#3819=VERTEX_POINT('',#12884);
#3820=VERTEX_POINT('',#12887);
#3821=VERTEX_POINT('',#12891);
#3822=VERTEX_POINT('',#12896);
#3823=VERTEX_POINT('',#12898);
#3824=VERTEX_POINT('',#12902);
#3825=VERTEX_POINT('',#12905);
#3826=VERTEX_POINT('',#12909);
#3827=VERTEX_POINT('',#12914);
#3828=VERTEX_POINT('',#12916);
#3829=VERTEX_POINT('',#12920);
#3830=VERTEX_POINT('',#12923);
#3831=VERTEX_POINT('',#12927);
#3832=VERTEX_POINT('',#12932);
#3833=VERTEX_POINT('',#12934);
#3834=VERTEX_POINT('',#12938);
#3835=VERTEX_POINT('',#12941);
#3836=VERTEX_POINT('',#12945);
#3837=VERTEX_POINT('',#12950);
#3838=VERTEX_POINT('',#12952);
#3839=VERTEX_POINT('',#12956);
#3840=VERTEX_POINT('',#12959);
#3841=VERTEX_POINT('',#12963);
#3842=VERTEX_POINT('',#12968);
#3843=VERTEX_POINT('',#12970);
#3844=VERTEX_POINT('',#12974);
#3845=VERTEX_POINT('',#12979);
#3846=VERTEX_POINT('',#12981);
#3847=VERTEX_POINT('',#12985);
#3848=VERTEX_POINT('',#12990);
#3849=VERTEX_POINT('',#12992);
#3850=VERTEX_POINT('',#12996);
#3851=VERTEX_POINT('',#13001);
#3852=VERTEX_POINT('',#13003);
#3853=VERTEX_POINT('',#13007);
#3854=VERTEX_POINT('',#13012);
#3855=VERTEX_POINT('',#13013);
#3856=VERTEX_POINT('',#13018);
#3857=VERTEX_POINT('',#13022);
#3858=VERTEX_POINT('',#13028);
#3859=VERTEX_POINT('',#13029);
#3860=VERTEX_POINT('',#13031);
#3861=VERTEX_POINT('',#13033);
#3862=VERTEX_POINT('',#13037);
#3863=VERTEX_POINT('',#13039);
#3864=VERTEX_POINT('',#13043);
#3865=VERTEX_POINT('',#13045);
#3866=EDGE_CURVE('',#3258,#3258,#2666,.T.);
#3867=EDGE_CURVE('',#3258,#3259,#2026,.T.);
#3868=EDGE_CURVE('',#3259,#3259,#2667,.T.);
#3869=EDGE_CURVE('',#3260,#3260,#2668,.T.);
#3870=EDGE_CURVE('',#3261,#3261,#2669,.T.);
#3871=EDGE_CURVE('',#3261,#3260,#2027,.T.);
#3872=EDGE_CURVE('',#3262,#3262,#2670,.T.);
#3873=EDGE_CURVE('',#3262,#3263,#2028,.T.);
#3874=EDGE_CURVE('',#3263,#3263,#2671,.T.);
#3875=EDGE_CURVE('',#3264,#3265,#2029,.T.);
#3876=EDGE_CURVE('',#3266,#3264,#2030,.T.);
#3877=EDGE_CURVE('',#3267,#3266,#2031,.T.);
#3878=EDGE_CURVE('',#3265,#3267,#2032,.T.);
#3879=EDGE_CURVE('',#3268,#3268,#2672,.T.);
#3880=EDGE_CURVE('',#3269,#3269,#2673,.T.);
#3881=EDGE_CURVE('',#3270,#3270,#2674,.T.);
#3882=EDGE_CURVE('',#3271,#3271,#2675,.T.);
#3883=EDGE_CURVE('',#3272,#3272,#2676,.T.);
#3884=EDGE_CURVE('',#3273,#3273,#2677,.T.);
#3885=EDGE_CURVE('',#3274,#3274,#2678,.T.);
#3886=EDGE_CURVE('',#3275,#3275,#2679,.T.);
#3887=EDGE_CURVE('',#3276,#3276,#2680,.T.);
#3888=EDGE_CURVE('',#3277,#3277,#2681,.T.);
#3889=EDGE_CURVE('',#3278,#3278,#2682,.T.);
#3890=EDGE_CURVE('',#3279,#3279,#2683,.T.);
#3891=EDGE_CURVE('',#3280,#3280,#2684,.T.);
#3892=EDGE_CURVE('',#3281,#3281,#2685,.T.);
#3893=EDGE_CURVE('',#3282,#3282,#2686,.T.);
#3894=EDGE_CURVE('',#3283,#3283,#2687,.T.);
#3895=EDGE_CURVE('',#3284,#3284,#2688,.T.);
#3896=EDGE_CURVE('',#3285,#3285,#2689,.T.);
#3897=EDGE_CURVE('',#3286,#3286,#2690,.T.);
#3898=EDGE_CURVE('',#3287,#3287,#2691,.T.);
#3899=EDGE_CURVE('',#3288,#3288,#2692,.T.);
#3900=EDGE_CURVE('',#3289,#3289,#2693,.T.);
#3901=EDGE_CURVE('',#3290,#3290,#2694,.T.);
#3902=EDGE_CURVE('',#3291,#3291,#2695,.T.);
#3903=EDGE_CURVE('',#3292,#3292,#2696,.T.);
#3904=EDGE_CURVE('',#3293,#3293,#2697,.T.);
#3905=EDGE_CURVE('',#3294,#3294,#2698,.T.);
#3906=EDGE_CURVE('',#3295,#3295,#2699,.T.);
#3907=EDGE_CURVE('',#3296,#3296,#2700,.T.);
#3908=EDGE_CURVE('',#3297,#3297,#2701,.T.);
#3909=EDGE_CURVE('',#3298,#3298,#2702,.T.);
#3910=EDGE_CURVE('',#3299,#3299,#2703,.T.);
#3911=EDGE_CURVE('',#3300,#3300,#2704,.T.);
#3912=EDGE_CURVE('',#3301,#3301,#2705,.T.);
#3913=EDGE_CURVE('',#3302,#3302,#2706,.T.);
#3914=EDGE_CURVE('',#3303,#3303,#2707,.T.);
#3915=EDGE_CURVE('',#3304,#3304,#2708,.T.);
#3916=EDGE_CURVE('',#3305,#3305,#2709,.T.);
#3917=EDGE_CURVE('',#3306,#3306,#2710,.T.);
#3918=EDGE_CURVE('',#3307,#3307,#2711,.T.);
#3919=EDGE_CURVE('',#3308,#3308,#2712,.T.);
#3920=EDGE_CURVE('',#3309,#3309,#2713,.T.);
#3921=EDGE_CURVE('',#3310,#3310,#2714,.T.);
#3922=EDGE_CURVE('',#3311,#3311,#2715,.T.);
#3923=EDGE_CURVE('',#3312,#3312,#2716,.T.);
#3924=EDGE_CURVE('',#3313,#3313,#2717,.T.);
#3925=EDGE_CURVE('',#3314,#3314,#2718,.T.);
#3926=EDGE_CURVE('',#3315,#3315,#2719,.T.);
#3927=EDGE_CURVE('',#3316,#3316,#2720,.T.);
#3928=EDGE_CURVE('',#3317,#3317,#2721,.T.);
#3929=EDGE_CURVE('',#3318,#3318,#2722,.T.);
#3930=EDGE_CURVE('',#3319,#3319,#2723,.T.);
#3931=EDGE_CURVE('',#3320,#3320,#2724,.T.);
#3932=EDGE_CURVE('',#3321,#3321,#2725,.T.);
#3933=EDGE_CURVE('',#3322,#3322,#2726,.T.);
#3934=EDGE_CURVE('',#3323,#3323,#2727,.T.);
#3935=EDGE_CURVE('',#3324,#3324,#2728,.T.);
#3936=EDGE_CURVE('',#3325,#3325,#2729,.T.);
#3937=EDGE_CURVE('',#3326,#3326,#2730,.T.);
#3938=EDGE_CURVE('',#3327,#3327,#2731,.T.);
#3939=EDGE_CURVE('',#3328,#3328,#2732,.T.);
#3940=EDGE_CURVE('',#3329,#3329,#2733,.T.);
#3941=EDGE_CURVE('',#3330,#3330,#2734,.T.);
#3942=EDGE_CURVE('',#3331,#3331,#2735,.T.);
#3943=EDGE_CURVE('',#3332,#3332,#2736,.T.);
#3944=EDGE_CURVE('',#3333,#3333,#2737,.T.);
#3945=EDGE_CURVE('',#3334,#3334,#2738,.T.);
#3946=EDGE_CURVE('',#3335,#3335,#2739,.T.);
#3947=EDGE_CURVE('',#3336,#3336,#2740,.T.);
#3948=EDGE_CURVE('',#3337,#3337,#2741,.T.);
#3949=EDGE_CURVE('',#3338,#3338,#2742,.T.);
#3950=EDGE_CURVE('',#3339,#3339,#2743,.T.);
#3951=EDGE_CURVE('',#3340,#3340,#2744,.T.);
#3952=EDGE_CURVE('',#3341,#3341,#2745,.T.);
#3953=EDGE_CURVE('',#3342,#3342,#2746,.T.);
#3954=EDGE_CURVE('',#3343,#3343,#2747,.T.);
#3955=EDGE_CURVE('',#3344,#3344,#2748,.T.);
#3956=EDGE_CURVE('',#3345,#3345,#2749,.T.);
#3957=EDGE_CURVE('',#3346,#3346,#2750,.T.);
#3958=EDGE_CURVE('',#3347,#3347,#2751,.T.);
#3959=EDGE_CURVE('',#3348,#3348,#2752,.T.);
#3960=EDGE_CURVE('',#3349,#3349,#2753,.T.);
#3961=EDGE_CURVE('',#3350,#3350,#2754,.T.);
#3962=EDGE_CURVE('',#3351,#3351,#2755,.T.);
#3963=EDGE_CURVE('',#3352,#3352,#2756,.T.);
#3964=EDGE_CURVE('',#3353,#3353,#2757,.T.);
#3965=EDGE_CURVE('',#3354,#3354,#2758,.T.);
#3966=EDGE_CURVE('',#3355,#3355,#2759,.T.);
#3967=EDGE_CURVE('',#3356,#3356,#2760,.T.);
#3968=EDGE_CURVE('',#3357,#3357,#2761,.T.);
#3969=EDGE_CURVE('',#3358,#3358,#2762,.T.);
#3970=EDGE_CURVE('',#3359,#3359,#2763,.T.);
#3971=EDGE_CURVE('',#3360,#3360,#2764,.T.);
#3972=EDGE_CURVE('',#3361,#3361,#2765,.T.);
#3973=EDGE_CURVE('',#3362,#3362,#2766,.T.);
#3974=EDGE_CURVE('',#3363,#3363,#2767,.T.);
#3975=EDGE_CURVE('',#3364,#3364,#2768,.T.);
#3976=EDGE_CURVE('',#3365,#3365,#2769,.T.);
#3977=EDGE_CURVE('',#3366,#3366,#2770,.T.);
#3978=EDGE_CURVE('',#3367,#3367,#2771,.T.);
#3979=EDGE_CURVE('',#3367,#3368,#2033,.T.);
#3980=EDGE_CURVE('',#3368,#3368,#2772,.T.);
#3981=EDGE_CURVE('',#3369,#3369,#2773,.T.);
#3982=EDGE_CURVE('',#3370,#3370,#2774,.T.);
#3983=EDGE_CURVE('',#3370,#3369,#2034,.T.);
#3984=EDGE_CURVE('',#3371,#3371,#2775,.T.);
#3985=EDGE_CURVE('',#3371,#3268,#2035,.T.);
#3986=EDGE_CURVE('',#3372,#3372,#2776,.T.);
#3987=EDGE_CURVE('',#3372,#3373,#2036,.T.);
#3988=EDGE_CURVE('',#3373,#3373,#2777,.T.);
#3989=EDGE_CURVE('',#3374,#3374,#2778,.T.);
#3990=EDGE_CURVE('',#3375,#3375,#2779,.T.);
#3991=EDGE_CURVE('',#3375,#3374,#2037,.T.);
#3992=EDGE_CURVE('',#3376,#3376,#2780,.T.);
#3993=EDGE_CURVE('',#3376,#3366,#2038,.T.);
#3994=EDGE_CURVE('',#3377,#3377,#2781,.T.);
#3995=EDGE_CURVE('',#3377,#3378,#2039,.T.);
#3996=EDGE_CURVE('',#3378,#3378,#2782,.T.);
#3997=EDGE_CURVE('',#3379,#3379,#2783,.T.);
#3998=EDGE_CURVE('',#3380,#3380,#2784,.T.);
#3999=EDGE_CURVE('',#3380,#3379,#2040,.T.);
#4000=EDGE_CURVE('',#3381,#3381,#2785,.T.);
#4001=EDGE_CURVE('',#3381,#3269,#2041,.T.);
#4002=EDGE_CURVE('',#3382,#3382,#2786,.T.);
#4003=EDGE_CURVE('',#3382,#3383,#2042,.T.);
#4004=EDGE_CURVE('',#3383,#3383,#2787,.T.);
#4005=EDGE_CURVE('',#3384,#3384,#2788,.T.);
#4006=EDGE_CURVE('',#3385,#3385,#2789,.T.);
#4007=EDGE_CURVE('',#3385,#3384,#2043,.T.);
#4008=EDGE_CURVE('',#3386,#3386,#2790,.T.);
#4009=EDGE_CURVE('',#3386,#3365,#2044,.T.);
#4010=EDGE_CURVE('',#3387,#3387,#2791,.T.);
#4011=EDGE_CURVE('',#3387,#3388,#2045,.T.);
#4012=EDGE_CURVE('',#3388,#3388,#2792,.T.);
#4013=EDGE_CURVE('',#3389,#3389,#2793,.T.);
#4014=EDGE_CURVE('',#3390,#3390,#2794,.T.);
#4015=EDGE_CURVE('',#3390,#3389,#2046,.T.);
#4016=EDGE_CURVE('',#3391,#3391,#2795,.T.);
#4017=EDGE_CURVE('',#3391,#3270,#2047,.T.);
#4018=EDGE_CURVE('',#3392,#3392,#2796,.T.);
#4019=EDGE_CURVE('',#3392,#3393,#2048,.T.);
#4020=EDGE_CURVE('',#3393,#3393,#2797,.T.);
#4021=EDGE_CURVE('',#3394,#3394,#2798,.T.);
#4022=EDGE_CURVE('',#3395,#3395,#2799,.T.);
#4023=EDGE_CURVE('',#3395,#3394,#2049,.T.);
#4024=EDGE_CURVE('',#3396,#3396,#2800,.T.);
#4025=EDGE_CURVE('',#3396,#3364,#2050,.T.);
#4026=EDGE_CURVE('',#3397,#3397,#2801,.T.);
#4027=EDGE_CURVE('',#3397,#3398,#2051,.T.);
#4028=EDGE_CURVE('',#3398,#3398,#2802,.T.);
#4029=EDGE_CURVE('',#3399,#3399,#2803,.T.);
#4030=EDGE_CURVE('',#3400,#3400,#2804,.T.);
#4031=EDGE_CURVE('',#3400,#3399,#2052,.T.);
#4032=EDGE_CURVE('',#3401,#3401,#2805,.T.);
#4033=EDGE_CURVE('',#3401,#3271,#2053,.T.);
#4034=EDGE_CURVE('',#3402,#3402,#2806,.T.);
#4035=EDGE_CURVE('',#3402,#3403,#2054,.T.);
#4036=EDGE_CURVE('',#3403,#3403,#2807,.T.);
#4037=EDGE_CURVE('',#3404,#3404,#2808,.T.);
#4038=EDGE_CURVE('',#3405,#3405,#2809,.T.);
#4039=EDGE_CURVE('',#3405,#3404,#2055,.T.);
#4040=EDGE_CURVE('',#3406,#3406,#2810,.T.);
#4041=EDGE_CURVE('',#3406,#3363,#2056,.T.);
#4042=EDGE_CURVE('',#3407,#3407,#2811,.T.);
#4043=EDGE_CURVE('',#3407,#3408,#2057,.T.);
#4044=EDGE_CURVE('',#3408,#3408,#2812,.T.);
#4045=EDGE_CURVE('',#3409,#3409,#2813,.T.);
#4046=EDGE_CURVE('',#3410,#3410,#2814,.T.);
#4047=EDGE_CURVE('',#3410,#3409,#2058,.T.);
#4048=EDGE_CURVE('',#3411,#3411,#2815,.T.);
#4049=EDGE_CURVE('',#3411,#3272,#2059,.T.);
#4050=EDGE_CURVE('',#3412,#3412,#2816,.T.);
#4051=EDGE_CURVE('',#3412,#3413,#2060,.T.);
#4052=EDGE_CURVE('',#3413,#3413,#2817,.T.);
#4053=EDGE_CURVE('',#3414,#3414,#2818,.T.);
#4054=EDGE_CURVE('',#3415,#3415,#2819,.T.);
#4055=EDGE_CURVE('',#3415,#3414,#2061,.T.);
#4056=EDGE_CURVE('',#3416,#3416,#2820,.T.);
#4057=EDGE_CURVE('',#3416,#3362,#2062,.T.);
#4058=EDGE_CURVE('',#3417,#3417,#2821,.T.);
#4059=EDGE_CURVE('',#3417,#3418,#2063,.T.);
#4060=EDGE_CURVE('',#3418,#3418,#2822,.T.);
#4061=EDGE_CURVE('',#3419,#3419,#2823,.T.);
#4062=EDGE_CURVE('',#3420,#3420,#2824,.T.);
#4063=EDGE_CURVE('',#3420,#3419,#2064,.T.);
#4064=EDGE_CURVE('',#3421,#3421,#2825,.T.);
#4065=EDGE_CURVE('',#3421,#3273,#2065,.T.);
#4066=EDGE_CURVE('',#3422,#3422,#2826,.T.);
#4067=EDGE_CURVE('',#3422,#3423,#2066,.T.);
#4068=EDGE_CURVE('',#3423,#3423,#2827,.T.);
#4069=EDGE_CURVE('',#3424,#3424,#2828,.T.);
#4070=EDGE_CURVE('',#3425,#3425,#2829,.T.);
#4071=EDGE_CURVE('',#3425,#3424,#2067,.T.);
#4072=EDGE_CURVE('',#3426,#3426,#2830,.T.);
#4073=EDGE_CURVE('',#3426,#3361,#2068,.T.);
#4074=EDGE_CURVE('',#3427,#3427,#2831,.T.);
#4075=EDGE_CURVE('',#3427,#3428,#2069,.T.);
#4076=EDGE_CURVE('',#3428,#3428,#2832,.T.);
#4077=EDGE_CURVE('',#3429,#3429,#2833,.T.);
#4078=EDGE_CURVE('',#3430,#3430,#2834,.T.);
#4079=EDGE_CURVE('',#3430,#3429,#2070,.T.);
#4080=EDGE_CURVE('',#3431,#3431,#2835,.T.);
#4081=EDGE_CURVE('',#3431,#3274,#2071,.T.);
#4082=EDGE_CURVE('',#3432,#3432,#2836,.T.);
#4083=EDGE_CURVE('',#3432,#3433,#2072,.T.);
#4084=EDGE_CURVE('',#3433,#3433,#2837,.T.);
#4085=EDGE_CURVE('',#3434,#3434,#2838,.T.);
#4086=EDGE_CURVE('',#3435,#3435,#2839,.T.);
#4087=EDGE_CURVE('',#3435,#3434,#2073,.T.);
#4088=EDGE_CURVE('',#3436,#3436,#2840,.T.);
#4089=EDGE_CURVE('',#3436,#3360,#2074,.T.);
#4090=EDGE_CURVE('',#3437,#3437,#2841,.T.);
#4091=EDGE_CURVE('',#3437,#3438,#2075,.T.);
#4092=EDGE_CURVE('',#3438,#3438,#2842,.T.);
#4093=EDGE_CURVE('',#3439,#3439,#2843,.T.);
#4094=EDGE_CURVE('',#3440,#3440,#2844,.T.);
#4095=EDGE_CURVE('',#3440,#3439,#2076,.T.);
#4096=EDGE_CURVE('',#3441,#3441,#2845,.T.);
#4097=EDGE_CURVE('',#3441,#3275,#2077,.T.);
#4098=EDGE_CURVE('',#3442,#3442,#2846,.T.);
#4099=EDGE_CURVE('',#3442,#3443,#2078,.T.);
#4100=EDGE_CURVE('',#3443,#3443,#2847,.T.);
#4101=EDGE_CURVE('',#3444,#3444,#2848,.T.);
#4102=EDGE_CURVE('',#3445,#3445,#2849,.T.);
#4103=EDGE_CURVE('',#3445,#3444,#2079,.T.);
#4104=EDGE_CURVE('',#3446,#3446,#2850,.T.);
#4105=EDGE_CURVE('',#3446,#3359,#2080,.T.);
#4106=EDGE_CURVE('',#3447,#3447,#2851,.T.);
#4107=EDGE_CURVE('',#3447,#3448,#2081,.T.);
#4108=EDGE_CURVE('',#3448,#3448,#2852,.T.);
#4109=EDGE_CURVE('',#3449,#3449,#2853,.T.);
#4110=EDGE_CURVE('',#3450,#3450,#2854,.T.);
#4111=EDGE_CURVE('',#3450,#3449,#2082,.T.);
#4112=EDGE_CURVE('',#3451,#3451,#2855,.T.);
#4113=EDGE_CURVE('',#3451,#3276,#2083,.T.);
#4114=EDGE_CURVE('',#3452,#3452,#2856,.T.);
#4115=EDGE_CURVE('',#3452,#3453,#2084,.T.);
#4116=EDGE_CURVE('',#3453,#3453,#2857,.T.);
#4117=EDGE_CURVE('',#3454,#3454,#2858,.T.);
#4118=EDGE_CURVE('',#3455,#3455,#2859,.T.);
#4119=EDGE_CURVE('',#3455,#3454,#2085,.T.);
#4120=EDGE_CURVE('',#3456,#3456,#2860,.T.);
#4121=EDGE_CURVE('',#3456,#3358,#2086,.T.);
#4122=EDGE_CURVE('',#3457,#3457,#2861,.T.);
#4123=EDGE_CURVE('',#3457,#3458,#2087,.T.);
#4124=EDGE_CURVE('',#3458,#3458,#2862,.T.);
#4125=EDGE_CURVE('',#3459,#3459,#2863,.T.);
#4126=EDGE_CURVE('',#3460,#3460,#2864,.T.);
#4127=EDGE_CURVE('',#3460,#3459,#2088,.T.);
#4128=EDGE_CURVE('',#3461,#3461,#2865,.T.);
#4129=EDGE_CURVE('',#3461,#3277,#2089,.T.);
#4130=EDGE_CURVE('',#3462,#3462,#2866,.T.);
#4131=EDGE_CURVE('',#3462,#3463,#2090,.T.);
#4132=EDGE_CURVE('',#3463,#3463,#2867,.T.);
#4133=EDGE_CURVE('',#3464,#3464,#2868,.T.);
#4134=EDGE_CURVE('',#3465,#3465,#2869,.T.);
#4135=EDGE_CURVE('',#3465,#3464,#2091,.T.);
#4136=EDGE_CURVE('',#3466,#3466,#2870,.T.);
#4137=EDGE_CURVE('',#3466,#3357,#2092,.T.);
#4138=EDGE_CURVE('',#3467,#3467,#2871,.T.);
#4139=EDGE_CURVE('',#3467,#3468,#2093,.T.);
#4140=EDGE_CURVE('',#3468,#3468,#2872,.T.);
#4141=EDGE_CURVE('',#3469,#3469,#2873,.T.);
#4142=EDGE_CURVE('',#3470,#3470,#2874,.T.);
#4143=EDGE_CURVE('',#3470,#3469,#2094,.T.);
#4144=EDGE_CURVE('',#3471,#3471,#2875,.T.);
#4145=EDGE_CURVE('',#3471,#3278,#2095,.T.);
#4146=EDGE_CURVE('',#3472,#3472,#2876,.T.);
#4147=EDGE_CURVE('',#3472,#3473,#2096,.T.);
#4148=EDGE_CURVE('',#3473,#3473,#2877,.T.);
#4149=EDGE_CURVE('',#3474,#3474,#2878,.T.);
#4150=EDGE_CURVE('',#3475,#3475,#2879,.T.);
#4151=EDGE_CURVE('',#3475,#3474,#2097,.T.);
#4152=EDGE_CURVE('',#3476,#3476,#2880,.T.);
#4153=EDGE_CURVE('',#3476,#3356,#2098,.T.);
#4154=EDGE_CURVE('',#3477,#3477,#2881,.T.);
#4155=EDGE_CURVE('',#3477,#3478,#2099,.T.);
#4156=EDGE_CURVE('',#3478,#3478,#2882,.T.);
#4157=EDGE_CURVE('',#3479,#3479,#2883,.T.);
#4158=EDGE_CURVE('',#3480,#3480,#2884,.T.);
#4159=EDGE_CURVE('',#3480,#3479,#2100,.T.);
#4160=EDGE_CURVE('',#3481,#3481,#2885,.T.);
#4161=EDGE_CURVE('',#3481,#3279,#2101,.T.);
#4162=EDGE_CURVE('',#3482,#3482,#2886,.T.);
#4163=EDGE_CURVE('',#3482,#3483,#2102,.T.);
#4164=EDGE_CURVE('',#3483,#3483,#2887,.T.);
#4165=EDGE_CURVE('',#3484,#3484,#2888,.T.);
#4166=EDGE_CURVE('',#3485,#3485,#2889,.T.);
#4167=EDGE_CURVE('',#3485,#3484,#2103,.T.);
#4168=EDGE_CURVE('',#3486,#3486,#2890,.T.);
#4169=EDGE_CURVE('',#3486,#3355,#2104,.T.);
#4170=EDGE_CURVE('',#3487,#3487,#2891,.T.);
#4171=EDGE_CURVE('',#3487,#3488,#2105,.T.);
#4172=EDGE_CURVE('',#3488,#3488,#2892,.T.);
#4173=EDGE_CURVE('',#3489,#3489,#2893,.T.);
#4174=EDGE_CURVE('',#3490,#3490,#2894,.T.);
#4175=EDGE_CURVE('',#3490,#3489,#2106,.T.);
#4176=EDGE_CURVE('',#3491,#3491,#2895,.T.);
#4177=EDGE_CURVE('',#3491,#3280,#2107,.T.);
#4178=EDGE_CURVE('',#3492,#3492,#2896,.T.);
#4179=EDGE_CURVE('',#3492,#3493,#2108,.T.);
#4180=EDGE_CURVE('',#3493,#3493,#2897,.T.);
#4181=EDGE_CURVE('',#3494,#3494,#2898,.T.);
#4182=EDGE_CURVE('',#3495,#3495,#2899,.T.);
#4183=EDGE_CURVE('',#3495,#3494,#2109,.T.);
#4184=EDGE_CURVE('',#3496,#3496,#2900,.T.);
#4185=EDGE_CURVE('',#3496,#3354,#2110,.T.);
#4186=EDGE_CURVE('',#3497,#3497,#2901,.T.);
#4187=EDGE_CURVE('',#3497,#3498,#2111,.T.);
#4188=EDGE_CURVE('',#3498,#3498,#2902,.T.);
#4189=EDGE_CURVE('',#3499,#3499,#2903,.T.);
#4190=EDGE_CURVE('',#3500,#3500,#2904,.T.);
#4191=EDGE_CURVE('',#3500,#3499,#2112,.T.);
#4192=EDGE_CURVE('',#3501,#3501,#2905,.T.);
#4193=EDGE_CURVE('',#3501,#3281,#2113,.T.);
#4194=EDGE_CURVE('',#3502,#3502,#2906,.T.);
#4195=EDGE_CURVE('',#3502,#3503,#2114,.T.);
#4196=EDGE_CURVE('',#3503,#3503,#2907,.T.);
#4197=EDGE_CURVE('',#3504,#3504,#2908,.T.);
#4198=EDGE_CURVE('',#3505,#3505,#2909,.T.);
#4199=EDGE_CURVE('',#3505,#3504,#2115,.T.);
#4200=EDGE_CURVE('',#3506,#3506,#2910,.T.);
#4201=EDGE_CURVE('',#3506,#3353,#2116,.T.);
#4202=EDGE_CURVE('',#3507,#3507,#2911,.T.);
#4203=EDGE_CURVE('',#3507,#3508,#2117,.T.);
#4204=EDGE_CURVE('',#3508,#3508,#2912,.T.);
#4205=EDGE_CURVE('',#3509,#3509,#2913,.T.);
#4206=EDGE_CURVE('',#3510,#3510,#2914,.T.);
#4207=EDGE_CURVE('',#3510,#3509,#2118,.T.);
#4208=EDGE_CURVE('',#3511,#3511,#2915,.T.);
#4209=EDGE_CURVE('',#3511,#3282,#2119,.T.);
#4210=EDGE_CURVE('',#3512,#3512,#2916,.T.);
#4211=EDGE_CURVE('',#3512,#3513,#2120,.T.);
#4212=EDGE_CURVE('',#3513,#3513,#2917,.T.);
#4213=EDGE_CURVE('',#3514,#3514,#2918,.T.);
#4214=EDGE_CURVE('',#3515,#3515,#2919,.T.);
#4215=EDGE_CURVE('',#3515,#3514,#2121,.T.);
#4216=EDGE_CURVE('',#3516,#3516,#2920,.T.);
#4217=EDGE_CURVE('',#3516,#3352,#2122,.T.);
#4218=EDGE_CURVE('',#3517,#3517,#2921,.T.);
#4219=EDGE_CURVE('',#3517,#3518,#2123,.T.);
#4220=EDGE_CURVE('',#3518,#3518,#2922,.T.);
#4221=EDGE_CURVE('',#3519,#3519,#2923,.T.);
#4222=EDGE_CURVE('',#3520,#3520,#2924,.T.);
#4223=EDGE_CURVE('',#3520,#3519,#2124,.T.);
#4224=EDGE_CURVE('',#3521,#3521,#2925,.T.);
#4225=EDGE_CURVE('',#3521,#3283,#2125,.T.);
#4226=EDGE_CURVE('',#3522,#3522,#2926,.T.);
#4227=EDGE_CURVE('',#3522,#3523,#2126,.T.);
#4228=EDGE_CURVE('',#3523,#3523,#2927,.T.);
#4229=EDGE_CURVE('',#3524,#3524,#2928,.T.);
#4230=EDGE_CURVE('',#3525,#3525,#2929,.T.);
#4231=EDGE_CURVE('',#3525,#3524,#2127,.T.);
#4232=EDGE_CURVE('',#3526,#3526,#2930,.T.);
#4233=EDGE_CURVE('',#3526,#3351,#2128,.T.);
#4234=EDGE_CURVE('',#3527,#3527,#2931,.T.);
#4235=EDGE_CURVE('',#3527,#3528,#2129,.T.);
#4236=EDGE_CURVE('',#3528,#3528,#2932,.T.);
#4237=EDGE_CURVE('',#3529,#3529,#2933,.T.);
#4238=EDGE_CURVE('',#3530,#3530,#2934,.T.);
#4239=EDGE_CURVE('',#3530,#3529,#2130,.T.);
#4240=EDGE_CURVE('',#3531,#3531,#2935,.T.);
#4241=EDGE_CURVE('',#3531,#3284,#2131,.T.);
#4242=EDGE_CURVE('',#3532,#3532,#2936,.T.);
#4243=EDGE_CURVE('',#3532,#3533,#2132,.T.);
#4244=EDGE_CURVE('',#3533,#3533,#2937,.T.);
#4245=EDGE_CURVE('',#3534,#3534,#2938,.T.);
#4246=EDGE_CURVE('',#3535,#3535,#2939,.T.);
#4247=EDGE_CURVE('',#3535,#3534,#2133,.T.);
#4248=EDGE_CURVE('',#3536,#3536,#2940,.T.);
#4249=EDGE_CURVE('',#3536,#3350,#2134,.T.);
#4250=EDGE_CURVE('',#3537,#3537,#2941,.T.);
#4251=EDGE_CURVE('',#3537,#3538,#2135,.T.);
#4252=EDGE_CURVE('',#3538,#3538,#2942,.T.);
#4253=EDGE_CURVE('',#3539,#3539,#2943,.T.);
#4254=EDGE_CURVE('',#3540,#3540,#2944,.T.);
#4255=EDGE_CURVE('',#3540,#3539,#2136,.T.);
#4256=EDGE_CURVE('',#3541,#3541,#2945,.T.);
#4257=EDGE_CURVE('',#3541,#3285,#2137,.T.);
#4258=EDGE_CURVE('',#3542,#3542,#2946,.T.);
#4259=EDGE_CURVE('',#3542,#3543,#2138,.T.);
#4260=EDGE_CURVE('',#3543,#3543,#2947,.T.);
#4261=EDGE_CURVE('',#3544,#3544,#2948,.T.);
#4262=EDGE_CURVE('',#3545,#3545,#2949,.T.);
#4263=EDGE_CURVE('',#3545,#3544,#2139,.T.);
#4264=EDGE_CURVE('',#3546,#3546,#2950,.T.);
#4265=EDGE_CURVE('',#3546,#3349,#2140,.T.);
#4266=EDGE_CURVE('',#3547,#3547,#2951,.T.);
#4267=EDGE_CURVE('',#3547,#3548,#2141,.T.);
#4268=EDGE_CURVE('',#3548,#3548,#2952,.T.);
#4269=EDGE_CURVE('',#3549,#3549,#2953,.T.);
#4270=EDGE_CURVE('',#3550,#3550,#2954,.T.);
#4271=EDGE_CURVE('',#3550,#3549,#2142,.T.);
#4272=EDGE_CURVE('',#3551,#3551,#2955,.T.);
#4273=EDGE_CURVE('',#3551,#3286,#2143,.T.);
#4274=EDGE_CURVE('',#3552,#3552,#2956,.T.);
#4275=EDGE_CURVE('',#3552,#3553,#2144,.T.);
#4276=EDGE_CURVE('',#3553,#3553,#2957,.T.);
#4277=EDGE_CURVE('',#3554,#3554,#2958,.T.);
#4278=EDGE_CURVE('',#3555,#3555,#2959,.T.);
#4279=EDGE_CURVE('',#3555,#3554,#2145,.T.);
#4280=EDGE_CURVE('',#3556,#3556,#2960,.T.);
#4281=EDGE_CURVE('',#3556,#3348,#2146,.T.);
#4282=EDGE_CURVE('',#3557,#3557,#2961,.T.);
#4283=EDGE_CURVE('',#3557,#3558,#2147,.T.);
#4284=EDGE_CURVE('',#3558,#3558,#2962,.T.);
#4285=EDGE_CURVE('',#3559,#3559,#2963,.T.);
#4286=EDGE_CURVE('',#3560,#3560,#2964,.T.);
#4287=EDGE_CURVE('',#3560,#3559,#2148,.T.);
#4288=EDGE_CURVE('',#3561,#3561,#2965,.T.);
#4289=EDGE_CURVE('',#3561,#3287,#2149,.T.);
#4290=EDGE_CURVE('',#3562,#3562,#2966,.T.);
#4291=EDGE_CURVE('',#3562,#3563,#2150,.T.);
#4292=EDGE_CURVE('',#3563,#3563,#2967,.T.);
#4293=EDGE_CURVE('',#3564,#3564,#2968,.T.);
#4294=EDGE_CURVE('',#3565,#3565,#2969,.T.);
#4295=EDGE_CURVE('',#3565,#3564,#2151,.T.);
#4296=EDGE_CURVE('',#3566,#3566,#2970,.T.);
#4297=EDGE_CURVE('',#3566,#3347,#2152,.T.);
#4298=EDGE_CURVE('',#3567,#3567,#2971,.T.);
#4299=EDGE_CURVE('',#3567,#3568,#2153,.T.);
#4300=EDGE_CURVE('',#3568,#3568,#2972,.T.);
#4301=EDGE_CURVE('',#3569,#3569,#2973,.T.);
#4302=EDGE_CURVE('',#3570,#3570,#2974,.T.);
#4303=EDGE_CURVE('',#3570,#3569,#2154,.T.);
#4304=EDGE_CURVE('',#3571,#3571,#2975,.T.);
#4305=EDGE_CURVE('',#3571,#3288,#2155,.T.);
#4306=EDGE_CURVE('',#3572,#3572,#2976,.T.);
#4307=EDGE_CURVE('',#3572,#3573,#2156,.T.);
#4308=EDGE_CURVE('',#3573,#3573,#2977,.T.);
#4309=EDGE_CURVE('',#3574,#3574,#2978,.T.);
#4310=EDGE_CURVE('',#3575,#3575,#2979,.T.);
#4311=EDGE_CURVE('',#3575,#3574,#2157,.T.);
#4312=EDGE_CURVE('',#3576,#3576,#2980,.T.);
#4313=EDGE_CURVE('',#3576,#3346,#2158,.T.);
#4314=EDGE_CURVE('',#3577,#3577,#2981,.T.);
#4315=EDGE_CURVE('',#3577,#3578,#2159,.T.);
#4316=EDGE_CURVE('',#3578,#3578,#2982,.T.);
#4317=EDGE_CURVE('',#3579,#3579,#2983,.T.);
#4318=EDGE_CURVE('',#3580,#3580,#2984,.T.);
#4319=EDGE_CURVE('',#3580,#3579,#2160,.T.);
#4320=EDGE_CURVE('',#3581,#3581,#2985,.T.);
#4321=EDGE_CURVE('',#3581,#3289,#2161,.T.);
#4322=EDGE_CURVE('',#3582,#3582,#2986,.T.);
#4323=EDGE_CURVE('',#3582,#3583,#2162,.T.);
#4324=EDGE_CURVE('',#3583,#3583,#2987,.T.);
#4325=EDGE_CURVE('',#3584,#3584,#2988,.T.);
#4326=EDGE_CURVE('',#3585,#3585,#2989,.T.);
#4327=EDGE_CURVE('',#3585,#3584,#2163,.T.);
#4328=EDGE_CURVE('',#3586,#3586,#2990,.T.);
#4329=EDGE_CURVE('',#3586,#3345,#2164,.T.);
#4330=EDGE_CURVE('',#3587,#3587,#2991,.T.);
#4331=EDGE_CURVE('',#3587,#3588,#2165,.T.);
#4332=EDGE_CURVE('',#3588,#3588,#2992,.T.);
#4333=EDGE_CURVE('',#3589,#3589,#2993,.T.);
#4334=EDGE_CURVE('',#3590,#3590,#2994,.T.);
#4335=EDGE_CURVE('',#3590,#3589,#2166,.T.);
#4336=EDGE_CURVE('',#3591,#3591,#2995,.T.);
#4337=EDGE_CURVE('',#3591,#3290,#2167,.T.);
#4338=EDGE_CURVE('',#3592,#3592,#2996,.T.);
#4339=EDGE_CURVE('',#3592,#3593,#2168,.T.);
#4340=EDGE_CURVE('',#3593,#3593,#2997,.T.);
#4341=EDGE_CURVE('',#3594,#3594,#2998,.T.);
#4342=EDGE_CURVE('',#3595,#3595,#2999,.T.);
#4343=EDGE_CURVE('',#3595,#3594,#2169,.T.);
#4344=EDGE_CURVE('',#3596,#3596,#3000,.T.);
#4345=EDGE_CURVE('',#3596,#3344,#2170,.T.);
#4346=EDGE_CURVE('',#3597,#3597,#3001,.T.);
#4347=EDGE_CURVE('',#3597,#3598,#2171,.T.);
#4348=EDGE_CURVE('',#3598,#3598,#3002,.T.);
#4349=EDGE_CURVE('',#3599,#3599,#3003,.T.);
#4350=EDGE_CURVE('',#3600,#3600,#3004,.T.);
#4351=EDGE_CURVE('',#3600,#3599,#2172,.T.);
#4352=EDGE_CURVE('',#3601,#3601,#3005,.T.);
#4353=EDGE_CURVE('',#3601,#3291,#2173,.T.);
#4354=EDGE_CURVE('',#3602,#3602,#3006,.T.);
#4355=EDGE_CURVE('',#3602,#3603,#2174,.T.);
#4356=EDGE_CURVE('',#3603,#3603,#3007,.T.);
#4357=EDGE_CURVE('',#3604,#3604,#3008,.T.);
#4358=EDGE_CURVE('',#3605,#3605,#3009,.T.);
#4359=EDGE_CURVE('',#3605,#3604,#2175,.T.);
#4360=EDGE_CURVE('',#3606,#3606,#3010,.T.);
#4361=EDGE_CURVE('',#3606,#3343,#2176,.T.);
#4362=EDGE_CURVE('',#3607,#3607,#3011,.T.);
#4363=EDGE_CURVE('',#3607,#3608,#2177,.T.);
#4364=EDGE_CURVE('',#3608,#3608,#3012,.T.);
#4365=EDGE_CURVE('',#3609,#3609,#3013,.T.);
#4366=EDGE_CURVE('',#3610,#3610,#3014,.T.);
#4367=EDGE_CURVE('',#3610,#3609,#2178,.T.);
#4368=EDGE_CURVE('',#3611,#3611,#3015,.T.);
#4369=EDGE_CURVE('',#3611,#3292,#2179,.T.);
#4370=EDGE_CURVE('',#3612,#3612,#3016,.T.);
#4371=EDGE_CURVE('',#3612,#3613,#2180,.T.);
#4372=EDGE_CURVE('',#3613,#3613,#3017,.T.);
#4373=EDGE_CURVE('',#3614,#3614,#3018,.T.);
#4374=EDGE_CURVE('',#3615,#3615,#3019,.T.);
#4375=EDGE_CURVE('',#3615,#3614,#2181,.T.);
#4376=EDGE_CURVE('',#3616,#3616,#3020,.T.);
#4377=EDGE_CURVE('',#3616,#3342,#2182,.T.);
#4378=EDGE_CURVE('',#3617,#3617,#3021,.T.);
#4379=EDGE_CURVE('',#3617,#3618,#2183,.T.);
#4380=EDGE_CURVE('',#3618,#3618,#3022,.T.);
#4381=EDGE_CURVE('',#3619,#3619,#3023,.T.);
#4382=EDGE_CURVE('',#3620,#3620,#3024,.T.);
#4383=EDGE_CURVE('',#3620,#3619,#2184,.T.);
#4384=EDGE_CURVE('',#3621,#3621,#3025,.T.);
#4385=EDGE_CURVE('',#3621,#3293,#2185,.T.);
#4386=EDGE_CURVE('',#3622,#3622,#3026,.T.);
#4387=EDGE_CURVE('',#3622,#3623,#2186,.T.);
#4388=EDGE_CURVE('',#3623,#3623,#3027,.T.);
#4389=EDGE_CURVE('',#3624,#3624,#3028,.T.);
#4390=EDGE_CURVE('',#3625,#3625,#3029,.T.);
#4391=EDGE_CURVE('',#3625,#3624,#2187,.T.);
#4392=EDGE_CURVE('',#3626,#3626,#3030,.T.);
#4393=EDGE_CURVE('',#3626,#3341,#2188,.T.);
#4394=EDGE_CURVE('',#3627,#3627,#3031,.T.);
#4395=EDGE_CURVE('',#3627,#3628,#2189,.T.);
#4396=EDGE_CURVE('',#3628,#3628,#3032,.T.);
#4397=EDGE_CURVE('',#3629,#3629,#3033,.T.);
#4398=EDGE_CURVE('',#3630,#3630,#3034,.T.);
#4399=EDGE_CURVE('',#3630,#3629,#2190,.T.);
#4400=EDGE_CURVE('',#3631,#3631,#3035,.T.);
#4401=EDGE_CURVE('',#3631,#3294,#2191,.T.);
#4402=EDGE_CURVE('',#3632,#3632,#3036,.T.);
#4403=EDGE_CURVE('',#3632,#3633,#2192,.T.);
#4404=EDGE_CURVE('',#3633,#3633,#3037,.T.);
#4405=EDGE_CURVE('',#3634,#3634,#3038,.T.);
#4406=EDGE_CURVE('',#3635,#3635,#3039,.T.);
#4407=EDGE_CURVE('',#3635,#3634,#2193,.T.);
#4408=EDGE_CURVE('',#3636,#3636,#3040,.T.);
#4409=EDGE_CURVE('',#3636,#3340,#2194,.T.);
#4410=EDGE_CURVE('',#3637,#3637,#3041,.T.);
#4411=EDGE_CURVE('',#3637,#3638,#2195,.T.);
#4412=EDGE_CURVE('',#3638,#3638,#3042,.T.);
#4413=EDGE_CURVE('',#3639,#3639,#3043,.T.);
#4414=EDGE_CURVE('',#3640,#3640,#3044,.T.);
#4415=EDGE_CURVE('',#3640,#3639,#2196,.T.);
#4416=EDGE_CURVE('',#3641,#3641,#3045,.T.);
#4417=EDGE_CURVE('',#3641,#3295,#2197,.T.);
#4418=EDGE_CURVE('',#3642,#3642,#3046,.T.);
#4419=EDGE_CURVE('',#3642,#3643,#2198,.T.);
#4420=EDGE_CURVE('',#3643,#3643,#3047,.T.);
#4421=EDGE_CURVE('',#3644,#3644,#3048,.T.);
#4422=EDGE_CURVE('',#3645,#3645,#3049,.T.);
#4423=EDGE_CURVE('',#3645,#3644,#2199,.T.);
#4424=EDGE_CURVE('',#3646,#3646,#3050,.T.);
#4425=EDGE_CURVE('',#3646,#3339,#2200,.T.);
#4426=EDGE_CURVE('',#3647,#3647,#3051,.T.);
#4427=EDGE_CURVE('',#3647,#3648,#2201,.T.);
#4428=EDGE_CURVE('',#3648,#3648,#3052,.T.);
#4429=EDGE_CURVE('',#3649,#3649,#3053,.T.);
#4430=EDGE_CURVE('',#3650,#3650,#3054,.T.);
#4431=EDGE_CURVE('',#3650,#3649,#2202,.T.);
#4432=EDGE_CURVE('',#3651,#3651,#3055,.T.);
#4433=EDGE_CURVE('',#3651,#3296,#2203,.T.);
#4434=EDGE_CURVE('',#3652,#3652,#3056,.T.);
#4435=EDGE_CURVE('',#3652,#3653,#2204,.T.);
#4436=EDGE_CURVE('',#3653,#3653,#3057,.T.);
#4437=EDGE_CURVE('',#3654,#3654,#3058,.T.);
#4438=EDGE_CURVE('',#3655,#3655,#3059,.T.);
#4439=EDGE_CURVE('',#3655,#3654,#2205,.T.);
#4440=EDGE_CURVE('',#3656,#3656,#3060,.T.);
#4441=EDGE_CURVE('',#3656,#3338,#2206,.T.);
#4442=EDGE_CURVE('',#3657,#3657,#3061,.T.);
#4443=EDGE_CURVE('',#3657,#3658,#2207,.T.);
#4444=EDGE_CURVE('',#3658,#3658,#3062,.T.);
#4445=EDGE_CURVE('',#3659,#3659,#3063,.T.);
#4446=EDGE_CURVE('',#3660,#3660,#3064,.T.);
#4447=EDGE_CURVE('',#3660,#3659,#2208,.T.);
#4448=EDGE_CURVE('',#3661,#3661,#3065,.T.);
#4449=EDGE_CURVE('',#3661,#3297,#2209,.T.);
#4450=EDGE_CURVE('',#3662,#3662,#3066,.T.);
#4451=EDGE_CURVE('',#3662,#3663,#2210,.T.);
#4452=EDGE_CURVE('',#3663,#3663,#3067,.T.);
#4453=EDGE_CURVE('',#3664,#3664,#3068,.T.);
#4454=EDGE_CURVE('',#3665,#3665,#3069,.T.);
#4455=EDGE_CURVE('',#3665,#3664,#2211,.T.);
#4456=EDGE_CURVE('',#3666,#3666,#3070,.T.);
#4457=EDGE_CURVE('',#3666,#3337,#2212,.T.);
#4458=EDGE_CURVE('',#3667,#3667,#3071,.T.);
#4459=EDGE_CURVE('',#3667,#3668,#2213,.T.);
#4460=EDGE_CURVE('',#3668,#3668,#3072,.T.);
#4461=EDGE_CURVE('',#3669,#3669,#3073,.T.);
#4462=EDGE_CURVE('',#3670,#3670,#3074,.T.);
#4463=EDGE_CURVE('',#3670,#3669,#2214,.T.);
#4464=EDGE_CURVE('',#3671,#3671,#3075,.T.);
#4465=EDGE_CURVE('',#3671,#3298,#2215,.T.);
#4466=EDGE_CURVE('',#3672,#3672,#3076,.T.);
#4467=EDGE_CURVE('',#3672,#3673,#2216,.T.);
#4468=EDGE_CURVE('',#3673,#3673,#3077,.T.);
#4469=EDGE_CURVE('',#3674,#3674,#3078,.T.);
#4470=EDGE_CURVE('',#3675,#3675,#3079,.T.);
#4471=EDGE_CURVE('',#3675,#3674,#2217,.T.);
#4472=EDGE_CURVE('',#3676,#3676,#3080,.T.);
#4473=EDGE_CURVE('',#3676,#3336,#2218,.T.);
#4474=EDGE_CURVE('',#3677,#3677,#3081,.T.);
#4475=EDGE_CURVE('',#3677,#3678,#2219,.T.);
#4476=EDGE_CURVE('',#3678,#3678,#3082,.T.);
#4477=EDGE_CURVE('',#3679,#3679,#3083,.T.);
#4478=EDGE_CURVE('',#3680,#3680,#3084,.T.);
#4479=EDGE_CURVE('',#3680,#3679,#2220,.T.);
#4480=EDGE_CURVE('',#3681,#3681,#3085,.T.);
#4481=EDGE_CURVE('',#3681,#3299,#2221,.T.);
#4482=EDGE_CURVE('',#3682,#3682,#3086,.T.);
#4483=EDGE_CURVE('',#3682,#3683,#2222,.T.);
#4484=EDGE_CURVE('',#3683,#3683,#3087,.T.);
#4485=EDGE_CURVE('',#3684,#3684,#3088,.T.);
#4486=EDGE_CURVE('',#3685,#3685,#3089,.T.);
#4487=EDGE_CURVE('',#3685,#3684,#2223,.T.);
#4488=EDGE_CURVE('',#3686,#3686,#3090,.T.);
#4489=EDGE_CURVE('',#3686,#3335,#2224,.T.);
#4490=EDGE_CURVE('',#3687,#3687,#3091,.T.);
#4491=EDGE_CURVE('',#3687,#3688,#2225,.T.);
#4492=EDGE_CURVE('',#3688,#3688,#3092,.T.);
#4493=EDGE_CURVE('',#3689,#3689,#3093,.T.);
#4494=EDGE_CURVE('',#3690,#3690,#3094,.T.);
#4495=EDGE_CURVE('',#3690,#3689,#2226,.T.);
#4496=EDGE_CURVE('',#3691,#3691,#3095,.T.);
#4497=EDGE_CURVE('',#3691,#3300,#2227,.T.);
#4498=EDGE_CURVE('',#3692,#3692,#3096,.T.);
#4499=EDGE_CURVE('',#3692,#3693,#2228,.T.);
#4500=EDGE_CURVE('',#3693,#3693,#3097,.T.);
#4501=EDGE_CURVE('',#3694,#3694,#3098,.T.);
#4502=EDGE_CURVE('',#3695,#3695,#3099,.T.);
#4503=EDGE_CURVE('',#3695,#3694,#2229,.T.);
#4504=EDGE_CURVE('',#3696,#3696,#3100,.T.);
#4505=EDGE_CURVE('',#3696,#3334,#2230,.T.);
#4506=EDGE_CURVE('',#3697,#3697,#3101,.T.);
#4507=EDGE_CURVE('',#3697,#3698,#2231,.T.);
#4508=EDGE_CURVE('',#3698,#3698,#3102,.T.);
#4509=EDGE_CURVE('',#3699,#3699,#3103,.T.);
#4510=EDGE_CURVE('',#3700,#3700,#3104,.T.);
#4511=EDGE_CURVE('',#3700,#3699,#2232,.T.);
#4512=EDGE_CURVE('',#3701,#3701,#3105,.T.);
#4513=EDGE_CURVE('',#3701,#3301,#2233,.T.);
#4514=EDGE_CURVE('',#3702,#3702,#3106,.T.);
#4515=EDGE_CURVE('',#3702,#3703,#2234,.T.);
#4516=EDGE_CURVE('',#3703,#3703,#3107,.T.);
#4517=EDGE_CURVE('',#3704,#3704,#3108,.T.);
#4518=EDGE_CURVE('',#3705,#3705,#3109,.T.);
#4519=EDGE_CURVE('',#3705,#3704,#2235,.T.);
#4520=EDGE_CURVE('',#3706,#3706,#3110,.T.);
#4521=EDGE_CURVE('',#3706,#3333,#2236,.T.);
#4522=EDGE_CURVE('',#3707,#3707,#3111,.T.);
#4523=EDGE_CURVE('',#3707,#3708,#2237,.T.);
#4524=EDGE_CURVE('',#3708,#3708,#3112,.T.);
#4525=EDGE_CURVE('',#3709,#3709,#3113,.T.);
#4526=EDGE_CURVE('',#3710,#3710,#3114,.T.);
#4527=EDGE_CURVE('',#3710,#3709,#2238,.T.);
#4528=EDGE_CURVE('',#3711,#3711,#3115,.T.);
#4529=EDGE_CURVE('',#3711,#3302,#2239,.T.);
#4530=EDGE_CURVE('',#3712,#3712,#3116,.T.);
#4531=EDGE_CURVE('',#3712,#3713,#2240,.T.);
#4532=EDGE_CURVE('',#3713,#3713,#3117,.T.);
#4533=EDGE_CURVE('',#3714,#3714,#3118,.T.);
#4534=EDGE_CURVE('',#3715,#3715,#3119,.T.);
#4535=EDGE_CURVE('',#3715,#3714,#2241,.T.);
#4536=EDGE_CURVE('',#3716,#3716,#3120,.T.);
#4537=EDGE_CURVE('',#3716,#3332,#2242,.T.);
#4538=EDGE_CURVE('',#3717,#3717,#3121,.T.);
#4539=EDGE_CURVE('',#3717,#3718,#2243,.T.);
#4540=EDGE_CURVE('',#3718,#3718,#3122,.T.);
#4541=EDGE_CURVE('',#3719,#3719,#3123,.T.);
#4542=EDGE_CURVE('',#3720,#3720,#3124,.T.);
#4543=EDGE_CURVE('',#3720,#3719,#2244,.T.);
#4544=EDGE_CURVE('',#3721,#3721,#3125,.T.);
#4545=EDGE_CURVE('',#3721,#3303,#2245,.T.);
#4546=EDGE_CURVE('',#3722,#3722,#3126,.T.);
#4547=EDGE_CURVE('',#3722,#3723,#2246,.T.);
#4548=EDGE_CURVE('',#3723,#3723,#3127,.T.);
#4549=EDGE_CURVE('',#3724,#3724,#3128,.T.);
#4550=EDGE_CURVE('',#3725,#3725,#3129,.T.);
#4551=EDGE_CURVE('',#3725,#3724,#2247,.T.);
#4552=EDGE_CURVE('',#3726,#3726,#3130,.T.);
#4553=EDGE_CURVE('',#3726,#3331,#2248,.T.);
#4554=EDGE_CURVE('',#3727,#3727,#3131,.T.);
#4555=EDGE_CURVE('',#3727,#3728,#2249,.T.);
#4556=EDGE_CURVE('',#3728,#3728,#3132,.T.);
#4557=EDGE_CURVE('',#3729,#3729,#3133,.T.);
#4558=EDGE_CURVE('',#3730,#3730,#3134,.T.);
#4559=EDGE_CURVE('',#3730,#3729,#2250,.T.);
#4560=EDGE_CURVE('',#3731,#3731,#3135,.T.);
#4561=EDGE_CURVE('',#3731,#3304,#2251,.T.);
#4562=EDGE_CURVE('',#3732,#3732,#3136,.T.);
#4563=EDGE_CURVE('',#3732,#3733,#2252,.T.);
#4564=EDGE_CURVE('',#3733,#3733,#3137,.T.);
#4565=EDGE_CURVE('',#3734,#3734,#3138,.T.);
#4566=EDGE_CURVE('',#3735,#3735,#3139,.T.);
#4567=EDGE_CURVE('',#3735,#3734,#2253,.T.);
#4568=EDGE_CURVE('',#3736,#3736,#3140,.T.);
#4569=EDGE_CURVE('',#3736,#3330,#2254,.T.);
#4570=EDGE_CURVE('',#3737,#3737,#3141,.T.);
#4571=EDGE_CURVE('',#3737,#3738,#2255,.T.);
#4572=EDGE_CURVE('',#3738,#3738,#3142,.T.);
#4573=EDGE_CURVE('',#3739,#3739,#3143,.T.);
#4574=EDGE_CURVE('',#3740,#3740,#3144,.T.);
#4575=EDGE_CURVE('',#3740,#3739,#2256,.T.);
#4576=EDGE_CURVE('',#3741,#3741,#3145,.T.);
#4577=EDGE_CURVE('',#3741,#3305,#2257,.T.);
#4578=EDGE_CURVE('',#3742,#3742,#3146,.T.);
#4579=EDGE_CURVE('',#3742,#3743,#2258,.T.);
#4580=EDGE_CURVE('',#3743,#3743,#3147,.T.);
#4581=EDGE_CURVE('',#3744,#3744,#3148,.T.);
#4582=EDGE_CURVE('',#3745,#3745,#3149,.T.);
#4583=EDGE_CURVE('',#3745,#3744,#2259,.T.);
#4584=EDGE_CURVE('',#3746,#3746,#3150,.T.);
#4585=EDGE_CURVE('',#3746,#3329,#2260,.T.);
#4586=EDGE_CURVE('',#3747,#3747,#3151,.T.);
#4587=EDGE_CURVE('',#3747,#3748,#2261,.T.);
#4588=EDGE_CURVE('',#3748,#3748,#3152,.T.);
#4589=EDGE_CURVE('',#3749,#3749,#3153,.T.);
#4590=EDGE_CURVE('',#3750,#3750,#3154,.T.);
#4591=EDGE_CURVE('',#3750,#3749,#2262,.T.);
#4592=EDGE_CURVE('',#3751,#3751,#3155,.T.);
#4593=EDGE_CURVE('',#3751,#3306,#2263,.T.);
#4594=EDGE_CURVE('',#3752,#3752,#3156,.T.);
#4595=EDGE_CURVE('',#3752,#3753,#2264,.T.);
#4596=EDGE_CURVE('',#3753,#3753,#3157,.T.);
#4597=EDGE_CURVE('',#3754,#3754,#3158,.T.);
#4598=EDGE_CURVE('',#3755,#3755,#3159,.T.);
#4599=EDGE_CURVE('',#3755,#3754,#2265,.T.);
#4600=EDGE_CURVE('',#3756,#3756,#3160,.T.);
#4601=EDGE_CURVE('',#3756,#3328,#2266,.T.);
#4602=EDGE_CURVE('',#3757,#3757,#3161,.T.);
#4603=EDGE_CURVE('',#3757,#3758,#2267,.T.);
#4604=EDGE_CURVE('',#3758,#3758,#3162,.T.);
#4605=EDGE_CURVE('',#3759,#3759,#3163,.T.);
#4606=EDGE_CURVE('',#3760,#3760,#3164,.T.);
#4607=EDGE_CURVE('',#3760,#3759,#2268,.T.);
#4608=EDGE_CURVE('',#3761,#3761,#3165,.T.);
#4609=EDGE_CURVE('',#3761,#3307,#2269,.T.);
#4610=EDGE_CURVE('',#3762,#3762,#3166,.T.);
#4611=EDGE_CURVE('',#3762,#3763,#2270,.T.);
#4612=EDGE_CURVE('',#3763,#3763,#3167,.T.);
#4613=EDGE_CURVE('',#3764,#3764,#3168,.T.);
#4614=EDGE_CURVE('',#3765,#3765,#3169,.T.);
#4615=EDGE_CURVE('',#3765,#3764,#2271,.T.);
#4616=EDGE_CURVE('',#3766,#3766,#3170,.T.);
#4617=EDGE_CURVE('',#3766,#3327,#2272,.T.);
#4618=EDGE_CURVE('',#3767,#3767,#3171,.T.);
#4619=EDGE_CURVE('',#3767,#3768,#2273,.T.);
#4620=EDGE_CURVE('',#3768,#3768,#3172,.T.);
#4621=EDGE_CURVE('',#3769,#3769,#3173,.T.);
#4622=EDGE_CURVE('',#3770,#3770,#3174,.T.);
#4623=EDGE_CURVE('',#3770,#3769,#2274,.T.);
#4624=EDGE_CURVE('',#3771,#3771,#3175,.T.);
#4625=EDGE_CURVE('',#3771,#3308,#2275,.T.);
#4626=EDGE_CURVE('',#3772,#3772,#3176,.T.);
#4627=EDGE_CURVE('',#3772,#3773,#2276,.T.);
#4628=EDGE_CURVE('',#3773,#3773,#3177,.T.);
#4629=EDGE_CURVE('',#3774,#3774,#3178,.T.);
#4630=EDGE_CURVE('',#3775,#3775,#3179,.T.);
#4631=EDGE_CURVE('',#3775,#3774,#2277,.T.);
#4632=EDGE_CURVE('',#3776,#3776,#3180,.T.);
#4633=EDGE_CURVE('',#3776,#3326,#2278,.T.);
#4634=EDGE_CURVE('',#3777,#3777,#3181,.T.);
#4635=EDGE_CURVE('',#3777,#3778,#2279,.T.);
#4636=EDGE_CURVE('',#3778,#3778,#3182,.T.);
#4637=EDGE_CURVE('',#3779,#3779,#3183,.T.);
#4638=EDGE_CURVE('',#3780,#3780,#3184,.T.);
#4639=EDGE_CURVE('',#3780,#3779,#2280,.T.);
#4640=EDGE_CURVE('',#3781,#3781,#3185,.T.);
#4641=EDGE_CURVE('',#3781,#3309,#2281,.T.);
#4642=EDGE_CURVE('',#3782,#3782,#3186,.T.);
#4643=EDGE_CURVE('',#3782,#3783,#2282,.T.);
#4644=EDGE_CURVE('',#3783,#3783,#3187,.T.);
#4645=EDGE_CURVE('',#3784,#3784,#3188,.T.);
#4646=EDGE_CURVE('',#3785,#3785,#3189,.T.);
#4647=EDGE_CURVE('',#3785,#3784,#2283,.T.);
#4648=EDGE_CURVE('',#3786,#3786,#3190,.T.);
#4649=EDGE_CURVE('',#3786,#3325,#2284,.T.);
#4650=EDGE_CURVE('',#3787,#3787,#3191,.T.);
#4651=EDGE_CURVE('',#3787,#3788,#2285,.T.);
#4652=EDGE_CURVE('',#3788,#3788,#3192,.T.);
#4653=EDGE_CURVE('',#3789,#3789,#3193,.T.);
#4654=EDGE_CURVE('',#3790,#3790,#3194,.T.);
#4655=EDGE_CURVE('',#3790,#3789,#2286,.T.);
#4656=EDGE_CURVE('',#3791,#3791,#3195,.T.);
#4657=EDGE_CURVE('',#3791,#3310,#2287,.T.);
#4658=EDGE_CURVE('',#3792,#3792,#3196,.T.);
#4659=EDGE_CURVE('',#3792,#3793,#2288,.T.);
#4660=EDGE_CURVE('',#3793,#3793,#3197,.T.);
#4661=EDGE_CURVE('',#3794,#3794,#3198,.T.);
#4662=EDGE_CURVE('',#3795,#3795,#3199,.T.);
#4663=EDGE_CURVE('',#3795,#3794,#2289,.T.);
#4664=EDGE_CURVE('',#3796,#3796,#3200,.T.);
#4665=EDGE_CURVE('',#3796,#3324,#2290,.T.);
#4666=EDGE_CURVE('',#3797,#3797,#3201,.T.);
#4667=EDGE_CURVE('',#3797,#3798,#2291,.T.);
#4668=EDGE_CURVE('',#3798,#3798,#3202,.T.);
#4669=EDGE_CURVE('',#3799,#3799,#3203,.T.);
#4670=EDGE_CURVE('',#3800,#3800,#3204,.T.);
#4671=EDGE_CURVE('',#3800,#3799,#2292,.T.);
#4672=EDGE_CURVE('',#3801,#3801,#3205,.T.);
#4673=EDGE_CURVE('',#3801,#3311,#2293,.T.);
#4674=EDGE_CURVE('',#3802,#3802,#3206,.T.);
#4675=EDGE_CURVE('',#3802,#3803,#2294,.T.);
#4676=EDGE_CURVE('',#3803,#3803,#3207,.T.);
#4677=EDGE_CURVE('',#3804,#3804,#3208,.T.);
#4678=EDGE_CURVE('',#3805,#3805,#3209,.T.);
#4679=EDGE_CURVE('',#3805,#3804,#2295,.T.);
#4680=EDGE_CURVE('',#3806,#3806,#3210,.T.);
#4681=EDGE_CURVE('',#3806,#3323,#2296,.T.);
#4682=EDGE_CURVE('',#3807,#3807,#3211,.T.);
#4683=EDGE_CURVE('',#3807,#3808,#2297,.T.);
#4684=EDGE_CURVE('',#3808,#3808,#3212,.T.);
#4685=EDGE_CURVE('',#3809,#3809,#3213,.T.);
#4686=EDGE_CURVE('',#3810,#3810,#3214,.T.);
#4687=EDGE_CURVE('',#3810,#3809,#2298,.T.);
#4688=EDGE_CURVE('',#3811,#3811,#3215,.T.);
#4689=EDGE_CURVE('',#3811,#3312,#2299,.T.);
#4690=EDGE_CURVE('',#3812,#3812,#3216,.T.);
#4691=EDGE_CURVE('',#3812,#3813,#2300,.T.);
#4692=EDGE_CURVE('',#3813,#3813,#3217,.T.);
#4693=EDGE_CURVE('',#3814,#3814,#3218,.T.);
#4694=EDGE_CURVE('',#3815,#3815,#3219,.T.);
#4695=EDGE_CURVE('',#3815,#3814,#2301,.T.);
#4696=EDGE_CURVE('',#3816,#3816,#3220,.T.);
#4697=EDGE_CURVE('',#3816,#3322,#2302,.T.);
#4698=EDGE_CURVE('',#3817,#3817,#3221,.T.);
#4699=EDGE_CURVE('',#3817,#3818,#2303,.T.);
#4700=EDGE_CURVE('',#3818,#3818,#3222,.T.);
#4701=EDGE_CURVE('',#3819,#3819,#3223,.T.);
#4702=EDGE_CURVE('',#3820,#3820,#3224,.T.);
#4703=EDGE_CURVE('',#3820,#3819,#2304,.T.);
#4704=EDGE_CURVE('',#3821,#3821,#3225,.T.);
#4705=EDGE_CURVE('',#3821,#3313,#2305,.T.);
#4706=EDGE_CURVE('',#3822,#3822,#3226,.T.);
#4707=EDGE_CURVE('',#3822,#3823,#2306,.T.);
#4708=EDGE_CURVE('',#3823,#3823,#3227,.T.);
#4709=EDGE_CURVE('',#3824,#3824,#3228,.T.);
#4710=EDGE_CURVE('',#3825,#3825,#3229,.T.);
#4711=EDGE_CURVE('',#3825,#3824,#2307,.T.);
#4712=EDGE_CURVE('',#3826,#3826,#3230,.T.);
#4713=EDGE_CURVE('',#3826,#3321,#2308,.T.);
#4714=EDGE_CURVE('',#3827,#3827,#3231,.T.);
#4715=EDGE_CURVE('',#3827,#3828,#2309,.T.);
#4716=EDGE_CURVE('',#3828,#3828,#3232,.T.);
#4717=EDGE_CURVE('',#3829,#3829,#3233,.T.);
#4718=EDGE_CURVE('',#3830,#3830,#3234,.T.);
#4719=EDGE_CURVE('',#3830,#3829,#2310,.T.);
#4720=EDGE_CURVE('',#3831,#3831,#3235,.T.);
#4721=EDGE_CURVE('',#3831,#3314,#2311,.T.);
#4722=EDGE_CURVE('',#3832,#3832,#3236,.T.);
#4723=EDGE_CURVE('',#3832,#3833,#2312,.T.);
#4724=EDGE_CURVE('',#3833,#3833,#3237,.T.);
#4725=EDGE_CURVE('',#3834,#3834,#3238,.T.);
#4726=EDGE_CURVE('',#3835,#3835,#3239,.T.);
#4727=EDGE_CURVE('',#3835,#3834,#2313,.T.);
#4728=EDGE_CURVE('',#3836,#3836,#3240,.T.);
#4729=EDGE_CURVE('',#3836,#3320,#2314,.T.);
#4730=EDGE_CURVE('',#3837,#3837,#3241,.T.);
#4731=EDGE_CURVE('',#3837,#3838,#2315,.T.);
#4732=EDGE_CURVE('',#3838,#3838,#3242,.T.);
#4733=EDGE_CURVE('',#3839,#3839,#3243,.T.);
#4734=EDGE_CURVE('',#3840,#3840,#3244,.T.);
#4735=EDGE_CURVE('',#3840,#3839,#2316,.T.);
#4736=EDGE_CURVE('',#3841,#3841,#3245,.T.);
#4737=EDGE_CURVE('',#3841,#3315,#2317,.T.);
#4738=EDGE_CURVE('',#3842,#3842,#3246,.T.);
#4739=EDGE_CURVE('',#3842,#3843,#2318,.T.);
#4740=EDGE_CURVE('',#3843,#3843,#3247,.T.);
#4741=EDGE_CURVE('',#3319,#3844,#2319,.T.);
#4742=EDGE_CURVE('',#3844,#3844,#3248,.T.);
#4743=EDGE_CURVE('',#3845,#3845,#3249,.T.);
#4744=EDGE_CURVE('',#3845,#3846,#2320,.T.);
#4745=EDGE_CURVE('',#3846,#3846,#3250,.T.);
#4746=EDGE_CURVE('',#3316,#3847,#2321,.T.);
#4747=EDGE_CURVE('',#3847,#3847,#3251,.T.);
#4748=EDGE_CURVE('',#3848,#3848,#3252,.T.);
#4749=EDGE_CURVE('',#3848,#3849,#2322,.T.);
#4750=EDGE_CURVE('',#3849,#3849,#3253,.T.);
#4751=EDGE_CURVE('',#3318,#3850,#2323,.T.);
#4752=EDGE_CURVE('',#3850,#3850,#3254,.T.);
#4753=EDGE_CURVE('',#3851,#3851,#3255,.T.);
#4754=EDGE_CURVE('',#3851,#3852,#2324,.T.);
#4755=EDGE_CURVE('',#3852,#3852,#3256,.T.);
#4756=EDGE_CURVE('',#3317,#3853,#2325,.T.);
#4757=EDGE_CURVE('',#3853,#3853,#3257,.T.);
#4758=EDGE_CURVE('',#3854,#3855,#2326,.T.);
#4759=EDGE_CURVE('',#3854,#3266,#2327,.T.);
#4760=EDGE_CURVE('',#3855,#3264,#2328,.T.);
#4761=EDGE_CURVE('',#3856,#3854,#2329,.T.);
#4762=EDGE_CURVE('',#3856,#3267,#2330,.T.);
#4763=EDGE_CURVE('',#3857,#3856,#2331,.T.);
#4764=EDGE_CURVE('',#3857,#3265,#2332,.T.);
#4765=EDGE_CURVE('',#3855,#3857,#2333,.T.);
#4766=EDGE_CURVE('',#3858,#3859,#2334,.T.);
#4767=EDGE_CURVE('',#3859,#3860,#2335,.T.);
#4768=EDGE_CURVE('',#3861,#3860,#2336,.T.);
#4769=EDGE_CURVE('',#3858,#3861,#2337,.T.);
#4770=EDGE_CURVE('',#3862,#3858,#2338,.T.);
#4771=EDGE_CURVE('',#3863,#3861,#2339,.T.);
#4772=EDGE_CURVE('',#3862,#3863,#2340,.T.);
#4773=EDGE_CURVE('',#3864,#3862,#2341,.T.);
#4774=EDGE_CURVE('',#3865,#3863,#2342,.T.);
#4775=EDGE_CURVE('',#3864,#3865,#2343,.T.);
#4776=EDGE_CURVE('',#3859,#3864,#2344,.T.);
#4777=EDGE_CURVE('',#3860,#3865,#2345,.T.);
#4778=ORIENTED_EDGE('',*,*,#3866,.F.);
#4779=ORIENTED_EDGE('',*,*,#3867,.T.);
#4780=ORIENTED_EDGE('',*,*,#3868,.T.);
#4781=ORIENTED_EDGE('',*,*,#3867,.F.);
#4782=ORIENTED_EDGE('',*,*,#3868,.F.);
#4783=ORIENTED_EDGE('',*,*,#3869,.F.);
#4784=ORIENTED_EDGE('',*,*,#3870,.F.);
#4785=ORIENTED_EDGE('',*,*,#3871,.T.);
#4786=ORIENTED_EDGE('',*,*,#3869,.T.);
#4787=ORIENTED_EDGE('',*,*,#3871,.F.);
#4788=ORIENTED_EDGE('',*,*,#3872,.F.);
#4789=ORIENTED_EDGE('',*,*,#3873,.T.);
#4790=ORIENTED_EDGE('',*,*,#3874,.F.);
#4791=ORIENTED_EDGE('',*,*,#3873,.F.);
#4792=ORIENTED_EDGE('',*,*,#3872,.T.);
#4793=ORIENTED_EDGE('',*,*,#3870,.T.);
#4794=ORIENTED_EDGE('',*,*,#3875,.F.);
#4795=ORIENTED_EDGE('',*,*,#3876,.F.);
#4796=ORIENTED_EDGE('',*,*,#3877,.F.);
#4797=ORIENTED_EDGE('',*,*,#3878,.F.);
#4798=ORIENTED_EDGE('',*,*,#3879,.T.);
#4799=ORIENTED_EDGE('',*,*,#3880,.T.);
#4800=ORIENTED_EDGE('',*,*,#3881,.T.);
#4801=ORIENTED_EDGE('',*,*,#3882,.T.);
#4802=ORIENTED_EDGE('',*,*,#3883,.T.);
#4803=ORIENTED_EDGE('',*,*,#3884,.T.);
#4804=ORIENTED_EDGE('',*,*,#3885,.T.);
#4805=ORIENTED_EDGE('',*,*,#3886,.T.);
#4806=ORIENTED_EDGE('',*,*,#3887,.T.);
#4807=ORIENTED_EDGE('',*,*,#3888,.T.);
#4808=ORIENTED_EDGE('',*,*,#3889,.T.);
#4809=ORIENTED_EDGE('',*,*,#3890,.T.);
#4810=ORIENTED_EDGE('',*,*,#3891,.T.);
#4811=ORIENTED_EDGE('',*,*,#3892,.T.);
#4812=ORIENTED_EDGE('',*,*,#3893,.T.);
#4813=ORIENTED_EDGE('',*,*,#3894,.T.);
#4814=ORIENTED_EDGE('',*,*,#3895,.T.);
#4815=ORIENTED_EDGE('',*,*,#3896,.T.);
#4816=ORIENTED_EDGE('',*,*,#3897,.T.);
#4817=ORIENTED_EDGE('',*,*,#3898,.T.);
#4818=ORIENTED_EDGE('',*,*,#3899,.T.);
#4819=ORIENTED_EDGE('',*,*,#3900,.T.);
#4820=ORIENTED_EDGE('',*,*,#3901,.T.);
#4821=ORIENTED_EDGE('',*,*,#3902,.T.);
#4822=ORIENTED_EDGE('',*,*,#3903,.T.);
#4823=ORIENTED_EDGE('',*,*,#3904,.T.);
#4824=ORIENTED_EDGE('',*,*,#3905,.T.);
#4825=ORIENTED_EDGE('',*,*,#3906,.T.);
#4826=ORIENTED_EDGE('',*,*,#3907,.T.);
#4827=ORIENTED_EDGE('',*,*,#3908,.T.);
#4828=ORIENTED_EDGE('',*,*,#3909,.T.);
#4829=ORIENTED_EDGE('',*,*,#3910,.T.);
#4830=ORIENTED_EDGE('',*,*,#3911,.T.);
#4831=ORIENTED_EDGE('',*,*,#3912,.T.);
#4832=ORIENTED_EDGE('',*,*,#3913,.T.);
#4833=ORIENTED_EDGE('',*,*,#3914,.T.);
#4834=ORIENTED_EDGE('',*,*,#3915,.T.);
#4835=ORIENTED_EDGE('',*,*,#3916,.T.);
#4836=ORIENTED_EDGE('',*,*,#3917,.T.);
#4837=ORIENTED_EDGE('',*,*,#3918,.T.);
#4838=ORIENTED_EDGE('',*,*,#3919,.T.);
#4839=ORIENTED_EDGE('',*,*,#3920,.T.);
#4840=ORIENTED_EDGE('',*,*,#3921,.T.);
#4841=ORIENTED_EDGE('',*,*,#3922,.T.);
#4842=ORIENTED_EDGE('',*,*,#3923,.T.);
#4843=ORIENTED_EDGE('',*,*,#3924,.T.);
#4844=ORIENTED_EDGE('',*,*,#3925,.T.);
#4845=ORIENTED_EDGE('',*,*,#3926,.T.);
#4846=ORIENTED_EDGE('',*,*,#3927,.T.);
#4847=ORIENTED_EDGE('',*,*,#3928,.T.);
#4848=ORIENTED_EDGE('',*,*,#3929,.T.);
#4849=ORIENTED_EDGE('',*,*,#3930,.T.);
#4850=ORIENTED_EDGE('',*,*,#3931,.T.);
#4851=ORIENTED_EDGE('',*,*,#3932,.T.);
#4852=ORIENTED_EDGE('',*,*,#3933,.T.);
#4853=ORIENTED_EDGE('',*,*,#3934,.T.);
#4854=ORIENTED_EDGE('',*,*,#3935,.T.);
#4855=ORIENTED_EDGE('',*,*,#3936,.T.);
#4856=ORIENTED_EDGE('',*,*,#3937,.T.);
#4857=ORIENTED_EDGE('',*,*,#3938,.T.);
#4858=ORIENTED_EDGE('',*,*,#3939,.T.);
#4859=ORIENTED_EDGE('',*,*,#3940,.T.);
#4860=ORIENTED_EDGE('',*,*,#3941,.T.);
#4861=ORIENTED_EDGE('',*,*,#3942,.T.);
#4862=ORIENTED_EDGE('',*,*,#3943,.T.);
#4863=ORIENTED_EDGE('',*,*,#3944,.T.);
#4864=ORIENTED_EDGE('',*,*,#3945,.T.);
#4865=ORIENTED_EDGE('',*,*,#3946,.T.);
#4866=ORIENTED_EDGE('',*,*,#3947,.T.);
#4867=ORIENTED_EDGE('',*,*,#3948,.T.);
#4868=ORIENTED_EDGE('',*,*,#3949,.T.);
#4869=ORIENTED_EDGE('',*,*,#3950,.T.);
#4870=ORIENTED_EDGE('',*,*,#3951,.T.);
#4871=ORIENTED_EDGE('',*,*,#3952,.T.);
#4872=ORIENTED_EDGE('',*,*,#3953,.T.);
#4873=ORIENTED_EDGE('',*,*,#3954,.T.);
#4874=ORIENTED_EDGE('',*,*,#3955,.T.);
#4875=ORIENTED_EDGE('',*,*,#3956,.T.);
#4876=ORIENTED_EDGE('',*,*,#3957,.T.);
#4877=ORIENTED_EDGE('',*,*,#3958,.T.);
#4878=ORIENTED_EDGE('',*,*,#3959,.T.);
#4879=ORIENTED_EDGE('',*,*,#3960,.T.);
#4880=ORIENTED_EDGE('',*,*,#3961,.T.);
#4881=ORIENTED_EDGE('',*,*,#3962,.T.);
#4882=ORIENTED_EDGE('',*,*,#3963,.T.);
#4883=ORIENTED_EDGE('',*,*,#3964,.T.);
#4884=ORIENTED_EDGE('',*,*,#3965,.T.);
#4885=ORIENTED_EDGE('',*,*,#3966,.T.);
#4886=ORIENTED_EDGE('',*,*,#3967,.T.);
#4887=ORIENTED_EDGE('',*,*,#3968,.T.);
#4888=ORIENTED_EDGE('',*,*,#3969,.T.);
#4889=ORIENTED_EDGE('',*,*,#3970,.T.);
#4890=ORIENTED_EDGE('',*,*,#3971,.T.);
#4891=ORIENTED_EDGE('',*,*,#3972,.T.);
#4892=ORIENTED_EDGE('',*,*,#3973,.T.);
#4893=ORIENTED_EDGE('',*,*,#3974,.T.);
#4894=ORIENTED_EDGE('',*,*,#3975,.T.);
#4895=ORIENTED_EDGE('',*,*,#3976,.T.);
#4896=ORIENTED_EDGE('',*,*,#3977,.T.);
#4897=ORIENTED_EDGE('',*,*,#3874,.T.);
#4898=ORIENTED_EDGE('',*,*,#3978,.F.);
#4899=ORIENTED_EDGE('',*,*,#3979,.T.);
#4900=ORIENTED_EDGE('',*,*,#3980,.T.);
#4901=ORIENTED_EDGE('',*,*,#3979,.F.);
#4902=ORIENTED_EDGE('',*,*,#3980,.F.);
#4903=ORIENTED_EDGE('',*,*,#3981,.F.);
#4904=ORIENTED_EDGE('',*,*,#3982,.F.);
#4905=ORIENTED_EDGE('',*,*,#3983,.T.);
#4906=ORIENTED_EDGE('',*,*,#3981,.T.);
#4907=ORIENTED_EDGE('',*,*,#3983,.F.);
#4908=ORIENTED_EDGE('',*,*,#3984,.F.);
#4909=ORIENTED_EDGE('',*,*,#3985,.T.);
#4910=ORIENTED_EDGE('',*,*,#3879,.F.);
#4911=ORIENTED_EDGE('',*,*,#3985,.F.);
#4912=ORIENTED_EDGE('',*,*,#3984,.T.);
#4913=ORIENTED_EDGE('',*,*,#3982,.T.);
#4914=ORIENTED_EDGE('',*,*,#3986,.F.);
#4915=ORIENTED_EDGE('',*,*,#3987,.T.);
#4916=ORIENTED_EDGE('',*,*,#3988,.T.);
#4917=ORIENTED_EDGE('',*,*,#3987,.F.);
#4918=ORIENTED_EDGE('',*,*,#3988,.F.);
#4919=ORIENTED_EDGE('',*,*,#3989,.F.);
#4920=ORIENTED_EDGE('',*,*,#3990,.F.);
#4921=ORIENTED_EDGE('',*,*,#3991,.T.);
#4922=ORIENTED_EDGE('',*,*,#3989,.T.);
#4923=ORIENTED_EDGE('',*,*,#3991,.F.);
#4924=ORIENTED_EDGE('',*,*,#3992,.F.);
#4925=ORIENTED_EDGE('',*,*,#3993,.T.);
#4926=ORIENTED_EDGE('',*,*,#3977,.F.);
#4927=ORIENTED_EDGE('',*,*,#3993,.F.);
#4928=ORIENTED_EDGE('',*,*,#3992,.T.);
#4929=ORIENTED_EDGE('',*,*,#3990,.T.);
#4930=ORIENTED_EDGE('',*,*,#3994,.F.);
#4931=ORIENTED_EDGE('',*,*,#3995,.T.);
#4932=ORIENTED_EDGE('',*,*,#3996,.T.);
#4933=ORIENTED_EDGE('',*,*,#3995,.F.);
#4934=ORIENTED_EDGE('',*,*,#3996,.F.);
#4935=ORIENTED_EDGE('',*,*,#3997,.F.);
#4936=ORIENTED_EDGE('',*,*,#3998,.F.);
#4937=ORIENTED_EDGE('',*,*,#3999,.T.);
#4938=ORIENTED_EDGE('',*,*,#3997,.T.);
#4939=ORIENTED_EDGE('',*,*,#3999,.F.);
#4940=ORIENTED_EDGE('',*,*,#4000,.F.);
#4941=ORIENTED_EDGE('',*,*,#4001,.T.);
#4942=ORIENTED_EDGE('',*,*,#3880,.F.);
#4943=ORIENTED_EDGE('',*,*,#4001,.F.);
#4944=ORIENTED_EDGE('',*,*,#4000,.T.);
#4945=ORIENTED_EDGE('',*,*,#3998,.T.);
#4946=ORIENTED_EDGE('',*,*,#4002,.F.);
#4947=ORIENTED_EDGE('',*,*,#4003,.T.);
#4948=ORIENTED_EDGE('',*,*,#4004,.T.);
#4949=ORIENTED_EDGE('',*,*,#4003,.F.);
#4950=ORIENTED_EDGE('',*,*,#4004,.F.);
#4951=ORIENTED_EDGE('',*,*,#4005,.F.);
#4952=ORIENTED_EDGE('',*,*,#4006,.F.);
#4953=ORIENTED_EDGE('',*,*,#4007,.T.);
#4954=ORIENTED_EDGE('',*,*,#4005,.T.);
#4955=ORIENTED_EDGE('',*,*,#4007,.F.);
#4956=ORIENTED_EDGE('',*,*,#4008,.F.);
#4957=ORIENTED_EDGE('',*,*,#4009,.T.);
#4958=ORIENTED_EDGE('',*,*,#3976,.F.);
#4959=ORIENTED_EDGE('',*,*,#4009,.F.);
#4960=ORIENTED_EDGE('',*,*,#4008,.T.);
#4961=ORIENTED_EDGE('',*,*,#4006,.T.);
#4962=ORIENTED_EDGE('',*,*,#4010,.F.);
#4963=ORIENTED_EDGE('',*,*,#4011,.T.);
#4964=ORIENTED_EDGE('',*,*,#4012,.T.);
#4965=ORIENTED_EDGE('',*,*,#4011,.F.);
#4966=ORIENTED_EDGE('',*,*,#4012,.F.);
#4967=ORIENTED_EDGE('',*,*,#4013,.F.);
#4968=ORIENTED_EDGE('',*,*,#4014,.F.);
#4969=ORIENTED_EDGE('',*,*,#4015,.T.);
#4970=ORIENTED_EDGE('',*,*,#4013,.T.);
#4971=ORIENTED_EDGE('',*,*,#4015,.F.);
#4972=ORIENTED_EDGE('',*,*,#4016,.F.);
#4973=ORIENTED_EDGE('',*,*,#4017,.T.);
#4974=ORIENTED_EDGE('',*,*,#3881,.F.);
#4975=ORIENTED_EDGE('',*,*,#4017,.F.);
#4976=ORIENTED_EDGE('',*,*,#4016,.T.);
#4977=ORIENTED_EDGE('',*,*,#4014,.T.);
#4978=ORIENTED_EDGE('',*,*,#4018,.F.);
#4979=ORIENTED_EDGE('',*,*,#4019,.T.);
#4980=ORIENTED_EDGE('',*,*,#4020,.T.);
#4981=ORIENTED_EDGE('',*,*,#4019,.F.);
#4982=ORIENTED_EDGE('',*,*,#4020,.F.);
#4983=ORIENTED_EDGE('',*,*,#4021,.F.);
#4984=ORIENTED_EDGE('',*,*,#4022,.F.);
#4985=ORIENTED_EDGE('',*,*,#4023,.T.);
#4986=ORIENTED_EDGE('',*,*,#4021,.T.);
#4987=ORIENTED_EDGE('',*,*,#4023,.F.);
#4988=ORIENTED_EDGE('',*,*,#4024,.F.);
#4989=ORIENTED_EDGE('',*,*,#4025,.T.);
#4990=ORIENTED_EDGE('',*,*,#3975,.F.);
#4991=ORIENTED_EDGE('',*,*,#4025,.F.);
#4992=ORIENTED_EDGE('',*,*,#4024,.T.);
#4993=ORIENTED_EDGE('',*,*,#4022,.T.);
#4994=ORIENTED_EDGE('',*,*,#4026,.F.);
#4995=ORIENTED_EDGE('',*,*,#4027,.T.);
#4996=ORIENTED_EDGE('',*,*,#4028,.T.);
#4997=ORIENTED_EDGE('',*,*,#4027,.F.);
#4998=ORIENTED_EDGE('',*,*,#4028,.F.);
#4999=ORIENTED_EDGE('',*,*,#4029,.F.);
#5000=ORIENTED_EDGE('',*,*,#4030,.F.);
#5001=ORIENTED_EDGE('',*,*,#4031,.T.);
#5002=ORIENTED_EDGE('',*,*,#4029,.T.);
#5003=ORIENTED_EDGE('',*,*,#4031,.F.);
#5004=ORIENTED_EDGE('',*,*,#4032,.F.);
#5005=ORIENTED_EDGE('',*,*,#4033,.T.);
#5006=ORIENTED_EDGE('',*,*,#3882,.F.);
#5007=ORIENTED_EDGE('',*,*,#4033,.F.);
#5008=ORIENTED_EDGE('',*,*,#4032,.T.);
#5009=ORIENTED_EDGE('',*,*,#4030,.T.);
#5010=ORIENTED_EDGE('',*,*,#4034,.F.);
#5011=ORIENTED_EDGE('',*,*,#4035,.T.);
#5012=ORIENTED_EDGE('',*,*,#4036,.T.);
#5013=ORIENTED_EDGE('',*,*,#4035,.F.);
#5014=ORIENTED_EDGE('',*,*,#4036,.F.);
#5015=ORIENTED_EDGE('',*,*,#4037,.F.);
#5016=ORIENTED_EDGE('',*,*,#4038,.F.);
#5017=ORIENTED_EDGE('',*,*,#4039,.T.);
#5018=ORIENTED_EDGE('',*,*,#4037,.T.);
#5019=ORIENTED_EDGE('',*,*,#4039,.F.);
#5020=ORIENTED_EDGE('',*,*,#4040,.F.);
#5021=ORIENTED_EDGE('',*,*,#4041,.T.);
#5022=ORIENTED_EDGE('',*,*,#3974,.F.);
#5023=ORIENTED_EDGE('',*,*,#4041,.F.);
#5024=ORIENTED_EDGE('',*,*,#4040,.T.);
#5025=ORIENTED_EDGE('',*,*,#4038,.T.);
#5026=ORIENTED_EDGE('',*,*,#4042,.F.);
#5027=ORIENTED_EDGE('',*,*,#4043,.T.);
#5028=ORIENTED_EDGE('',*,*,#4044,.T.);
#5029=ORIENTED_EDGE('',*,*,#4043,.F.);
#5030=ORIENTED_EDGE('',*,*,#4044,.F.);
#5031=ORIENTED_EDGE('',*,*,#4045,.F.);
#5032=ORIENTED_EDGE('',*,*,#4046,.F.);
#5033=ORIENTED_EDGE('',*,*,#4047,.T.);
#5034=ORIENTED_EDGE('',*,*,#4045,.T.);
#5035=ORIENTED_EDGE('',*,*,#4047,.F.);
#5036=ORIENTED_EDGE('',*,*,#4048,.F.);
#5037=ORIENTED_EDGE('',*,*,#4049,.T.);
#5038=ORIENTED_EDGE('',*,*,#3883,.F.);
#5039=ORIENTED_EDGE('',*,*,#4049,.F.);
#5040=ORIENTED_EDGE('',*,*,#4048,.T.);
#5041=ORIENTED_EDGE('',*,*,#4046,.T.);
#5042=ORIENTED_EDGE('',*,*,#4050,.F.);
#5043=ORIENTED_EDGE('',*,*,#4051,.T.);
#5044=ORIENTED_EDGE('',*,*,#4052,.T.);
#5045=ORIENTED_EDGE('',*,*,#4051,.F.);
#5046=ORIENTED_EDGE('',*,*,#4052,.F.);
#5047=ORIENTED_EDGE('',*,*,#4053,.F.);
#5048=ORIENTED_EDGE('',*,*,#4054,.F.);
#5049=ORIENTED_EDGE('',*,*,#4055,.T.);
#5050=ORIENTED_EDGE('',*,*,#4053,.T.);
#5051=ORIENTED_EDGE('',*,*,#4055,.F.);
#5052=ORIENTED_EDGE('',*,*,#4056,.F.);
#5053=ORIENTED_EDGE('',*,*,#4057,.T.);
#5054=ORIENTED_EDGE('',*,*,#3973,.F.);
#5055=ORIENTED_EDGE('',*,*,#4057,.F.);
#5056=ORIENTED_EDGE('',*,*,#4056,.T.);
#5057=ORIENTED_EDGE('',*,*,#4054,.T.);
#5058=ORIENTED_EDGE('',*,*,#4058,.F.);
#5059=ORIENTED_EDGE('',*,*,#4059,.T.);
#5060=ORIENTED_EDGE('',*,*,#4060,.T.);
#5061=ORIENTED_EDGE('',*,*,#4059,.F.);
#5062=ORIENTED_EDGE('',*,*,#4060,.F.);
#5063=ORIENTED_EDGE('',*,*,#4061,.F.);
#5064=ORIENTED_EDGE('',*,*,#4062,.F.);
#5065=ORIENTED_EDGE('',*,*,#4063,.T.);
#5066=ORIENTED_EDGE('',*,*,#4061,.T.);
#5067=ORIENTED_EDGE('',*,*,#4063,.F.);
#5068=ORIENTED_EDGE('',*,*,#4064,.F.);
#5069=ORIENTED_EDGE('',*,*,#4065,.T.);
#5070=ORIENTED_EDGE('',*,*,#3884,.F.);
#5071=ORIENTED_EDGE('',*,*,#4065,.F.);
#5072=ORIENTED_EDGE('',*,*,#4064,.T.);
#5073=ORIENTED_EDGE('',*,*,#4062,.T.);
#5074=ORIENTED_EDGE('',*,*,#4066,.F.);
#5075=ORIENTED_EDGE('',*,*,#4067,.T.);
#5076=ORIENTED_EDGE('',*,*,#4068,.T.);
#5077=ORIENTED_EDGE('',*,*,#4067,.F.);
#5078=ORIENTED_EDGE('',*,*,#4068,.F.);
#5079=ORIENTED_EDGE('',*,*,#4069,.F.);
#5080=ORIENTED_EDGE('',*,*,#4070,.F.);
#5081=ORIENTED_EDGE('',*,*,#4071,.T.);
#5082=ORIENTED_EDGE('',*,*,#4069,.T.);
#5083=ORIENTED_EDGE('',*,*,#4071,.F.);
#5084=ORIENTED_EDGE('',*,*,#4072,.F.);
#5085=ORIENTED_EDGE('',*,*,#4073,.T.);
#5086=ORIENTED_EDGE('',*,*,#3972,.F.);
#5087=ORIENTED_EDGE('',*,*,#4073,.F.);
#5088=ORIENTED_EDGE('',*,*,#4072,.T.);
#5089=ORIENTED_EDGE('',*,*,#4070,.T.);
#5090=ORIENTED_EDGE('',*,*,#4074,.F.);
#5091=ORIENTED_EDGE('',*,*,#4075,.T.);
#5092=ORIENTED_EDGE('',*,*,#4076,.T.);
#5093=ORIENTED_EDGE('',*,*,#4075,.F.);
#5094=ORIENTED_EDGE('',*,*,#4076,.F.);
#5095=ORIENTED_EDGE('',*,*,#4077,.F.);
#5096=ORIENTED_EDGE('',*,*,#4078,.F.);
#5097=ORIENTED_EDGE('',*,*,#4079,.T.);
#5098=ORIENTED_EDGE('',*,*,#4077,.T.);
#5099=ORIENTED_EDGE('',*,*,#4079,.F.);
#5100=ORIENTED_EDGE('',*,*,#4080,.F.);
#5101=ORIENTED_EDGE('',*,*,#4081,.T.);
#5102=ORIENTED_EDGE('',*,*,#3885,.F.);
#5103=ORIENTED_EDGE('',*,*,#4081,.F.);
#5104=ORIENTED_EDGE('',*,*,#4080,.T.);
#5105=ORIENTED_EDGE('',*,*,#4078,.T.);
#5106=ORIENTED_EDGE('',*,*,#4082,.F.);
#5107=ORIENTED_EDGE('',*,*,#4083,.T.);
#5108=ORIENTED_EDGE('',*,*,#4084,.T.);
#5109=ORIENTED_EDGE('',*,*,#4083,.F.);
#5110=ORIENTED_EDGE('',*,*,#4084,.F.);
#5111=ORIENTED_EDGE('',*,*,#4085,.F.);
#5112=ORIENTED_EDGE('',*,*,#4086,.F.);
#5113=ORIENTED_EDGE('',*,*,#4087,.T.);
#5114=ORIENTED_EDGE('',*,*,#4085,.T.);
#5115=ORIENTED_EDGE('',*,*,#4087,.F.);
#5116=ORIENTED_EDGE('',*,*,#4088,.F.);
#5117=ORIENTED_EDGE('',*,*,#4089,.T.);
#5118=ORIENTED_EDGE('',*,*,#3971,.F.);
#5119=ORIENTED_EDGE('',*,*,#4089,.F.);
#5120=ORIENTED_EDGE('',*,*,#4088,.T.);
#5121=ORIENTED_EDGE('',*,*,#4086,.T.);
#5122=ORIENTED_EDGE('',*,*,#4090,.F.);
#5123=ORIENTED_EDGE('',*,*,#4091,.T.);
#5124=ORIENTED_EDGE('',*,*,#4092,.T.);
#5125=ORIENTED_EDGE('',*,*,#4091,.F.);
#5126=ORIENTED_EDGE('',*,*,#4092,.F.);
#5127=ORIENTED_EDGE('',*,*,#4093,.F.);
#5128=ORIENTED_EDGE('',*,*,#4094,.F.);
#5129=ORIENTED_EDGE('',*,*,#4095,.T.);
#5130=ORIENTED_EDGE('',*,*,#4093,.T.);
#5131=ORIENTED_EDGE('',*,*,#4095,.F.);
#5132=ORIENTED_EDGE('',*,*,#4096,.F.);
#5133=ORIENTED_EDGE('',*,*,#4097,.T.);
#5134=ORIENTED_EDGE('',*,*,#3886,.F.);
#5135=ORIENTED_EDGE('',*,*,#4097,.F.);
#5136=ORIENTED_EDGE('',*,*,#4096,.T.);
#5137=ORIENTED_EDGE('',*,*,#4094,.T.);
#5138=ORIENTED_EDGE('',*,*,#4098,.F.);
#5139=ORIENTED_EDGE('',*,*,#4099,.T.);
#5140=ORIENTED_EDGE('',*,*,#4100,.T.);
#5141=ORIENTED_EDGE('',*,*,#4099,.F.);
#5142=ORIENTED_EDGE('',*,*,#4100,.F.);
#5143=ORIENTED_EDGE('',*,*,#4101,.F.);
#5144=ORIENTED_EDGE('',*,*,#4102,.F.);
#5145=ORIENTED_EDGE('',*,*,#4103,.T.);
#5146=ORIENTED_EDGE('',*,*,#4101,.T.);
#5147=ORIENTED_EDGE('',*,*,#4103,.F.);
#5148=ORIENTED_EDGE('',*,*,#4104,.F.);
#5149=ORIENTED_EDGE('',*,*,#4105,.T.);
#5150=ORIENTED_EDGE('',*,*,#3970,.F.);
#5151=ORIENTED_EDGE('',*,*,#4105,.F.);
#5152=ORIENTED_EDGE('',*,*,#4104,.T.);
#5153=ORIENTED_EDGE('',*,*,#4102,.T.);
#5154=ORIENTED_EDGE('',*,*,#4106,.F.);
#5155=ORIENTED_EDGE('',*,*,#4107,.T.);
#5156=ORIENTED_EDGE('',*,*,#4108,.T.);
#5157=ORIENTED_EDGE('',*,*,#4107,.F.);
#5158=ORIENTED_EDGE('',*,*,#4108,.F.);
#5159=ORIENTED_EDGE('',*,*,#4109,.F.);
#5160=ORIENTED_EDGE('',*,*,#4110,.F.);
#5161=ORIENTED_EDGE('',*,*,#4111,.T.);
#5162=ORIENTED_EDGE('',*,*,#4109,.T.);
#5163=ORIENTED_EDGE('',*,*,#4111,.F.);
#5164=ORIENTED_EDGE('',*,*,#4112,.F.);
#5165=ORIENTED_EDGE('',*,*,#4113,.T.);
#5166=ORIENTED_EDGE('',*,*,#3887,.F.);
#5167=ORIENTED_EDGE('',*,*,#4113,.F.);
#5168=ORIENTED_EDGE('',*,*,#4112,.T.);
#5169=ORIENTED_EDGE('',*,*,#4110,.T.);
#5170=ORIENTED_EDGE('',*,*,#4114,.F.);
#5171=ORIENTED_EDGE('',*,*,#4115,.T.);
#5172=ORIENTED_EDGE('',*,*,#4116,.T.);
#5173=ORIENTED_EDGE('',*,*,#4115,.F.);
#5174=ORIENTED_EDGE('',*,*,#4116,.F.);
#5175=ORIENTED_EDGE('',*,*,#4117,.F.);
#5176=ORIENTED_EDGE('',*,*,#4118,.F.);
#5177=ORIENTED_EDGE('',*,*,#4119,.T.);
#5178=ORIENTED_EDGE('',*,*,#4117,.T.);
#5179=ORIENTED_EDGE('',*,*,#4119,.F.);
#5180=ORIENTED_EDGE('',*,*,#4120,.F.);
#5181=ORIENTED_EDGE('',*,*,#4121,.T.);
#5182=ORIENTED_EDGE('',*,*,#3969,.F.);
#5183=ORIENTED_EDGE('',*,*,#4121,.F.);
#5184=ORIENTED_EDGE('',*,*,#4120,.T.);
#5185=ORIENTED_EDGE('',*,*,#4118,.T.);
#5186=ORIENTED_EDGE('',*,*,#4122,.F.);
#5187=ORIENTED_EDGE('',*,*,#4123,.T.);
#5188=ORIENTED_EDGE('',*,*,#4124,.T.);
#5189=ORIENTED_EDGE('',*,*,#4123,.F.);
#5190=ORIENTED_EDGE('',*,*,#4124,.F.);
#5191=ORIENTED_EDGE('',*,*,#4125,.F.);
#5192=ORIENTED_EDGE('',*,*,#4126,.F.);
#5193=ORIENTED_EDGE('',*,*,#4127,.T.);
#5194=ORIENTED_EDGE('',*,*,#4125,.T.);
#5195=ORIENTED_EDGE('',*,*,#4127,.F.);
#5196=ORIENTED_EDGE('',*,*,#4128,.F.);
#5197=ORIENTED_EDGE('',*,*,#4129,.T.);
#5198=ORIENTED_EDGE('',*,*,#3888,.F.);
#5199=ORIENTED_EDGE('',*,*,#4129,.F.);
#5200=ORIENTED_EDGE('',*,*,#4128,.T.);
#5201=ORIENTED_EDGE('',*,*,#4126,.T.);
#5202=ORIENTED_EDGE('',*,*,#4130,.F.);
#5203=ORIENTED_EDGE('',*,*,#4131,.T.);
#5204=ORIENTED_EDGE('',*,*,#4132,.T.);
#5205=ORIENTED_EDGE('',*,*,#4131,.F.);
#5206=ORIENTED_EDGE('',*,*,#4132,.F.);
#5207=ORIENTED_EDGE('',*,*,#4133,.F.);
#5208=ORIENTED_EDGE('',*,*,#4134,.F.);
#5209=ORIENTED_EDGE('',*,*,#4135,.T.);
#5210=ORIENTED_EDGE('',*,*,#4133,.T.);
#5211=ORIENTED_EDGE('',*,*,#4135,.F.);
#5212=ORIENTED_EDGE('',*,*,#4136,.F.);
#5213=ORIENTED_EDGE('',*,*,#4137,.T.);
#5214=ORIENTED_EDGE('',*,*,#3968,.F.);
#5215=ORIENTED_EDGE('',*,*,#4137,.F.);
#5216=ORIENTED_EDGE('',*,*,#4136,.T.);
#5217=ORIENTED_EDGE('',*,*,#4134,.T.);
#5218=ORIENTED_EDGE('',*,*,#4138,.F.);
#5219=ORIENTED_EDGE('',*,*,#4139,.T.);
#5220=ORIENTED_EDGE('',*,*,#4140,.T.);
#5221=ORIENTED_EDGE('',*,*,#4139,.F.);
#5222=ORIENTED_EDGE('',*,*,#4140,.F.);
#5223=ORIENTED_EDGE('',*,*,#4141,.F.);
#5224=ORIENTED_EDGE('',*,*,#4142,.F.);
#5225=ORIENTED_EDGE('',*,*,#4143,.T.);
#5226=ORIENTED_EDGE('',*,*,#4141,.T.);
#5227=ORIENTED_EDGE('',*,*,#4143,.F.);
#5228=ORIENTED_EDGE('',*,*,#4144,.F.);
#5229=ORIENTED_EDGE('',*,*,#4145,.T.);
#5230=ORIENTED_EDGE('',*,*,#3889,.F.);
#5231=ORIENTED_EDGE('',*,*,#4145,.F.);
#5232=ORIENTED_EDGE('',*,*,#4144,.T.);
#5233=ORIENTED_EDGE('',*,*,#4142,.T.);
#5234=ORIENTED_EDGE('',*,*,#4146,.F.);
#5235=ORIENTED_EDGE('',*,*,#4147,.T.);
#5236=ORIENTED_EDGE('',*,*,#4148,.T.);
#5237=ORIENTED_EDGE('',*,*,#4147,.F.);
#5238=ORIENTED_EDGE('',*,*,#4148,.F.);
#5239=ORIENTED_EDGE('',*,*,#4149,.F.);
#5240=ORIENTED_EDGE('',*,*,#4150,.F.);
#5241=ORIENTED_EDGE('',*,*,#4151,.T.);
#5242=ORIENTED_EDGE('',*,*,#4149,.T.);
#5243=ORIENTED_EDGE('',*,*,#4151,.F.);
#5244=ORIENTED_EDGE('',*,*,#4152,.F.);
#5245=ORIENTED_EDGE('',*,*,#4153,.T.);
#5246=ORIENTED_EDGE('',*,*,#3967,.F.);
#5247=ORIENTED_EDGE('',*,*,#4153,.F.);
#5248=ORIENTED_EDGE('',*,*,#4152,.T.);
#5249=ORIENTED_EDGE('',*,*,#4150,.T.);
#5250=ORIENTED_EDGE('',*,*,#4154,.F.);
#5251=ORIENTED_EDGE('',*,*,#4155,.T.);
#5252=ORIENTED_EDGE('',*,*,#4156,.T.);
#5253=ORIENTED_EDGE('',*,*,#4155,.F.);
#5254=ORIENTED_EDGE('',*,*,#4156,.F.);
#5255=ORIENTED_EDGE('',*,*,#4157,.F.);
#5256=ORIENTED_EDGE('',*,*,#4158,.F.);
#5257=ORIENTED_EDGE('',*,*,#4159,.T.);
#5258=ORIENTED_EDGE('',*,*,#4157,.T.);
#5259=ORIENTED_EDGE('',*,*,#4159,.F.);
#5260=ORIENTED_EDGE('',*,*,#4160,.F.);
#5261=ORIENTED_EDGE('',*,*,#4161,.T.);
#5262=ORIENTED_EDGE('',*,*,#3890,.F.);
#5263=ORIENTED_EDGE('',*,*,#4161,.F.);
#5264=ORIENTED_EDGE('',*,*,#4160,.T.);
#5265=ORIENTED_EDGE('',*,*,#4158,.T.);
#5266=ORIENTED_EDGE('',*,*,#4162,.F.);
#5267=ORIENTED_EDGE('',*,*,#4163,.T.);
#5268=ORIENTED_EDGE('',*,*,#4164,.T.);
#5269=ORIENTED_EDGE('',*,*,#4163,.F.);
#5270=ORIENTED_EDGE('',*,*,#4164,.F.);
#5271=ORIENTED_EDGE('',*,*,#4165,.F.);
#5272=ORIENTED_EDGE('',*,*,#4166,.F.);
#5273=ORIENTED_EDGE('',*,*,#4167,.T.);
#5274=ORIENTED_EDGE('',*,*,#4165,.T.);
#5275=ORIENTED_EDGE('',*,*,#4167,.F.);
#5276=ORIENTED_EDGE('',*,*,#4168,.F.);
#5277=ORIENTED_EDGE('',*,*,#4169,.T.);
#5278=ORIENTED_EDGE('',*,*,#3966,.F.);
#5279=ORIENTED_EDGE('',*,*,#4169,.F.);
#5280=ORIENTED_EDGE('',*,*,#4168,.T.);
#5281=ORIENTED_EDGE('',*,*,#4166,.T.);
#5282=ORIENTED_EDGE('',*,*,#4170,.F.);
#5283=ORIENTED_EDGE('',*,*,#4171,.T.);
#5284=ORIENTED_EDGE('',*,*,#4172,.T.);
#5285=ORIENTED_EDGE('',*,*,#4171,.F.);
#5286=ORIENTED_EDGE('',*,*,#4172,.F.);
#5287=ORIENTED_EDGE('',*,*,#4173,.F.);
#5288=ORIENTED_EDGE('',*,*,#4174,.F.);
#5289=ORIENTED_EDGE('',*,*,#4175,.T.);
#5290=ORIENTED_EDGE('',*,*,#4173,.T.);
#5291=ORIENTED_EDGE('',*,*,#4175,.F.);
#5292=ORIENTED_EDGE('',*,*,#4176,.F.);
#5293=ORIENTED_EDGE('',*,*,#4177,.T.);
#5294=ORIENTED_EDGE('',*,*,#3891,.F.);
#5295=ORIENTED_EDGE('',*,*,#4177,.F.);
#5296=ORIENTED_EDGE('',*,*,#4176,.T.);
#5297=ORIENTED_EDGE('',*,*,#4174,.T.);
#5298=ORIENTED_EDGE('',*,*,#4178,.F.);
#5299=ORIENTED_EDGE('',*,*,#4179,.T.);
#5300=ORIENTED_EDGE('',*,*,#4180,.T.);
#5301=ORIENTED_EDGE('',*,*,#4179,.F.);
#5302=ORIENTED_EDGE('',*,*,#4180,.F.);
#5303=ORIENTED_EDGE('',*,*,#4181,.F.);
#5304=ORIENTED_EDGE('',*,*,#4182,.F.);
#5305=ORIENTED_EDGE('',*,*,#4183,.T.);
#5306=ORIENTED_EDGE('',*,*,#4181,.T.);
#5307=ORIENTED_EDGE('',*,*,#4183,.F.);
#5308=ORIENTED_EDGE('',*,*,#4184,.F.);
#5309=ORIENTED_EDGE('',*,*,#4185,.T.);
#5310=ORIENTED_EDGE('',*,*,#3965,.F.);
#5311=ORIENTED_EDGE('',*,*,#4185,.F.);
#5312=ORIENTED_EDGE('',*,*,#4184,.T.);
#5313=ORIENTED_EDGE('',*,*,#4182,.T.);
#5314=ORIENTED_EDGE('',*,*,#4186,.F.);
#5315=ORIENTED_EDGE('',*,*,#4187,.T.);
#5316=ORIENTED_EDGE('',*,*,#4188,.T.);
#5317=ORIENTED_EDGE('',*,*,#4187,.F.);
#5318=ORIENTED_EDGE('',*,*,#4188,.F.);
#5319=ORIENTED_EDGE('',*,*,#4189,.F.);
#5320=ORIENTED_EDGE('',*,*,#4190,.F.);
#5321=ORIENTED_EDGE('',*,*,#4191,.T.);
#5322=ORIENTED_EDGE('',*,*,#4189,.T.);
#5323=ORIENTED_EDGE('',*,*,#4191,.F.);
#5324=ORIENTED_EDGE('',*,*,#4192,.F.);
#5325=ORIENTED_EDGE('',*,*,#4193,.T.);
#5326=ORIENTED_EDGE('',*,*,#3892,.F.);
#5327=ORIENTED_EDGE('',*,*,#4193,.F.);
#5328=ORIENTED_EDGE('',*,*,#4192,.T.);
#5329=ORIENTED_EDGE('',*,*,#4190,.T.);
#5330=ORIENTED_EDGE('',*,*,#4194,.F.);
#5331=ORIENTED_EDGE('',*,*,#4195,.T.);
#5332=ORIENTED_EDGE('',*,*,#4196,.T.);
#5333=ORIENTED_EDGE('',*,*,#4195,.F.);
#5334=ORIENTED_EDGE('',*,*,#4196,.F.);
#5335=ORIENTED_EDGE('',*,*,#4197,.F.);
#5336=ORIENTED_EDGE('',*,*,#4198,.F.);
#5337=ORIENTED_EDGE('',*,*,#4199,.T.);
#5338=ORIENTED_EDGE('',*,*,#4197,.T.);
#5339=ORIENTED_EDGE('',*,*,#4199,.F.);
#5340=ORIENTED_EDGE('',*,*,#4200,.F.);
#5341=ORIENTED_EDGE('',*,*,#4201,.T.);
#5342=ORIENTED_EDGE('',*,*,#3964,.F.);
#5343=ORIENTED_EDGE('',*,*,#4201,.F.);
#5344=ORIENTED_EDGE('',*,*,#4200,.T.);
#5345=ORIENTED_EDGE('',*,*,#4198,.T.);
#5346=ORIENTED_EDGE('',*,*,#4202,.F.);
#5347=ORIENTED_EDGE('',*,*,#4203,.T.);
#5348=ORIENTED_EDGE('',*,*,#4204,.T.);
#5349=ORIENTED_EDGE('',*,*,#4203,.F.);
#5350=ORIENTED_EDGE('',*,*,#4204,.F.);
#5351=ORIENTED_EDGE('',*,*,#4205,.F.);
#5352=ORIENTED_EDGE('',*,*,#4206,.F.);
#5353=ORIENTED_EDGE('',*,*,#4207,.T.);
#5354=ORIENTED_EDGE('',*,*,#4205,.T.);
#5355=ORIENTED_EDGE('',*,*,#4207,.F.);
#5356=ORIENTED_EDGE('',*,*,#4208,.F.);
#5357=ORIENTED_EDGE('',*,*,#4209,.T.);
#5358=ORIENTED_EDGE('',*,*,#3893,.F.);
#5359=ORIENTED_EDGE('',*,*,#4209,.F.);
#5360=ORIENTED_EDGE('',*,*,#4208,.T.);
#5361=ORIENTED_EDGE('',*,*,#4206,.T.);
#5362=ORIENTED_EDGE('',*,*,#4210,.F.);
#5363=ORIENTED_EDGE('',*,*,#4211,.T.);
#5364=ORIENTED_EDGE('',*,*,#4212,.T.);
#5365=ORIENTED_EDGE('',*,*,#4211,.F.);
#5366=ORIENTED_EDGE('',*,*,#4212,.F.);
#5367=ORIENTED_EDGE('',*,*,#4213,.F.);
#5368=ORIENTED_EDGE('',*,*,#4214,.F.);
#5369=ORIENTED_EDGE('',*,*,#4215,.T.);
#5370=ORIENTED_EDGE('',*,*,#4213,.T.);
#5371=ORIENTED_EDGE('',*,*,#4215,.F.);
#5372=ORIENTED_EDGE('',*,*,#4216,.F.);
#5373=ORIENTED_EDGE('',*,*,#4217,.T.);
#5374=ORIENTED_EDGE('',*,*,#3963,.F.);
#5375=ORIENTED_EDGE('',*,*,#4217,.F.);
#5376=ORIENTED_EDGE('',*,*,#4216,.T.);
#5377=ORIENTED_EDGE('',*,*,#4214,.T.);
#5378=ORIENTED_EDGE('',*,*,#4218,.F.);
#5379=ORIENTED_EDGE('',*,*,#4219,.T.);
#5380=ORIENTED_EDGE('',*,*,#4220,.T.);
#5381=ORIENTED_EDGE('',*,*,#4219,.F.);
#5382=ORIENTED_EDGE('',*,*,#4220,.F.);
#5383=ORIENTED_EDGE('',*,*,#4221,.F.);
#5384=ORIENTED_EDGE('',*,*,#4222,.F.);
#5385=ORIENTED_EDGE('',*,*,#4223,.T.);
#5386=ORIENTED_EDGE('',*,*,#4221,.T.);
#5387=ORIENTED_EDGE('',*,*,#4223,.F.);
#5388=ORIENTED_EDGE('',*,*,#4224,.F.);
#5389=ORIENTED_EDGE('',*,*,#4225,.T.);
#5390=ORIENTED_EDGE('',*,*,#3894,.F.);
#5391=ORIENTED_EDGE('',*,*,#4225,.F.);
#5392=ORIENTED_EDGE('',*,*,#4224,.T.);
#5393=ORIENTED_EDGE('',*,*,#4222,.T.);
#5394=ORIENTED_EDGE('',*,*,#4226,.F.);
#5395=ORIENTED_EDGE('',*,*,#4227,.T.);
#5396=ORIENTED_EDGE('',*,*,#4228,.T.);
#5397=ORIENTED_EDGE('',*,*,#4227,.F.);
#5398=ORIENTED_EDGE('',*,*,#4228,.F.);
#5399=ORIENTED_EDGE('',*,*,#4229,.F.);
#5400=ORIENTED_EDGE('',*,*,#4230,.F.);
#5401=ORIENTED_EDGE('',*,*,#4231,.T.);
#5402=ORIENTED_EDGE('',*,*,#4229,.T.);
#5403=ORIENTED_EDGE('',*,*,#4231,.F.);
#5404=ORIENTED_EDGE('',*,*,#4232,.F.);
#5405=ORIENTED_EDGE('',*,*,#4233,.T.);
#5406=ORIENTED_EDGE('',*,*,#3962,.F.);
#5407=ORIENTED_EDGE('',*,*,#4233,.F.);
#5408=ORIENTED_EDGE('',*,*,#4232,.T.);
#5409=ORIENTED_EDGE('',*,*,#4230,.T.);
#5410=ORIENTED_EDGE('',*,*,#4234,.F.);
#5411=ORIENTED_EDGE('',*,*,#4235,.T.);
#5412=ORIENTED_EDGE('',*,*,#4236,.T.);
#5413=ORIENTED_EDGE('',*,*,#4235,.F.);
#5414=ORIENTED_EDGE('',*,*,#4236,.F.);
#5415=ORIENTED_EDGE('',*,*,#4237,.F.);
#5416=ORIENTED_EDGE('',*,*,#4238,.F.);
#5417=ORIENTED_EDGE('',*,*,#4239,.T.);
#5418=ORIENTED_EDGE('',*,*,#4237,.T.);
#5419=ORIENTED_EDGE('',*,*,#4239,.F.);
#5420=ORIENTED_EDGE('',*,*,#4240,.F.);
#5421=ORIENTED_EDGE('',*,*,#4241,.T.);
#5422=ORIENTED_EDGE('',*,*,#3895,.F.);
#5423=ORIENTED_EDGE('',*,*,#4241,.F.);
#5424=ORIENTED_EDGE('',*,*,#4240,.T.);
#5425=ORIENTED_EDGE('',*,*,#4238,.T.);
#5426=ORIENTED_EDGE('',*,*,#4242,.F.);
#5427=ORIENTED_EDGE('',*,*,#4243,.T.);
#5428=ORIENTED_EDGE('',*,*,#4244,.T.);
#5429=ORIENTED_EDGE('',*,*,#4243,.F.);
#5430=ORIENTED_EDGE('',*,*,#4244,.F.);
#5431=ORIENTED_EDGE('',*,*,#4245,.F.);
#5432=ORIENTED_EDGE('',*,*,#4246,.F.);
#5433=ORIENTED_EDGE('',*,*,#4247,.T.);
#5434=ORIENTED_EDGE('',*,*,#4245,.T.);
#5435=ORIENTED_EDGE('',*,*,#4247,.F.);
#5436=ORIENTED_EDGE('',*,*,#4248,.F.);
#5437=ORIENTED_EDGE('',*,*,#4249,.T.);
#5438=ORIENTED_EDGE('',*,*,#3961,.F.);
#5439=ORIENTED_EDGE('',*,*,#4249,.F.);
#5440=ORIENTED_EDGE('',*,*,#4248,.T.);
#5441=ORIENTED_EDGE('',*,*,#4246,.T.);
#5442=ORIENTED_EDGE('',*,*,#4250,.F.);
#5443=ORIENTED_EDGE('',*,*,#4251,.T.);
#5444=ORIENTED_EDGE('',*,*,#4252,.T.);
#5445=ORIENTED_EDGE('',*,*,#4251,.F.);
#5446=ORIENTED_EDGE('',*,*,#4252,.F.);
#5447=ORIENTED_EDGE('',*,*,#4253,.F.);
#5448=ORIENTED_EDGE('',*,*,#4254,.F.);
#5449=ORIENTED_EDGE('',*,*,#4255,.T.);
#5450=ORIENTED_EDGE('',*,*,#4253,.T.);
#5451=ORIENTED_EDGE('',*,*,#4255,.F.);
#5452=ORIENTED_EDGE('',*,*,#4256,.F.);
#5453=ORIENTED_EDGE('',*,*,#4257,.T.);
#5454=ORIENTED_EDGE('',*,*,#3896,.F.);
#5455=ORIENTED_EDGE('',*,*,#4257,.F.);
#5456=ORIENTED_EDGE('',*,*,#4256,.T.);
#5457=ORIENTED_EDGE('',*,*,#4254,.T.);
#5458=ORIENTED_EDGE('',*,*,#4258,.F.);
#5459=ORIENTED_EDGE('',*,*,#4259,.T.);
#5460=ORIENTED_EDGE('',*,*,#4260,.T.);
#5461=ORIENTED_EDGE('',*,*,#4259,.F.);
#5462=ORIENTED_EDGE('',*,*,#4260,.F.);
#5463=ORIENTED_EDGE('',*,*,#4261,.F.);
#5464=ORIENTED_EDGE('',*,*,#4262,.F.);
#5465=ORIENTED_EDGE('',*,*,#4263,.T.);
#5466=ORIENTED_EDGE('',*,*,#4261,.T.);
#5467=ORIENTED_EDGE('',*,*,#4263,.F.);
#5468=ORIENTED_EDGE('',*,*,#4264,.F.);
#5469=ORIENTED_EDGE('',*,*,#4265,.T.);
#5470=ORIENTED_EDGE('',*,*,#3960,.F.);
#5471=ORIENTED_EDGE('',*,*,#4265,.F.);
#5472=ORIENTED_EDGE('',*,*,#4264,.T.);
#5473=ORIENTED_EDGE('',*,*,#4262,.T.);
#5474=ORIENTED_EDGE('',*,*,#4266,.F.);
#5475=ORIENTED_EDGE('',*,*,#4267,.T.);
#5476=ORIENTED_EDGE('',*,*,#4268,.T.);
#5477=ORIENTED_EDGE('',*,*,#4267,.F.);
#5478=ORIENTED_EDGE('',*,*,#4268,.F.);
#5479=ORIENTED_EDGE('',*,*,#4269,.F.);
#5480=ORIENTED_EDGE('',*,*,#4270,.F.);
#5481=ORIENTED_EDGE('',*,*,#4271,.T.);
#5482=ORIENTED_EDGE('',*,*,#4269,.T.);
#5483=ORIENTED_EDGE('',*,*,#4271,.F.);
#5484=ORIENTED_EDGE('',*,*,#4272,.F.);
#5485=ORIENTED_EDGE('',*,*,#4273,.T.);
#5486=ORIENTED_EDGE('',*,*,#3897,.F.);
#5487=ORIENTED_EDGE('',*,*,#4273,.F.);
#5488=ORIENTED_EDGE('',*,*,#4272,.T.);
#5489=ORIENTED_EDGE('',*,*,#4270,.T.);
#5490=ORIENTED_EDGE('',*,*,#4274,.F.);
#5491=ORIENTED_EDGE('',*,*,#4275,.T.);
#5492=ORIENTED_EDGE('',*,*,#4276,.T.);
#5493=ORIENTED_EDGE('',*,*,#4275,.F.);
#5494=ORIENTED_EDGE('',*,*,#4276,.F.);
#5495=ORIENTED_EDGE('',*,*,#4277,.F.);
#5496=ORIENTED_EDGE('',*,*,#4278,.F.);
#5497=ORIENTED_EDGE('',*,*,#4279,.T.);
#5498=ORIENTED_EDGE('',*,*,#4277,.T.);
#5499=ORIENTED_EDGE('',*,*,#4279,.F.);
#5500=ORIENTED_EDGE('',*,*,#4280,.F.);
#5501=ORIENTED_EDGE('',*,*,#4281,.T.);
#5502=ORIENTED_EDGE('',*,*,#3959,.F.);
#5503=ORIENTED_EDGE('',*,*,#4281,.F.);
#5504=ORIENTED_EDGE('',*,*,#4280,.T.);
#5505=ORIENTED_EDGE('',*,*,#4278,.T.);
#5506=ORIENTED_EDGE('',*,*,#4282,.F.);
#5507=ORIENTED_EDGE('',*,*,#4283,.T.);
#5508=ORIENTED_EDGE('',*,*,#4284,.T.);
#5509=ORIENTED_EDGE('',*,*,#4283,.F.);
#5510=ORIENTED_EDGE('',*,*,#4284,.F.);
#5511=ORIENTED_EDGE('',*,*,#4285,.F.);
#5512=ORIENTED_EDGE('',*,*,#4286,.F.);
#5513=ORIENTED_EDGE('',*,*,#4287,.T.);
#5514=ORIENTED_EDGE('',*,*,#4285,.T.);
#5515=ORIENTED_EDGE('',*,*,#4287,.F.);
#5516=ORIENTED_EDGE('',*,*,#4288,.F.);
#5517=ORIENTED_EDGE('',*,*,#4289,.T.);
#5518=ORIENTED_EDGE('',*,*,#3898,.F.);
#5519=ORIENTED_EDGE('',*,*,#4289,.F.);
#5520=ORIENTED_EDGE('',*,*,#4288,.T.);
#5521=ORIENTED_EDGE('',*,*,#4286,.T.);
#5522=ORIENTED_EDGE('',*,*,#4290,.F.);
#5523=ORIENTED_EDGE('',*,*,#4291,.T.);
#5524=ORIENTED_EDGE('',*,*,#4292,.T.);
#5525=ORIENTED_EDGE('',*,*,#4291,.F.);
#5526=ORIENTED_EDGE('',*,*,#4292,.F.);
#5527=ORIENTED_EDGE('',*,*,#4293,.F.);
#5528=ORIENTED_EDGE('',*,*,#4294,.F.);
#5529=ORIENTED_EDGE('',*,*,#4295,.T.);
#5530=ORIENTED_EDGE('',*,*,#4293,.T.);
#5531=ORIENTED_EDGE('',*,*,#4295,.F.);
#5532=ORIENTED_EDGE('',*,*,#4296,.F.);
#5533=ORIENTED_EDGE('',*,*,#4297,.T.);
#5534=ORIENTED_EDGE('',*,*,#3958,.F.);
#5535=ORIENTED_EDGE('',*,*,#4297,.F.);
#5536=ORIENTED_EDGE('',*,*,#4296,.T.);
#5537=ORIENTED_EDGE('',*,*,#4294,.T.);
#5538=ORIENTED_EDGE('',*,*,#4298,.F.);
#5539=ORIENTED_EDGE('',*,*,#4299,.T.);
#5540=ORIENTED_EDGE('',*,*,#4300,.T.);
#5541=ORIENTED_EDGE('',*,*,#4299,.F.);
#5542=ORIENTED_EDGE('',*,*,#4300,.F.);
#5543=ORIENTED_EDGE('',*,*,#4301,.F.);
#5544=ORIENTED_EDGE('',*,*,#4302,.F.);
#5545=ORIENTED_EDGE('',*,*,#4303,.T.);
#5546=ORIENTED_EDGE('',*,*,#4301,.T.);
#5547=ORIENTED_EDGE('',*,*,#4303,.F.);
#5548=ORIENTED_EDGE('',*,*,#4304,.F.);
#5549=ORIENTED_EDGE('',*,*,#4305,.T.);
#5550=ORIENTED_EDGE('',*,*,#3899,.F.);
#5551=ORIENTED_EDGE('',*,*,#4305,.F.);
#5552=ORIENTED_EDGE('',*,*,#4304,.T.);
#5553=ORIENTED_EDGE('',*,*,#4302,.T.);
#5554=ORIENTED_EDGE('',*,*,#4306,.F.);
#5555=ORIENTED_EDGE('',*,*,#4307,.T.);
#5556=ORIENTED_EDGE('',*,*,#4308,.T.);
#5557=ORIENTED_EDGE('',*,*,#4307,.F.);
#5558=ORIENTED_EDGE('',*,*,#4308,.F.);
#5559=ORIENTED_EDGE('',*,*,#4309,.F.);
#5560=ORIENTED_EDGE('',*,*,#4310,.F.);
#5561=ORIENTED_EDGE('',*,*,#4311,.T.);
#5562=ORIENTED_EDGE('',*,*,#4309,.T.);
#5563=ORIENTED_EDGE('',*,*,#4311,.F.);
#5564=ORIENTED_EDGE('',*,*,#4312,.F.);
#5565=ORIENTED_EDGE('',*,*,#4313,.T.);
#5566=ORIENTED_EDGE('',*,*,#3957,.F.);
#5567=ORIENTED_EDGE('',*,*,#4313,.F.);
#5568=ORIENTED_EDGE('',*,*,#4312,.T.);
#5569=ORIENTED_EDGE('',*,*,#4310,.T.);
#5570=ORIENTED_EDGE('',*,*,#4314,.F.);
#5571=ORIENTED_EDGE('',*,*,#4315,.T.);
#5572=ORIENTED_EDGE('',*,*,#4316,.T.);
#5573=ORIENTED_EDGE('',*,*,#4315,.F.);
#5574=ORIENTED_EDGE('',*,*,#4316,.F.);
#5575=ORIENTED_EDGE('',*,*,#4317,.F.);
#5576=ORIENTED_EDGE('',*,*,#4318,.F.);
#5577=ORIENTED_EDGE('',*,*,#4319,.T.);
#5578=ORIENTED_EDGE('',*,*,#4317,.T.);
#5579=ORIENTED_EDGE('',*,*,#4319,.F.);
#5580=ORIENTED_EDGE('',*,*,#4320,.F.);
#5581=ORIENTED_EDGE('',*,*,#4321,.T.);
#5582=ORIENTED_EDGE('',*,*,#3900,.F.);
#5583=ORIENTED_EDGE('',*,*,#4321,.F.);
#5584=ORIENTED_EDGE('',*,*,#4320,.T.);
#5585=ORIENTED_EDGE('',*,*,#4318,.T.);
#5586=ORIENTED_EDGE('',*,*,#4322,.F.);
#5587=ORIENTED_EDGE('',*,*,#4323,.T.);
#5588=ORIENTED_EDGE('',*,*,#4324,.T.);
#5589=ORIENTED_EDGE('',*,*,#4323,.F.);
#5590=ORIENTED_EDGE('',*,*,#4324,.F.);
#5591=ORIENTED_EDGE('',*,*,#4325,.F.);
#5592=ORIENTED_EDGE('',*,*,#4326,.F.);
#5593=ORIENTED_EDGE('',*,*,#4327,.T.);
#5594=ORIENTED_EDGE('',*,*,#4325,.T.);
#5595=ORIENTED_EDGE('',*,*,#4327,.F.);
#5596=ORIENTED_EDGE('',*,*,#4328,.F.);
#5597=ORIENTED_EDGE('',*,*,#4329,.T.);
#5598=ORIENTED_EDGE('',*,*,#3956,.F.);
#5599=ORIENTED_EDGE('',*,*,#4329,.F.);
#5600=ORIENTED_EDGE('',*,*,#4328,.T.);
#5601=ORIENTED_EDGE('',*,*,#4326,.T.);
#5602=ORIENTED_EDGE('',*,*,#4330,.F.);
#5603=ORIENTED_EDGE('',*,*,#4331,.T.);
#5604=ORIENTED_EDGE('',*,*,#4332,.T.);
#5605=ORIENTED_EDGE('',*,*,#4331,.F.);
#5606=ORIENTED_EDGE('',*,*,#4332,.F.);
#5607=ORIENTED_EDGE('',*,*,#4333,.F.);
#5608=ORIENTED_EDGE('',*,*,#4334,.F.);
#5609=ORIENTED_EDGE('',*,*,#4335,.T.);
#5610=ORIENTED_EDGE('',*,*,#4333,.T.);
#5611=ORIENTED_EDGE('',*,*,#4335,.F.);
#5612=ORIENTED_EDGE('',*,*,#4336,.F.);
#5613=ORIENTED_EDGE('',*,*,#4337,.T.);
#5614=ORIENTED_EDGE('',*,*,#3901,.F.);
#5615=ORIENTED_EDGE('',*,*,#4337,.F.);
#5616=ORIENTED_EDGE('',*,*,#4336,.T.);
#5617=ORIENTED_EDGE('',*,*,#4334,.T.);
#5618=ORIENTED_EDGE('',*,*,#4338,.F.);
#5619=ORIENTED_EDGE('',*,*,#4339,.T.);
#5620=ORIENTED_EDGE('',*,*,#4340,.T.);
#5621=ORIENTED_EDGE('',*,*,#4339,.F.);
#5622=ORIENTED_EDGE('',*,*,#4340,.F.);
#5623=ORIENTED_EDGE('',*,*,#4341,.F.);
#5624=ORIENTED_EDGE('',*,*,#4342,.F.);
#5625=ORIENTED_EDGE('',*,*,#4343,.T.);
#5626=ORIENTED_EDGE('',*,*,#4341,.T.);
#5627=ORIENTED_EDGE('',*,*,#4343,.F.);
#5628=ORIENTED_EDGE('',*,*,#4344,.F.);
#5629=ORIENTED_EDGE('',*,*,#4345,.T.);
#5630=ORIENTED_EDGE('',*,*,#3955,.F.);
#5631=ORIENTED_EDGE('',*,*,#4345,.F.);
#5632=ORIENTED_EDGE('',*,*,#4344,.T.);
#5633=ORIENTED_EDGE('',*,*,#4342,.T.);
#5634=ORIENTED_EDGE('',*,*,#4346,.F.);
#5635=ORIENTED_EDGE('',*,*,#4347,.T.);
#5636=ORIENTED_EDGE('',*,*,#4348,.T.);
#5637=ORIENTED_EDGE('',*,*,#4347,.F.);
#5638=ORIENTED_EDGE('',*,*,#4348,.F.);
#5639=ORIENTED_EDGE('',*,*,#4349,.F.);
#5640=ORIENTED_EDGE('',*,*,#4350,.F.);
#5641=ORIENTED_EDGE('',*,*,#4351,.T.);
#5642=ORIENTED_EDGE('',*,*,#4349,.T.);
#5643=ORIENTED_EDGE('',*,*,#4351,.F.);
#5644=ORIENTED_EDGE('',*,*,#4352,.F.);
#5645=ORIENTED_EDGE('',*,*,#4353,.T.);
#5646=ORIENTED_EDGE('',*,*,#3902,.F.);
#5647=ORIENTED_EDGE('',*,*,#4353,.F.);
#5648=ORIENTED_EDGE('',*,*,#4352,.T.);
#5649=ORIENTED_EDGE('',*,*,#4350,.T.);
#5650=ORIENTED_EDGE('',*,*,#4354,.F.);
#5651=ORIENTED_EDGE('',*,*,#4355,.T.);
#5652=ORIENTED_EDGE('',*,*,#4356,.T.);
#5653=ORIENTED_EDGE('',*,*,#4355,.F.);
#5654=ORIENTED_EDGE('',*,*,#4356,.F.);
#5655=ORIENTED_EDGE('',*,*,#4357,.F.);
#5656=ORIENTED_EDGE('',*,*,#4358,.F.);
#5657=ORIENTED_EDGE('',*,*,#4359,.T.);
#5658=ORIENTED_EDGE('',*,*,#4357,.T.);
#5659=ORIENTED_EDGE('',*,*,#4359,.F.);
#5660=ORIENTED_EDGE('',*,*,#4360,.F.);
#5661=ORIENTED_EDGE('',*,*,#4361,.T.);
#5662=ORIENTED_EDGE('',*,*,#3954,.F.);
#5663=ORIENTED_EDGE('',*,*,#4361,.F.);
#5664=ORIENTED_EDGE('',*,*,#4360,.T.);
#5665=ORIENTED_EDGE('',*,*,#4358,.T.);
#5666=ORIENTED_EDGE('',*,*,#4362,.F.);
#5667=ORIENTED_EDGE('',*,*,#4363,.T.);
#5668=ORIENTED_EDGE('',*,*,#4364,.T.);
#5669=ORIENTED_EDGE('',*,*,#4363,.F.);
#5670=ORIENTED_EDGE('',*,*,#4364,.F.);
#5671=ORIENTED_EDGE('',*,*,#4365,.F.);
#5672=ORIENTED_EDGE('',*,*,#4366,.F.);
#5673=ORIENTED_EDGE('',*,*,#4367,.T.);
#5674=ORIENTED_EDGE('',*,*,#4365,.T.);
#5675=ORIENTED_EDGE('',*,*,#4367,.F.);
#5676=ORIENTED_EDGE('',*,*,#4368,.F.);
#5677=ORIENTED_EDGE('',*,*,#4369,.T.);
#5678=ORIENTED_EDGE('',*,*,#3903,.F.);
#5679=ORIENTED_EDGE('',*,*,#4369,.F.);
#5680=ORIENTED_EDGE('',*,*,#4368,.T.);
#5681=ORIENTED_EDGE('',*,*,#4366,.T.);
#5682=ORIENTED_EDGE('',*,*,#4370,.F.);
#5683=ORIENTED_EDGE('',*,*,#4371,.T.);
#5684=ORIENTED_EDGE('',*,*,#4372,.T.);
#5685=ORIENTED_EDGE('',*,*,#4371,.F.);
#5686=ORIENTED_EDGE('',*,*,#4372,.F.);
#5687=ORIENTED_EDGE('',*,*,#4373,.F.);
#5688=ORIENTED_EDGE('',*,*,#4374,.F.);
#5689=ORIENTED_EDGE('',*,*,#4375,.T.);
#5690=ORIENTED_EDGE('',*,*,#4373,.T.);
#5691=ORIENTED_EDGE('',*,*,#4375,.F.);
#5692=ORIENTED_EDGE('',*,*,#4376,.F.);
#5693=ORIENTED_EDGE('',*,*,#4377,.T.);
#5694=ORIENTED_EDGE('',*,*,#3953,.F.);
#5695=ORIENTED_EDGE('',*,*,#4377,.F.);
#5696=ORIENTED_EDGE('',*,*,#4376,.T.);
#5697=ORIENTED_EDGE('',*,*,#4374,.T.);
#5698=ORIENTED_EDGE('',*,*,#4378,.F.);
#5699=ORIENTED_EDGE('',*,*,#4379,.T.);
#5700=ORIENTED_EDGE('',*,*,#4380,.T.);
#5701=ORIENTED_EDGE('',*,*,#4379,.F.);
#5702=ORIENTED_EDGE('',*,*,#4380,.F.);
#5703=ORIENTED_EDGE('',*,*,#4381,.F.);
#5704=ORIENTED_EDGE('',*,*,#4382,.F.);
#5705=ORIENTED_EDGE('',*,*,#4383,.T.);
#5706=ORIENTED_EDGE('',*,*,#4381,.T.);
#5707=ORIENTED_EDGE('',*,*,#4383,.F.);
#5708=ORIENTED_EDGE('',*,*,#4384,.F.);
#5709=ORIENTED_EDGE('',*,*,#4385,.T.);
#5710=ORIENTED_EDGE('',*,*,#3904,.F.);
#5711=ORIENTED_EDGE('',*,*,#4385,.F.);
#5712=ORIENTED_EDGE('',*,*,#4384,.T.);
#5713=ORIENTED_EDGE('',*,*,#4382,.T.);
#5714=ORIENTED_EDGE('',*,*,#4386,.F.);
#5715=ORIENTED_EDGE('',*,*,#4387,.T.);
#5716=ORIENTED_EDGE('',*,*,#4388,.T.);
#5717=ORIENTED_EDGE('',*,*,#4387,.F.);
#5718=ORIENTED_EDGE('',*,*,#4388,.F.);
#5719=ORIENTED_EDGE('',*,*,#4389,.F.);
#5720=ORIENTED_EDGE('',*,*,#4390,.F.);
#5721=ORIENTED_EDGE('',*,*,#4391,.T.);
#5722=ORIENTED_EDGE('',*,*,#4389,.T.);
#5723=ORIENTED_EDGE('',*,*,#4391,.F.);
#5724=ORIENTED_EDGE('',*,*,#4392,.F.);
#5725=ORIENTED_EDGE('',*,*,#4393,.T.);
#5726=ORIENTED_EDGE('',*,*,#3952,.F.);
#5727=ORIENTED_EDGE('',*,*,#4393,.F.);
#5728=ORIENTED_EDGE('',*,*,#4392,.T.);
#5729=ORIENTED_EDGE('',*,*,#4390,.T.);
#5730=ORIENTED_EDGE('',*,*,#4394,.F.);
#5731=ORIENTED_EDGE('',*,*,#4395,.T.);
#5732=ORIENTED_EDGE('',*,*,#4396,.T.);
#5733=ORIENTED_EDGE('',*,*,#4395,.F.);
#5734=ORIENTED_EDGE('',*,*,#4396,.F.);
#5735=ORIENTED_EDGE('',*,*,#4397,.F.);
#5736=ORIENTED_EDGE('',*,*,#4398,.F.);
#5737=ORIENTED_EDGE('',*,*,#4399,.T.);
#5738=ORIENTED_EDGE('',*,*,#4397,.T.);
#5739=ORIENTED_EDGE('',*,*,#4399,.F.);
#5740=ORIENTED_EDGE('',*,*,#4400,.F.);
#5741=ORIENTED_EDGE('',*,*,#4401,.T.);
#5742=ORIENTED_EDGE('',*,*,#3905,.F.);
#5743=ORIENTED_EDGE('',*,*,#4401,.F.);
#5744=ORIENTED_EDGE('',*,*,#4400,.T.);
#5745=ORIENTED_EDGE('',*,*,#4398,.T.);
#5746=ORIENTED_EDGE('',*,*,#4402,.F.);
#5747=ORIENTED_EDGE('',*,*,#4403,.T.);
#5748=ORIENTED_EDGE('',*,*,#4404,.T.);
#5749=ORIENTED_EDGE('',*,*,#4403,.F.);
#5750=ORIENTED_EDGE('',*,*,#4404,.F.);
#5751=ORIENTED_EDGE('',*,*,#4405,.F.);
#5752=ORIENTED_EDGE('',*,*,#4406,.F.);
#5753=ORIENTED_EDGE('',*,*,#4407,.T.);
#5754=ORIENTED_EDGE('',*,*,#4405,.T.);
#5755=ORIENTED_EDGE('',*,*,#4407,.F.);
#5756=ORIENTED_EDGE('',*,*,#4408,.F.);
#5757=ORIENTED_EDGE('',*,*,#4409,.T.);
#5758=ORIENTED_EDGE('',*,*,#3951,.F.);
#5759=ORIENTED_EDGE('',*,*,#4409,.F.);
#5760=ORIENTED_EDGE('',*,*,#4408,.T.);
#5761=ORIENTED_EDGE('',*,*,#4406,.T.);
#5762=ORIENTED_EDGE('',*,*,#4410,.F.);
#5763=ORIENTED_EDGE('',*,*,#4411,.T.);
#5764=ORIENTED_EDGE('',*,*,#4412,.T.);
#5765=ORIENTED_EDGE('',*,*,#4411,.F.);
#5766=ORIENTED_EDGE('',*,*,#4412,.F.);
#5767=ORIENTED_EDGE('',*,*,#4413,.F.);
#5768=ORIENTED_EDGE('',*,*,#4414,.F.);
#5769=ORIENTED_EDGE('',*,*,#4415,.T.);
#5770=ORIENTED_EDGE('',*,*,#4413,.T.);
#5771=ORIENTED_EDGE('',*,*,#4415,.F.);
#5772=ORIENTED_EDGE('',*,*,#4416,.F.);
#5773=ORIENTED_EDGE('',*,*,#4417,.T.);
#5774=ORIENTED_EDGE('',*,*,#3906,.F.);
#5775=ORIENTED_EDGE('',*,*,#4417,.F.);
#5776=ORIENTED_EDGE('',*,*,#4416,.T.);
#5777=ORIENTED_EDGE('',*,*,#4414,.T.);
#5778=ORIENTED_EDGE('',*,*,#4418,.F.);
#5779=ORIENTED_EDGE('',*,*,#4419,.T.);
#5780=ORIENTED_EDGE('',*,*,#4420,.T.);
#5781=ORIENTED_EDGE('',*,*,#4419,.F.);
#5782=ORIENTED_EDGE('',*,*,#4420,.F.);
#5783=ORIENTED_EDGE('',*,*,#4421,.F.);
#5784=ORIENTED_EDGE('',*,*,#4422,.F.);
#5785=ORIENTED_EDGE('',*,*,#4423,.T.);
#5786=ORIENTED_EDGE('',*,*,#4421,.T.);
#5787=ORIENTED_EDGE('',*,*,#4423,.F.);
#5788=ORIENTED_EDGE('',*,*,#4424,.F.);
#5789=ORIENTED_EDGE('',*,*,#4425,.T.);
#5790=ORIENTED_EDGE('',*,*,#3950,.F.);
#5791=ORIENTED_EDGE('',*,*,#4425,.F.);
#5792=ORIENTED_EDGE('',*,*,#4424,.T.);
#5793=ORIENTED_EDGE('',*,*,#4422,.T.);
#5794=ORIENTED_EDGE('',*,*,#4426,.F.);
#5795=ORIENTED_EDGE('',*,*,#4427,.T.);
#5796=ORIENTED_EDGE('',*,*,#4428,.T.);
#5797=ORIENTED_EDGE('',*,*,#4427,.F.);
#5798=ORIENTED_EDGE('',*,*,#4428,.F.);
#5799=ORIENTED_EDGE('',*,*,#4429,.F.);
#5800=ORIENTED_EDGE('',*,*,#4430,.F.);
#5801=ORIENTED_EDGE('',*,*,#4431,.T.);
#5802=ORIENTED_EDGE('',*,*,#4429,.T.);
#5803=ORIENTED_EDGE('',*,*,#4431,.F.);
#5804=ORIENTED_EDGE('',*,*,#4432,.F.);
#5805=ORIENTED_EDGE('',*,*,#4433,.T.);
#5806=ORIENTED_EDGE('',*,*,#3907,.F.);
#5807=ORIENTED_EDGE('',*,*,#4433,.F.);
#5808=ORIENTED_EDGE('',*,*,#4432,.T.);
#5809=ORIENTED_EDGE('',*,*,#4430,.T.);
#5810=ORIENTED_EDGE('',*,*,#4434,.F.);
#5811=ORIENTED_EDGE('',*,*,#4435,.T.);
#5812=ORIENTED_EDGE('',*,*,#4436,.T.);
#5813=ORIENTED_EDGE('',*,*,#4435,.F.);
#5814=ORIENTED_EDGE('',*,*,#4436,.F.);
#5815=ORIENTED_EDGE('',*,*,#4437,.F.);
#5816=ORIENTED_EDGE('',*,*,#4438,.F.);
#5817=ORIENTED_EDGE('',*,*,#4439,.T.);
#5818=ORIENTED_EDGE('',*,*,#4437,.T.);
#5819=ORIENTED_EDGE('',*,*,#4439,.F.);
#5820=ORIENTED_EDGE('',*,*,#4440,.F.);
#5821=ORIENTED_EDGE('',*,*,#4441,.T.);
#5822=ORIENTED_EDGE('',*,*,#3949,.F.);
#5823=ORIENTED_EDGE('',*,*,#4441,.F.);
#5824=ORIENTED_EDGE('',*,*,#4440,.T.);
#5825=ORIENTED_EDGE('',*,*,#4438,.T.);
#5826=ORIENTED_EDGE('',*,*,#4442,.F.);
#5827=ORIENTED_EDGE('',*,*,#4443,.T.);
#5828=ORIENTED_EDGE('',*,*,#4444,.T.);
#5829=ORIENTED_EDGE('',*,*,#4443,.F.);
#5830=ORIENTED_EDGE('',*,*,#4444,.F.);
#5831=ORIENTED_EDGE('',*,*,#4445,.F.);
#5832=ORIENTED_EDGE('',*,*,#4446,.F.);
#5833=ORIENTED_EDGE('',*,*,#4447,.T.);
#5834=ORIENTED_EDGE('',*,*,#4445,.T.);
#5835=ORIENTED_EDGE('',*,*,#4447,.F.);
#5836=ORIENTED_EDGE('',*,*,#4448,.F.);
#5837=ORIENTED_EDGE('',*,*,#4449,.T.);
#5838=ORIENTED_EDGE('',*,*,#3908,.F.);
#5839=ORIENTED_EDGE('',*,*,#4449,.F.);
#5840=ORIENTED_EDGE('',*,*,#4448,.T.);
#5841=ORIENTED_EDGE('',*,*,#4446,.T.);
#5842=ORIENTED_EDGE('',*,*,#4450,.F.);
#5843=ORIENTED_EDGE('',*,*,#4451,.T.);
#5844=ORIENTED_EDGE('',*,*,#4452,.T.);
#5845=ORIENTED_EDGE('',*,*,#4451,.F.);
#5846=ORIENTED_EDGE('',*,*,#4452,.F.);
#5847=ORIENTED_EDGE('',*,*,#4453,.F.);
#5848=ORIENTED_EDGE('',*,*,#4454,.F.);
#5849=ORIENTED_EDGE('',*,*,#4455,.T.);
#5850=ORIENTED_EDGE('',*,*,#4453,.T.);
#5851=ORIENTED_EDGE('',*,*,#4455,.F.);
#5852=ORIENTED_EDGE('',*,*,#4456,.F.);
#5853=ORIENTED_EDGE('',*,*,#4457,.T.);
#5854=ORIENTED_EDGE('',*,*,#3948,.F.);
#5855=ORIENTED_EDGE('',*,*,#4457,.F.);
#5856=ORIENTED_EDGE('',*,*,#4456,.T.);
#5857=ORIENTED_EDGE('',*,*,#4454,.T.);
#5858=ORIENTED_EDGE('',*,*,#4458,.F.);
#5859=ORIENTED_EDGE('',*,*,#4459,.T.);
#5860=ORIENTED_EDGE('',*,*,#4460,.T.);
#5861=ORIENTED_EDGE('',*,*,#4459,.F.);
#5862=ORIENTED_EDGE('',*,*,#4460,.F.);
#5863=ORIENTED_EDGE('',*,*,#4461,.F.);
#5864=ORIENTED_EDGE('',*,*,#4462,.F.);
#5865=ORIENTED_EDGE('',*,*,#4463,.T.);
#5866=ORIENTED_EDGE('',*,*,#4461,.T.);
#5867=ORIENTED_EDGE('',*,*,#4463,.F.);
#5868=ORIENTED_EDGE('',*,*,#4464,.F.);
#5869=ORIENTED_EDGE('',*,*,#4465,.T.);
#5870=ORIENTED_EDGE('',*,*,#3909,.F.);
#5871=ORIENTED_EDGE('',*,*,#4465,.F.);
#5872=ORIENTED_EDGE('',*,*,#4464,.T.);
#5873=ORIENTED_EDGE('',*,*,#4462,.T.);
#5874=ORIENTED_EDGE('',*,*,#4466,.F.);
#5875=ORIENTED_EDGE('',*,*,#4467,.T.);
#5876=ORIENTED_EDGE('',*,*,#4468,.T.);
#5877=ORIENTED_EDGE('',*,*,#4467,.F.);
#5878=ORIENTED_EDGE('',*,*,#4468,.F.);
#5879=ORIENTED_EDGE('',*,*,#4469,.F.);
#5880=ORIENTED_EDGE('',*,*,#4470,.F.);
#5881=ORIENTED_EDGE('',*,*,#4471,.T.);
#5882=ORIENTED_EDGE('',*,*,#4469,.T.);
#5883=ORIENTED_EDGE('',*,*,#4471,.F.);
#5884=ORIENTED_EDGE('',*,*,#4472,.F.);
#5885=ORIENTED_EDGE('',*,*,#4473,.T.);
#5886=ORIENTED_EDGE('',*,*,#3947,.F.);
#5887=ORIENTED_EDGE('',*,*,#4473,.F.);
#5888=ORIENTED_EDGE('',*,*,#4472,.T.);
#5889=ORIENTED_EDGE('',*,*,#4470,.T.);
#5890=ORIENTED_EDGE('',*,*,#4474,.F.);
#5891=ORIENTED_EDGE('',*,*,#4475,.T.);
#5892=ORIENTED_EDGE('',*,*,#4476,.T.);
#5893=ORIENTED_EDGE('',*,*,#4475,.F.);
#5894=ORIENTED_EDGE('',*,*,#4476,.F.);
#5895=ORIENTED_EDGE('',*,*,#4477,.F.);
#5896=ORIENTED_EDGE('',*,*,#4478,.F.);
#5897=ORIENTED_EDGE('',*,*,#4479,.T.);
#5898=ORIENTED_EDGE('',*,*,#4477,.T.);
#5899=ORIENTED_EDGE('',*,*,#4479,.F.);
#5900=ORIENTED_EDGE('',*,*,#4480,.F.);
#5901=ORIENTED_EDGE('',*,*,#4481,.T.);
#5902=ORIENTED_EDGE('',*,*,#3910,.F.);
#5903=ORIENTED_EDGE('',*,*,#4481,.F.);
#5904=ORIENTED_EDGE('',*,*,#4480,.T.);
#5905=ORIENTED_EDGE('',*,*,#4478,.T.);
#5906=ORIENTED_EDGE('',*,*,#4482,.F.);
#5907=ORIENTED_EDGE('',*,*,#4483,.T.);
#5908=ORIENTED_EDGE('',*,*,#4484,.T.);
#5909=ORIENTED_EDGE('',*,*,#4483,.F.);
#5910=ORIENTED_EDGE('',*,*,#4484,.F.);
#5911=ORIENTED_EDGE('',*,*,#4485,.F.);
#5912=ORIENTED_EDGE('',*,*,#4486,.F.);
#5913=ORIENTED_EDGE('',*,*,#4487,.T.);
#5914=ORIENTED_EDGE('',*,*,#4485,.T.);
#5915=ORIENTED_EDGE('',*,*,#4487,.F.);
#5916=ORIENTED_EDGE('',*,*,#4488,.F.);
#5917=ORIENTED_EDGE('',*,*,#4489,.T.);
#5918=ORIENTED_EDGE('',*,*,#3946,.F.);
#5919=ORIENTED_EDGE('',*,*,#4489,.F.);
#5920=ORIENTED_EDGE('',*,*,#4488,.T.);
#5921=ORIENTED_EDGE('',*,*,#4486,.T.);
#5922=ORIENTED_EDGE('',*,*,#4490,.F.);
#5923=ORIENTED_EDGE('',*,*,#4491,.T.);
#5924=ORIENTED_EDGE('',*,*,#4492,.T.);
#5925=ORIENTED_EDGE('',*,*,#4491,.F.);
#5926=ORIENTED_EDGE('',*,*,#4492,.F.);
#5927=ORIENTED_EDGE('',*,*,#4493,.F.);
#5928=ORIENTED_EDGE('',*,*,#4494,.F.);
#5929=ORIENTED_EDGE('',*,*,#4495,.T.);
#5930=ORIENTED_EDGE('',*,*,#4493,.T.);
#5931=ORIENTED_EDGE('',*,*,#4495,.F.);
#5932=ORIENTED_EDGE('',*,*,#4496,.F.);
#5933=ORIENTED_EDGE('',*,*,#4497,.T.);
#5934=ORIENTED_EDGE('',*,*,#3911,.F.);
#5935=ORIENTED_EDGE('',*,*,#4497,.F.);
#5936=ORIENTED_EDGE('',*,*,#4496,.T.);
#5937=ORIENTED_EDGE('',*,*,#4494,.T.);
#5938=ORIENTED_EDGE('',*,*,#4498,.F.);
#5939=ORIENTED_EDGE('',*,*,#4499,.T.);
#5940=ORIENTED_EDGE('',*,*,#4500,.T.);
#5941=ORIENTED_EDGE('',*,*,#4499,.F.);
#5942=ORIENTED_EDGE('',*,*,#4500,.F.);
#5943=ORIENTED_EDGE('',*,*,#4501,.F.);
#5944=ORIENTED_EDGE('',*,*,#4502,.F.);
#5945=ORIENTED_EDGE('',*,*,#4503,.T.);
#5946=ORIENTED_EDGE('',*,*,#4501,.T.);
#5947=ORIENTED_EDGE('',*,*,#4503,.F.);
#5948=ORIENTED_EDGE('',*,*,#4504,.F.);
#5949=ORIENTED_EDGE('',*,*,#4505,.T.);
#5950=ORIENTED_EDGE('',*,*,#3945,.F.);
#5951=ORIENTED_EDGE('',*,*,#4505,.F.);
#5952=ORIENTED_EDGE('',*,*,#4504,.T.);
#5953=ORIENTED_EDGE('',*,*,#4502,.T.);
#5954=ORIENTED_EDGE('',*,*,#4506,.F.);
#5955=ORIENTED_EDGE('',*,*,#4507,.T.);
#5956=ORIENTED_EDGE('',*,*,#4508,.T.);
#5957=ORIENTED_EDGE('',*,*,#4507,.F.);
#5958=ORIENTED_EDGE('',*,*,#4508,.F.);
#5959=ORIENTED_EDGE('',*,*,#4509,.F.);
#5960=ORIENTED_EDGE('',*,*,#4510,.F.);
#5961=ORIENTED_EDGE('',*,*,#4511,.T.);
#5962=ORIENTED_EDGE('',*,*,#4509,.T.);
#5963=ORIENTED_EDGE('',*,*,#4511,.F.);
#5964=ORIENTED_EDGE('',*,*,#4512,.F.);
#5965=ORIENTED_EDGE('',*,*,#4513,.T.);
#5966=ORIENTED_EDGE('',*,*,#3912,.F.);
#5967=ORIENTED_EDGE('',*,*,#4513,.F.);
#5968=ORIENTED_EDGE('',*,*,#4512,.T.);
#5969=ORIENTED_EDGE('',*,*,#4510,.T.);
#5970=ORIENTED_EDGE('',*,*,#4514,.F.);
#5971=ORIENTED_EDGE('',*,*,#4515,.T.);
#5972=ORIENTED_EDGE('',*,*,#4516,.T.);
#5973=ORIENTED_EDGE('',*,*,#4515,.F.);
#5974=ORIENTED_EDGE('',*,*,#4516,.F.);
#5975=ORIENTED_EDGE('',*,*,#4517,.F.);
#5976=ORIENTED_EDGE('',*,*,#4518,.F.);
#5977=ORIENTED_EDGE('',*,*,#4519,.T.);
#5978=ORIENTED_EDGE('',*,*,#4517,.T.);
#5979=ORIENTED_EDGE('',*,*,#4519,.F.);
#5980=ORIENTED_EDGE('',*,*,#4520,.F.);
#5981=ORIENTED_EDGE('',*,*,#4521,.T.);
#5982=ORIENTED_EDGE('',*,*,#3944,.F.);
#5983=ORIENTED_EDGE('',*,*,#4521,.F.);
#5984=ORIENTED_EDGE('',*,*,#4520,.T.);
#5985=ORIENTED_EDGE('',*,*,#4518,.T.);
#5986=ORIENTED_EDGE('',*,*,#4522,.F.);
#5987=ORIENTED_EDGE('',*,*,#4523,.T.);
#5988=ORIENTED_EDGE('',*,*,#4524,.T.);
#5989=ORIENTED_EDGE('',*,*,#4523,.F.);
#5990=ORIENTED_EDGE('',*,*,#4524,.F.);
#5991=ORIENTED_EDGE('',*,*,#4525,.F.);
#5992=ORIENTED_EDGE('',*,*,#4526,.F.);
#5993=ORIENTED_EDGE('',*,*,#4527,.T.);
#5994=ORIENTED_EDGE('',*,*,#4525,.T.);
#5995=ORIENTED_EDGE('',*,*,#4527,.F.);
#5996=ORIENTED_EDGE('',*,*,#4528,.F.);
#5997=ORIENTED_EDGE('',*,*,#4529,.T.);
#5998=ORIENTED_EDGE('',*,*,#3913,.F.);
#5999=ORIENTED_EDGE('',*,*,#4529,.F.);
#6000=ORIENTED_EDGE('',*,*,#4528,.T.);
#6001=ORIENTED_EDGE('',*,*,#4526,.T.);
#6002=ORIENTED_EDGE('',*,*,#4530,.F.);
#6003=ORIENTED_EDGE('',*,*,#4531,.T.);
#6004=ORIENTED_EDGE('',*,*,#4532,.T.);
#6005=ORIENTED_EDGE('',*,*,#4531,.F.);
#6006=ORIENTED_EDGE('',*,*,#4532,.F.);
#6007=ORIENTED_EDGE('',*,*,#4533,.F.);
#6008=ORIENTED_EDGE('',*,*,#4534,.F.);
#6009=ORIENTED_EDGE('',*,*,#4535,.T.);
#6010=ORIENTED_EDGE('',*,*,#4533,.T.);
#6011=ORIENTED_EDGE('',*,*,#4535,.F.);
#6012=ORIENTED_EDGE('',*,*,#4536,.F.);
#6013=ORIENTED_EDGE('',*,*,#4537,.T.);
#6014=ORIENTED_EDGE('',*,*,#3943,.F.);
#6015=ORIENTED_EDGE('',*,*,#4537,.F.);
#6016=ORIENTED_EDGE('',*,*,#4536,.T.);
#6017=ORIENTED_EDGE('',*,*,#4534,.T.);
#6018=ORIENTED_EDGE('',*,*,#4538,.F.);
#6019=ORIENTED_EDGE('',*,*,#4539,.T.);
#6020=ORIENTED_EDGE('',*,*,#4540,.T.);
#6021=ORIENTED_EDGE('',*,*,#4539,.F.);
#6022=ORIENTED_EDGE('',*,*,#4540,.F.);
#6023=ORIENTED_EDGE('',*,*,#4541,.F.);
#6024=ORIENTED_EDGE('',*,*,#4542,.F.);
#6025=ORIENTED_EDGE('',*,*,#4543,.T.);
#6026=ORIENTED_EDGE('',*,*,#4541,.T.);
#6027=ORIENTED_EDGE('',*,*,#4543,.F.);
#6028=ORIENTED_EDGE('',*,*,#4544,.F.);
#6029=ORIENTED_EDGE('',*,*,#4545,.T.);
#6030=ORIENTED_EDGE('',*,*,#3914,.F.);
#6031=ORIENTED_EDGE('',*,*,#4545,.F.);
#6032=ORIENTED_EDGE('',*,*,#4544,.T.);
#6033=ORIENTED_EDGE('',*,*,#4542,.T.);
#6034=ORIENTED_EDGE('',*,*,#4546,.F.);
#6035=ORIENTED_EDGE('',*,*,#4547,.T.);
#6036=ORIENTED_EDGE('',*,*,#4548,.T.);
#6037=ORIENTED_EDGE('',*,*,#4547,.F.);
#6038=ORIENTED_EDGE('',*,*,#4548,.F.);
#6039=ORIENTED_EDGE('',*,*,#4549,.F.);
#6040=ORIENTED_EDGE('',*,*,#4550,.F.);
#6041=ORIENTED_EDGE('',*,*,#4551,.T.);
#6042=ORIENTED_EDGE('',*,*,#4549,.T.);
#6043=ORIENTED_EDGE('',*,*,#4551,.F.);
#6044=ORIENTED_EDGE('',*,*,#4552,.F.);
#6045=ORIENTED_EDGE('',*,*,#4553,.T.);
#6046=ORIENTED_EDGE('',*,*,#3942,.F.);
#6047=ORIENTED_EDGE('',*,*,#4553,.F.);
#6048=ORIENTED_EDGE('',*,*,#4552,.T.);
#6049=ORIENTED_EDGE('',*,*,#4550,.T.);
#6050=ORIENTED_EDGE('',*,*,#4554,.F.);
#6051=ORIENTED_EDGE('',*,*,#4555,.T.);
#6052=ORIENTED_EDGE('',*,*,#4556,.T.);
#6053=ORIENTED_EDGE('',*,*,#4555,.F.);
#6054=ORIENTED_EDGE('',*,*,#4556,.F.);
#6055=ORIENTED_EDGE('',*,*,#4557,.F.);
#6056=ORIENTED_EDGE('',*,*,#4558,.F.);
#6057=ORIENTED_EDGE('',*,*,#4559,.T.);
#6058=ORIENTED_EDGE('',*,*,#4557,.T.);
#6059=ORIENTED_EDGE('',*,*,#4559,.F.);
#6060=ORIENTED_EDGE('',*,*,#4560,.F.);
#6061=ORIENTED_EDGE('',*,*,#4561,.T.);
#6062=ORIENTED_EDGE('',*,*,#3915,.F.);
#6063=ORIENTED_EDGE('',*,*,#4561,.F.);
#6064=ORIENTED_EDGE('',*,*,#4560,.T.);
#6065=ORIENTED_EDGE('',*,*,#4558,.T.);
#6066=ORIENTED_EDGE('',*,*,#4562,.F.);
#6067=ORIENTED_EDGE('',*,*,#4563,.T.);
#6068=ORIENTED_EDGE('',*,*,#4564,.T.);
#6069=ORIENTED_EDGE('',*,*,#4563,.F.);
#6070=ORIENTED_EDGE('',*,*,#4564,.F.);
#6071=ORIENTED_EDGE('',*,*,#4565,.F.);
#6072=ORIENTED_EDGE('',*,*,#4566,.F.);
#6073=ORIENTED_EDGE('',*,*,#4567,.T.);
#6074=ORIENTED_EDGE('',*,*,#4565,.T.);
#6075=ORIENTED_EDGE('',*,*,#4567,.F.);
#6076=ORIENTED_EDGE('',*,*,#4568,.F.);
#6077=ORIENTED_EDGE('',*,*,#4569,.T.);
#6078=ORIENTED_EDGE('',*,*,#3941,.F.);
#6079=ORIENTED_EDGE('',*,*,#4569,.F.);
#6080=ORIENTED_EDGE('',*,*,#4568,.T.);
#6081=ORIENTED_EDGE('',*,*,#4566,.T.);
#6082=ORIENTED_EDGE('',*,*,#4570,.F.);
#6083=ORIENTED_EDGE('',*,*,#4571,.T.);
#6084=ORIENTED_EDGE('',*,*,#4572,.T.);
#6085=ORIENTED_EDGE('',*,*,#4571,.F.);
#6086=ORIENTED_EDGE('',*,*,#4572,.F.);
#6087=ORIENTED_EDGE('',*,*,#4573,.F.);
#6088=ORIENTED_EDGE('',*,*,#4574,.F.);
#6089=ORIENTED_EDGE('',*,*,#4575,.T.);
#6090=ORIENTED_EDGE('',*,*,#4573,.T.);
#6091=ORIENTED_EDGE('',*,*,#4575,.F.);
#6092=ORIENTED_EDGE('',*,*,#4576,.F.);
#6093=ORIENTED_EDGE('',*,*,#4577,.T.);
#6094=ORIENTED_EDGE('',*,*,#3916,.F.);
#6095=ORIENTED_EDGE('',*,*,#4577,.F.);
#6096=ORIENTED_EDGE('',*,*,#4576,.T.);
#6097=ORIENTED_EDGE('',*,*,#4574,.T.);
#6098=ORIENTED_EDGE('',*,*,#4578,.F.);
#6099=ORIENTED_EDGE('',*,*,#4579,.T.);
#6100=ORIENTED_EDGE('',*,*,#4580,.T.);
#6101=ORIENTED_EDGE('',*,*,#4579,.F.);
#6102=ORIENTED_EDGE('',*,*,#4580,.F.);
#6103=ORIENTED_EDGE('',*,*,#4581,.F.);
#6104=ORIENTED_EDGE('',*,*,#4582,.F.);
#6105=ORIENTED_EDGE('',*,*,#4583,.T.);
#6106=ORIENTED_EDGE('',*,*,#4581,.T.);
#6107=ORIENTED_EDGE('',*,*,#4583,.F.);
#6108=ORIENTED_EDGE('',*,*,#4584,.F.);
#6109=ORIENTED_EDGE('',*,*,#4585,.T.);
#6110=ORIENTED_EDGE('',*,*,#3940,.F.);
#6111=ORIENTED_EDGE('',*,*,#4585,.F.);
#6112=ORIENTED_EDGE('',*,*,#4584,.T.);
#6113=ORIENTED_EDGE('',*,*,#4582,.T.);
#6114=ORIENTED_EDGE('',*,*,#4586,.F.);
#6115=ORIENTED_EDGE('',*,*,#4587,.T.);
#6116=ORIENTED_EDGE('',*,*,#4588,.T.);
#6117=ORIENTED_EDGE('',*,*,#4587,.F.);
#6118=ORIENTED_EDGE('',*,*,#4588,.F.);
#6119=ORIENTED_EDGE('',*,*,#4589,.F.);
#6120=ORIENTED_EDGE('',*,*,#4590,.F.);
#6121=ORIENTED_EDGE('',*,*,#4591,.T.);
#6122=ORIENTED_EDGE('',*,*,#4589,.T.);
#6123=ORIENTED_EDGE('',*,*,#4591,.F.);
#6124=ORIENTED_EDGE('',*,*,#4592,.F.);
#6125=ORIENTED_EDGE('',*,*,#4593,.T.);
#6126=ORIENTED_EDGE('',*,*,#3917,.F.);
#6127=ORIENTED_EDGE('',*,*,#4593,.F.);
#6128=ORIENTED_EDGE('',*,*,#4592,.T.);
#6129=ORIENTED_EDGE('',*,*,#4590,.T.);
#6130=ORIENTED_EDGE('',*,*,#4594,.F.);
#6131=ORIENTED_EDGE('',*,*,#4595,.T.);
#6132=ORIENTED_EDGE('',*,*,#4596,.T.);
#6133=ORIENTED_EDGE('',*,*,#4595,.F.);
#6134=ORIENTED_EDGE('',*,*,#4596,.F.);
#6135=ORIENTED_EDGE('',*,*,#4597,.F.);
#6136=ORIENTED_EDGE('',*,*,#4598,.F.);
#6137=ORIENTED_EDGE('',*,*,#4599,.T.);
#6138=ORIENTED_EDGE('',*,*,#4597,.T.);
#6139=ORIENTED_EDGE('',*,*,#4599,.F.);
#6140=ORIENTED_EDGE('',*,*,#4600,.F.);
#6141=ORIENTED_EDGE('',*,*,#4601,.T.);
#6142=ORIENTED_EDGE('',*,*,#3939,.F.);
#6143=ORIENTED_EDGE('',*,*,#4601,.F.);
#6144=ORIENTED_EDGE('',*,*,#4600,.T.);
#6145=ORIENTED_EDGE('',*,*,#4598,.T.);
#6146=ORIENTED_EDGE('',*,*,#4602,.F.);
#6147=ORIENTED_EDGE('',*,*,#4603,.T.);
#6148=ORIENTED_EDGE('',*,*,#4604,.T.);
#6149=ORIENTED_EDGE('',*,*,#4603,.F.);
#6150=ORIENTED_EDGE('',*,*,#4604,.F.);
#6151=ORIENTED_EDGE('',*,*,#4605,.F.);
#6152=ORIENTED_EDGE('',*,*,#4606,.F.);
#6153=ORIENTED_EDGE('',*,*,#4607,.T.);
#6154=ORIENTED_EDGE('',*,*,#4605,.T.);
#6155=ORIENTED_EDGE('',*,*,#4607,.F.);
#6156=ORIENTED_EDGE('',*,*,#4608,.F.);
#6157=ORIENTED_EDGE('',*,*,#4609,.T.);
#6158=ORIENTED_EDGE('',*,*,#3918,.F.);
#6159=ORIENTED_EDGE('',*,*,#4609,.F.);
#6160=ORIENTED_EDGE('',*,*,#4608,.T.);
#6161=ORIENTED_EDGE('',*,*,#4606,.T.);
#6162=ORIENTED_EDGE('',*,*,#4610,.F.);
#6163=ORIENTED_EDGE('',*,*,#4611,.T.);
#6164=ORIENTED_EDGE('',*,*,#4612,.T.);
#6165=ORIENTED_EDGE('',*,*,#4611,.F.);
#6166=ORIENTED_EDGE('',*,*,#4612,.F.);
#6167=ORIENTED_EDGE('',*,*,#4613,.F.);
#6168=ORIENTED_EDGE('',*,*,#4614,.F.);
#6169=ORIENTED_EDGE('',*,*,#4615,.T.);
#6170=ORIENTED_EDGE('',*,*,#4613,.T.);
#6171=ORIENTED_EDGE('',*,*,#4615,.F.);
#6172=ORIENTED_EDGE('',*,*,#4616,.F.);
#6173=ORIENTED_EDGE('',*,*,#4617,.T.);
#6174=ORIENTED_EDGE('',*,*,#3938,.F.);
#6175=ORIENTED_EDGE('',*,*,#4617,.F.);
#6176=ORIENTED_EDGE('',*,*,#4616,.T.);
#6177=ORIENTED_EDGE('',*,*,#4614,.T.);
#6178=ORIENTED_EDGE('',*,*,#4618,.F.);
#6179=ORIENTED_EDGE('',*,*,#4619,.T.);
#6180=ORIENTED_EDGE('',*,*,#4620,.T.);
#6181=ORIENTED_EDGE('',*,*,#4619,.F.);
#6182=ORIENTED_EDGE('',*,*,#4620,.F.);
#6183=ORIENTED_EDGE('',*,*,#4621,.F.);
#6184=ORIENTED_EDGE('',*,*,#4622,.F.);
#6185=ORIENTED_EDGE('',*,*,#4623,.T.);
#6186=ORIENTED_EDGE('',*,*,#4621,.T.);
#6187=ORIENTED_EDGE('',*,*,#4623,.F.);
#6188=ORIENTED_EDGE('',*,*,#4624,.F.);
#6189=ORIENTED_EDGE('',*,*,#4625,.T.);
#6190=ORIENTED_EDGE('',*,*,#3919,.F.);
#6191=ORIENTED_EDGE('',*,*,#4625,.F.);
#6192=ORIENTED_EDGE('',*,*,#4624,.T.);
#6193=ORIENTED_EDGE('',*,*,#4622,.T.);
#6194=ORIENTED_EDGE('',*,*,#4626,.F.);
#6195=ORIENTED_EDGE('',*,*,#4627,.T.);
#6196=ORIENTED_EDGE('',*,*,#4628,.T.);
#6197=ORIENTED_EDGE('',*,*,#4627,.F.);
#6198=ORIENTED_EDGE('',*,*,#4628,.F.);
#6199=ORIENTED_EDGE('',*,*,#4629,.F.);
#6200=ORIENTED_EDGE('',*,*,#4630,.F.);
#6201=ORIENTED_EDGE('',*,*,#4631,.T.);
#6202=ORIENTED_EDGE('',*,*,#4629,.T.);
#6203=ORIENTED_EDGE('',*,*,#4631,.F.);
#6204=ORIENTED_EDGE('',*,*,#4632,.F.);
#6205=ORIENTED_EDGE('',*,*,#4633,.T.);
#6206=ORIENTED_EDGE('',*,*,#3937,.F.);
#6207=ORIENTED_EDGE('',*,*,#4633,.F.);
#6208=ORIENTED_EDGE('',*,*,#4632,.T.);
#6209=ORIENTED_EDGE('',*,*,#4630,.T.);
#6210=ORIENTED_EDGE('',*,*,#4634,.F.);
#6211=ORIENTED_EDGE('',*,*,#4635,.T.);
#6212=ORIENTED_EDGE('',*,*,#4636,.T.);
#6213=ORIENTED_EDGE('',*,*,#4635,.F.);
#6214=ORIENTED_EDGE('',*,*,#4636,.F.);
#6215=ORIENTED_EDGE('',*,*,#4637,.F.);
#6216=ORIENTED_EDGE('',*,*,#4638,.F.);
#6217=ORIENTED_EDGE('',*,*,#4639,.T.);
#6218=ORIENTED_EDGE('',*,*,#4637,.T.);
#6219=ORIENTED_EDGE('',*,*,#4639,.F.);
#6220=ORIENTED_EDGE('',*,*,#4640,.F.);
#6221=ORIENTED_EDGE('',*,*,#4641,.T.);
#6222=ORIENTED_EDGE('',*,*,#3920,.F.);
#6223=ORIENTED_EDGE('',*,*,#4641,.F.);
#6224=ORIENTED_EDGE('',*,*,#4640,.T.);
#6225=ORIENTED_EDGE('',*,*,#4638,.T.);
#6226=ORIENTED_EDGE('',*,*,#4642,.F.);
#6227=ORIENTED_EDGE('',*,*,#4643,.T.);
#6228=ORIENTED_EDGE('',*,*,#4644,.T.);
#6229=ORIENTED_EDGE('',*,*,#4643,.F.);
#6230=ORIENTED_EDGE('',*,*,#4644,.F.);
#6231=ORIENTED_EDGE('',*,*,#4645,.F.);
#6232=ORIENTED_EDGE('',*,*,#4646,.F.);
#6233=ORIENTED_EDGE('',*,*,#4647,.T.);
#6234=ORIENTED_EDGE('',*,*,#4645,.T.);
#6235=ORIENTED_EDGE('',*,*,#4647,.F.);
#6236=ORIENTED_EDGE('',*,*,#4648,.F.);
#6237=ORIENTED_EDGE('',*,*,#4649,.T.);
#6238=ORIENTED_EDGE('',*,*,#3936,.F.);
#6239=ORIENTED_EDGE('',*,*,#4649,.F.);
#6240=ORIENTED_EDGE('',*,*,#4648,.T.);
#6241=ORIENTED_EDGE('',*,*,#4646,.T.);
#6242=ORIENTED_EDGE('',*,*,#4650,.F.);
#6243=ORIENTED_EDGE('',*,*,#4651,.T.);
#6244=ORIENTED_EDGE('',*,*,#4652,.T.);
#6245=ORIENTED_EDGE('',*,*,#4651,.F.);
#6246=ORIENTED_EDGE('',*,*,#4652,.F.);
#6247=ORIENTED_EDGE('',*,*,#4653,.F.);
#6248=ORIENTED_EDGE('',*,*,#4654,.F.);
#6249=ORIENTED_EDGE('',*,*,#4655,.T.);
#6250=ORIENTED_EDGE('',*,*,#4653,.T.);
#6251=ORIENTED_EDGE('',*,*,#4655,.F.);
#6252=ORIENTED_EDGE('',*,*,#4656,.F.);
#6253=ORIENTED_EDGE('',*,*,#4657,.T.);
#6254=ORIENTED_EDGE('',*,*,#3921,.F.);
#6255=ORIENTED_EDGE('',*,*,#4657,.F.);
#6256=ORIENTED_EDGE('',*,*,#4656,.T.);
#6257=ORIENTED_EDGE('',*,*,#4654,.T.);
#6258=ORIENTED_EDGE('',*,*,#4658,.F.);
#6259=ORIENTED_EDGE('',*,*,#4659,.T.);
#6260=ORIENTED_EDGE('',*,*,#4660,.T.);
#6261=ORIENTED_EDGE('',*,*,#4659,.F.);
#6262=ORIENTED_EDGE('',*,*,#4660,.F.);
#6263=ORIENTED_EDGE('',*,*,#4661,.F.);
#6264=ORIENTED_EDGE('',*,*,#4662,.F.);
#6265=ORIENTED_EDGE('',*,*,#4663,.T.);
#6266=ORIENTED_EDGE('',*,*,#4661,.T.);
#6267=ORIENTED_EDGE('',*,*,#4663,.F.);
#6268=ORIENTED_EDGE('',*,*,#4664,.F.);
#6269=ORIENTED_EDGE('',*,*,#4665,.T.);
#6270=ORIENTED_EDGE('',*,*,#3935,.F.);
#6271=ORIENTED_EDGE('',*,*,#4665,.F.);
#6272=ORIENTED_EDGE('',*,*,#4664,.T.);
#6273=ORIENTED_EDGE('',*,*,#4662,.T.);
#6274=ORIENTED_EDGE('',*,*,#4666,.F.);
#6275=ORIENTED_EDGE('',*,*,#4667,.T.);
#6276=ORIENTED_EDGE('',*,*,#4668,.T.);
#6277=ORIENTED_EDGE('',*,*,#4667,.F.);
#6278=ORIENTED_EDGE('',*,*,#4668,.F.);
#6279=ORIENTED_EDGE('',*,*,#4669,.F.);
#6280=ORIENTED_EDGE('',*,*,#4670,.F.);
#6281=ORIENTED_EDGE('',*,*,#4671,.T.);
#6282=ORIENTED_EDGE('',*,*,#4669,.T.);
#6283=ORIENTED_EDGE('',*,*,#4671,.F.);
#6284=ORIENTED_EDGE('',*,*,#4672,.F.);
#6285=ORIENTED_EDGE('',*,*,#4673,.T.);
#6286=ORIENTED_EDGE('',*,*,#3922,.F.);
#6287=ORIENTED_EDGE('',*,*,#4673,.F.);
#6288=ORIENTED_EDGE('',*,*,#4672,.T.);
#6289=ORIENTED_EDGE('',*,*,#4670,.T.);
#6290=ORIENTED_EDGE('',*,*,#4674,.F.);
#6291=ORIENTED_EDGE('',*,*,#4675,.T.);
#6292=ORIENTED_EDGE('',*,*,#4676,.T.);
#6293=ORIENTED_EDGE('',*,*,#4675,.F.);
#6294=ORIENTED_EDGE('',*,*,#4676,.F.);
#6295=ORIENTED_EDGE('',*,*,#4677,.F.);
#6296=ORIENTED_EDGE('',*,*,#4678,.F.);
#6297=ORIENTED_EDGE('',*,*,#4679,.T.);
#6298=ORIENTED_EDGE('',*,*,#4677,.T.);
#6299=ORIENTED_EDGE('',*,*,#4679,.F.);
#6300=ORIENTED_EDGE('',*,*,#4680,.F.);
#6301=ORIENTED_EDGE('',*,*,#4681,.T.);
#6302=ORIENTED_EDGE('',*,*,#3934,.F.);
#6303=ORIENTED_EDGE('',*,*,#4681,.F.);
#6304=ORIENTED_EDGE('',*,*,#4680,.T.);
#6305=ORIENTED_EDGE('',*,*,#4678,.T.);
#6306=ORIENTED_EDGE('',*,*,#4682,.F.);
#6307=ORIENTED_EDGE('',*,*,#4683,.T.);
#6308=ORIENTED_EDGE('',*,*,#4684,.T.);
#6309=ORIENTED_EDGE('',*,*,#4683,.F.);
#6310=ORIENTED_EDGE('',*,*,#4684,.F.);
#6311=ORIENTED_EDGE('',*,*,#4685,.F.);
#6312=ORIENTED_EDGE('',*,*,#4686,.F.);
#6313=ORIENTED_EDGE('',*,*,#4687,.T.);
#6314=ORIENTED_EDGE('',*,*,#4685,.T.);
#6315=ORIENTED_EDGE('',*,*,#4687,.F.);
#6316=ORIENTED_EDGE('',*,*,#4688,.F.);
#6317=ORIENTED_EDGE('',*,*,#4689,.T.);
#6318=ORIENTED_EDGE('',*,*,#3923,.F.);
#6319=ORIENTED_EDGE('',*,*,#4689,.F.);
#6320=ORIENTED_EDGE('',*,*,#4688,.T.);
#6321=ORIENTED_EDGE('',*,*,#4686,.T.);
#6322=ORIENTED_EDGE('',*,*,#4690,.F.);
#6323=ORIENTED_EDGE('',*,*,#4691,.T.);
#6324=ORIENTED_EDGE('',*,*,#4692,.T.);
#6325=ORIENTED_EDGE('',*,*,#4691,.F.);
#6326=ORIENTED_EDGE('',*,*,#4692,.F.);
#6327=ORIENTED_EDGE('',*,*,#4693,.F.);
#6328=ORIENTED_EDGE('',*,*,#4694,.F.);
#6329=ORIENTED_EDGE('',*,*,#4695,.T.);
#6330=ORIENTED_EDGE('',*,*,#4693,.T.);
#6331=ORIENTED_EDGE('',*,*,#4695,.F.);
#6332=ORIENTED_EDGE('',*,*,#4696,.F.);
#6333=ORIENTED_EDGE('',*,*,#4697,.T.);
#6334=ORIENTED_EDGE('',*,*,#3933,.F.);
#6335=ORIENTED_EDGE('',*,*,#4697,.F.);
#6336=ORIENTED_EDGE('',*,*,#4696,.T.);
#6337=ORIENTED_EDGE('',*,*,#4694,.T.);
#6338=ORIENTED_EDGE('',*,*,#4698,.F.);
#6339=ORIENTED_EDGE('',*,*,#4699,.T.);
#6340=ORIENTED_EDGE('',*,*,#4700,.T.);
#6341=ORIENTED_EDGE('',*,*,#4699,.F.);
#6342=ORIENTED_EDGE('',*,*,#4700,.F.);
#6343=ORIENTED_EDGE('',*,*,#4701,.F.);
#6344=ORIENTED_EDGE('',*,*,#4702,.F.);
#6345=ORIENTED_EDGE('',*,*,#4703,.T.);
#6346=ORIENTED_EDGE('',*,*,#4701,.T.);
#6347=ORIENTED_EDGE('',*,*,#4703,.F.);
#6348=ORIENTED_EDGE('',*,*,#4704,.F.);
#6349=ORIENTED_EDGE('',*,*,#4705,.T.);
#6350=ORIENTED_EDGE('',*,*,#3924,.F.);
#6351=ORIENTED_EDGE('',*,*,#4705,.F.);
#6352=ORIENTED_EDGE('',*,*,#4704,.T.);
#6353=ORIENTED_EDGE('',*,*,#4702,.T.);
#6354=ORIENTED_EDGE('',*,*,#4706,.F.);
#6355=ORIENTED_EDGE('',*,*,#4707,.T.);
#6356=ORIENTED_EDGE('',*,*,#4708,.T.);
#6357=ORIENTED_EDGE('',*,*,#4707,.F.);
#6358=ORIENTED_EDGE('',*,*,#4708,.F.);
#6359=ORIENTED_EDGE('',*,*,#4709,.F.);
#6360=ORIENTED_EDGE('',*,*,#4710,.F.);
#6361=ORIENTED_EDGE('',*,*,#4711,.T.);
#6362=ORIENTED_EDGE('',*,*,#4709,.T.);
#6363=ORIENTED_EDGE('',*,*,#4711,.F.);
#6364=ORIENTED_EDGE('',*,*,#4712,.F.);
#6365=ORIENTED_EDGE('',*,*,#4713,.T.);
#6366=ORIENTED_EDGE('',*,*,#3932,.F.);
#6367=ORIENTED_EDGE('',*,*,#4713,.F.);
#6368=ORIENTED_EDGE('',*,*,#4712,.T.);
#6369=ORIENTED_EDGE('',*,*,#4710,.T.);
#6370=ORIENTED_EDGE('',*,*,#4714,.F.);
#6371=ORIENTED_EDGE('',*,*,#4715,.T.);
#6372=ORIENTED_EDGE('',*,*,#4716,.T.);
#6373=ORIENTED_EDGE('',*,*,#4715,.F.);
#6374=ORIENTED_EDGE('',*,*,#4716,.F.);
#6375=ORIENTED_EDGE('',*,*,#4717,.F.);
#6376=ORIENTED_EDGE('',*,*,#4718,.F.);
#6377=ORIENTED_EDGE('',*,*,#4719,.T.);
#6378=ORIENTED_EDGE('',*,*,#4717,.T.);
#6379=ORIENTED_EDGE('',*,*,#4719,.F.);
#6380=ORIENTED_EDGE('',*,*,#4720,.F.);
#6381=ORIENTED_EDGE('',*,*,#4721,.T.);
#6382=ORIENTED_EDGE('',*,*,#3925,.F.);
#6383=ORIENTED_EDGE('',*,*,#4721,.F.);
#6384=ORIENTED_EDGE('',*,*,#4720,.T.);
#6385=ORIENTED_EDGE('',*,*,#4718,.T.);
#6386=ORIENTED_EDGE('',*,*,#4722,.F.);
#6387=ORIENTED_EDGE('',*,*,#4723,.T.);
#6388=ORIENTED_EDGE('',*,*,#4724,.T.);
#6389=ORIENTED_EDGE('',*,*,#4723,.F.);
#6390=ORIENTED_EDGE('',*,*,#4724,.F.);
#6391=ORIENTED_EDGE('',*,*,#4725,.F.);
#6392=ORIENTED_EDGE('',*,*,#4726,.F.);
#6393=ORIENTED_EDGE('',*,*,#4727,.T.);
#6394=ORIENTED_EDGE('',*,*,#4725,.T.);
#6395=ORIENTED_EDGE('',*,*,#4727,.F.);
#6396=ORIENTED_EDGE('',*,*,#4728,.F.);
#6397=ORIENTED_EDGE('',*,*,#4729,.T.);
#6398=ORIENTED_EDGE('',*,*,#3931,.F.);
#6399=ORIENTED_EDGE('',*,*,#4729,.F.);
#6400=ORIENTED_EDGE('',*,*,#4728,.T.);
#6401=ORIENTED_EDGE('',*,*,#4726,.T.);
#6402=ORIENTED_EDGE('',*,*,#4730,.F.);
#6403=ORIENTED_EDGE('',*,*,#4731,.T.);
#6404=ORIENTED_EDGE('',*,*,#4732,.T.);
#6405=ORIENTED_EDGE('',*,*,#4731,.F.);
#6406=ORIENTED_EDGE('',*,*,#4732,.F.);
#6407=ORIENTED_EDGE('',*,*,#4733,.F.);
#6408=ORIENTED_EDGE('',*,*,#4734,.F.);
#6409=ORIENTED_EDGE('',*,*,#4735,.T.);
#6410=ORIENTED_EDGE('',*,*,#4733,.T.);
#6411=ORIENTED_EDGE('',*,*,#4735,.F.);
#6412=ORIENTED_EDGE('',*,*,#4736,.F.);
#6413=ORIENTED_EDGE('',*,*,#4737,.T.);
#6414=ORIENTED_EDGE('',*,*,#3926,.F.);
#6415=ORIENTED_EDGE('',*,*,#4737,.F.);
#6416=ORIENTED_EDGE('',*,*,#4736,.T.);
#6417=ORIENTED_EDGE('',*,*,#4734,.T.);
#6418=ORIENTED_EDGE('',*,*,#4738,.T.);
#6419=ORIENTED_EDGE('',*,*,#4739,.T.);
#6420=ORIENTED_EDGE('',*,*,#4740,.F.);
#6421=ORIENTED_EDGE('',*,*,#4739,.F.);
#6422=ORIENTED_EDGE('',*,*,#3930,.F.);
#6423=ORIENTED_EDGE('',*,*,#4741,.T.);
#6424=ORIENTED_EDGE('',*,*,#4742,.T.);
#6425=ORIENTED_EDGE('',*,*,#4741,.F.);
#6426=ORIENTED_EDGE('',*,*,#4742,.F.);
#6427=ORIENTED_EDGE('',*,*,#4738,.F.);
#6428=ORIENTED_EDGE('',*,*,#4743,.F.);
#6429=ORIENTED_EDGE('',*,*,#4744,.T.);
#6430=ORIENTED_EDGE('',*,*,#4745,.F.);
#6431=ORIENTED_EDGE('',*,*,#4744,.F.);
#6432=ORIENTED_EDGE('',*,*,#3927,.F.);
#6433=ORIENTED_EDGE('',*,*,#4746,.T.);
#6434=ORIENTED_EDGE('',*,*,#4747,.F.);
#6435=ORIENTED_EDGE('',*,*,#4746,.F.);
#6436=ORIENTED_EDGE('',*,*,#4747,.T.);
#6437=ORIENTED_EDGE('',*,*,#4743,.T.);
#6438=ORIENTED_EDGE('',*,*,#4748,.F.);
#6439=ORIENTED_EDGE('',*,*,#4749,.T.);
#6440=ORIENTED_EDGE('',*,*,#4750,.F.);
#6441=ORIENTED_EDGE('',*,*,#4749,.F.);
#6442=ORIENTED_EDGE('',*,*,#3929,.F.);
#6443=ORIENTED_EDGE('',*,*,#4751,.T.);
#6444=ORIENTED_EDGE('',*,*,#4752,.F.);
#6445=ORIENTED_EDGE('',*,*,#4751,.F.);
#6446=ORIENTED_EDGE('',*,*,#4752,.T.);
#6447=ORIENTED_EDGE('',*,*,#4748,.T.);
#6448=ORIENTED_EDGE('',*,*,#4753,.T.);
#6449=ORIENTED_EDGE('',*,*,#4754,.T.);
#6450=ORIENTED_EDGE('',*,*,#4755,.F.);
#6451=ORIENTED_EDGE('',*,*,#4754,.F.);
#6452=ORIENTED_EDGE('',*,*,#3928,.F.);
#6453=ORIENTED_EDGE('',*,*,#4756,.T.);
#6454=ORIENTED_EDGE('',*,*,#4757,.T.);
#6455=ORIENTED_EDGE('',*,*,#4756,.F.);
#6456=ORIENTED_EDGE('',*,*,#4757,.F.);
#6457=ORIENTED_EDGE('',*,*,#4753,.F.);
#6458=ORIENTED_EDGE('',*,*,#4758,.F.);
#6459=ORIENTED_EDGE('',*,*,#4759,.T.);
#6460=ORIENTED_EDGE('',*,*,#3876,.T.);
#6461=ORIENTED_EDGE('',*,*,#4760,.F.);
#6462=ORIENTED_EDGE('',*,*,#4761,.F.);
#6463=ORIENTED_EDGE('',*,*,#4762,.T.);
#6464=ORIENTED_EDGE('',*,*,#3877,.T.);
#6465=ORIENTED_EDGE('',*,*,#4759,.F.);
#6466=ORIENTED_EDGE('',*,*,#4763,.F.);
#6467=ORIENTED_EDGE('',*,*,#4764,.T.);
#6468=ORIENTED_EDGE('',*,*,#3878,.T.);
#6469=ORIENTED_EDGE('',*,*,#4762,.F.);
#6470=ORIENTED_EDGE('',*,*,#4765,.F.);
#6471=ORIENTED_EDGE('',*,*,#4760,.T.);
#6472=ORIENTED_EDGE('',*,*,#3875,.T.);
#6473=ORIENTED_EDGE('',*,*,#4764,.F.);
#6474=ORIENTED_EDGE('',*,*,#4766,.T.);
#6475=ORIENTED_EDGE('',*,*,#4767,.T.);
#6476=ORIENTED_EDGE('',*,*,#4768,.F.);
#6477=ORIENTED_EDGE('',*,*,#4769,.F.);
#6478=ORIENTED_EDGE('',*,*,#4770,.T.);
#6479=ORIENTED_EDGE('',*,*,#4769,.T.);
#6480=ORIENTED_EDGE('',*,*,#4771,.F.);
#6481=ORIENTED_EDGE('',*,*,#4772,.F.);
#6482=ORIENTED_EDGE('',*,*,#4773,.T.);
#6483=ORIENTED_EDGE('',*,*,#4772,.T.);
#6484=ORIENTED_EDGE('',*,*,#4774,.F.);
#6485=ORIENTED_EDGE('',*,*,#4775,.F.);
#6486=ORIENTED_EDGE('',*,*,#4776,.T.);
#6487=ORIENTED_EDGE('',*,*,#4775,.T.);
#6488=ORIENTED_EDGE('',*,*,#4777,.F.);
#6489=ORIENTED_EDGE('',*,*,#4767,.F.);
#6490=ORIENTED_EDGE('',*,*,#4777,.T.);
#6491=ORIENTED_EDGE('',*,*,#4774,.T.);
#6492=ORIENTED_EDGE('',*,*,#4771,.T.);
#6493=ORIENTED_EDGE('',*,*,#4768,.T.);
#6494=ORIENTED_EDGE('',*,*,#4758,.T.);
#6495=ORIENTED_EDGE('',*,*,#4765,.T.);
#6496=ORIENTED_EDGE('',*,*,#4763,.T.);
#6497=ORIENTED_EDGE('',*,*,#4761,.T.);
#6498=ORIENTED_EDGE('',*,*,#4776,.F.);
#6499=ORIENTED_EDGE('',*,*,#4766,.F.);
#6500=ORIENTED_EDGE('',*,*,#4770,.F.);
#6501=ORIENTED_EDGE('',*,*,#4773,.F.);
#6502=ORIENTED_EDGE('',*,*,#3866,.T.);
#6503=ORIENTED_EDGE('',*,*,#3978,.T.);
#6504=ORIENTED_EDGE('',*,*,#3986,.T.);
#6505=ORIENTED_EDGE('',*,*,#3994,.T.);
#6506=ORIENTED_EDGE('',*,*,#4002,.T.);
#6507=ORIENTED_EDGE('',*,*,#4010,.T.);
#6508=ORIENTED_EDGE('',*,*,#4018,.T.);
#6509=ORIENTED_EDGE('',*,*,#4026,.T.);
#6510=ORIENTED_EDGE('',*,*,#4034,.T.);
#6511=ORIENTED_EDGE('',*,*,#4042,.T.);
#6512=ORIENTED_EDGE('',*,*,#4050,.T.);
#6513=ORIENTED_EDGE('',*,*,#4058,.T.);
#6514=ORIENTED_EDGE('',*,*,#4066,.T.);
#6515=ORIENTED_EDGE('',*,*,#4074,.T.);
#6516=ORIENTED_EDGE('',*,*,#4082,.T.);
#6517=ORIENTED_EDGE('',*,*,#4090,.T.);
#6518=ORIENTED_EDGE('',*,*,#4098,.T.);
#6519=ORIENTED_EDGE('',*,*,#4106,.T.);
#6520=ORIENTED_EDGE('',*,*,#4114,.T.);
#6521=ORIENTED_EDGE('',*,*,#4122,.T.);
#6522=ORIENTED_EDGE('',*,*,#4130,.T.);
#6523=ORIENTED_EDGE('',*,*,#4138,.T.);
#6524=ORIENTED_EDGE('',*,*,#4146,.T.);
#6525=ORIENTED_EDGE('',*,*,#4154,.T.);
#6526=ORIENTED_EDGE('',*,*,#4162,.T.);
#6527=ORIENTED_EDGE('',*,*,#4170,.T.);
#6528=ORIENTED_EDGE('',*,*,#4178,.T.);
#6529=ORIENTED_EDGE('',*,*,#4186,.T.);
#6530=ORIENTED_EDGE('',*,*,#4194,.T.);
#6531=ORIENTED_EDGE('',*,*,#4202,.T.);
#6532=ORIENTED_EDGE('',*,*,#4210,.T.);
#6533=ORIENTED_EDGE('',*,*,#4218,.T.);
#6534=ORIENTED_EDGE('',*,*,#4226,.T.);
#6535=ORIENTED_EDGE('',*,*,#4234,.T.);
#6536=ORIENTED_EDGE('',*,*,#4242,.T.);
#6537=ORIENTED_EDGE('',*,*,#4250,.T.);
#6538=ORIENTED_EDGE('',*,*,#4258,.T.);
#6539=ORIENTED_EDGE('',*,*,#4266,.T.);
#6540=ORIENTED_EDGE('',*,*,#4274,.T.);
#6541=ORIENTED_EDGE('',*,*,#4282,.T.);
#6542=ORIENTED_EDGE('',*,*,#4290,.T.);
#6543=ORIENTED_EDGE('',*,*,#4298,.T.);
#6544=ORIENTED_EDGE('',*,*,#4306,.T.);
#6545=ORIENTED_EDGE('',*,*,#4314,.T.);
#6546=ORIENTED_EDGE('',*,*,#4322,.T.);
#6547=ORIENTED_EDGE('',*,*,#4330,.T.);
#6548=ORIENTED_EDGE('',*,*,#4338,.T.);
#6549=ORIENTED_EDGE('',*,*,#4346,.T.);
#6550=ORIENTED_EDGE('',*,*,#4354,.T.);
#6551=ORIENTED_EDGE('',*,*,#4362,.T.);
#6552=ORIENTED_EDGE('',*,*,#4370,.T.);
#6553=ORIENTED_EDGE('',*,*,#4378,.T.);
#6554=ORIENTED_EDGE('',*,*,#4386,.T.);
#6555=ORIENTED_EDGE('',*,*,#4394,.T.);
#6556=ORIENTED_EDGE('',*,*,#4402,.T.);
#6557=ORIENTED_EDGE('',*,*,#4410,.T.);
#6558=ORIENTED_EDGE('',*,*,#4418,.T.);
#6559=ORIENTED_EDGE('',*,*,#4426,.T.);
#6560=ORIENTED_EDGE('',*,*,#4434,.T.);
#6561=ORIENTED_EDGE('',*,*,#4442,.T.);
#6562=ORIENTED_EDGE('',*,*,#4450,.T.);
#6563=ORIENTED_EDGE('',*,*,#4458,.T.);
#6564=ORIENTED_EDGE('',*,*,#4466,.T.);
#6565=ORIENTED_EDGE('',*,*,#4474,.T.);
#6566=ORIENTED_EDGE('',*,*,#4482,.T.);
#6567=ORIENTED_EDGE('',*,*,#4490,.T.);
#6568=ORIENTED_EDGE('',*,*,#4498,.T.);
#6569=ORIENTED_EDGE('',*,*,#4506,.T.);
#6570=ORIENTED_EDGE('',*,*,#4514,.T.);
#6571=ORIENTED_EDGE('',*,*,#4522,.T.);
#6572=ORIENTED_EDGE('',*,*,#4530,.T.);
#6573=ORIENTED_EDGE('',*,*,#4538,.T.);
#6574=ORIENTED_EDGE('',*,*,#4546,.T.);
#6575=ORIENTED_EDGE('',*,*,#4554,.T.);
#6576=ORIENTED_EDGE('',*,*,#4562,.T.);
#6577=ORIENTED_EDGE('',*,*,#4570,.T.);
#6578=ORIENTED_EDGE('',*,*,#4578,.T.);
#6579=ORIENTED_EDGE('',*,*,#4586,.T.);
#6580=ORIENTED_EDGE('',*,*,#4594,.T.);
#6581=ORIENTED_EDGE('',*,*,#4602,.T.);
#6582=ORIENTED_EDGE('',*,*,#4610,.T.);
#6583=ORIENTED_EDGE('',*,*,#4618,.T.);
#6584=ORIENTED_EDGE('',*,*,#4626,.T.);
#6585=ORIENTED_EDGE('',*,*,#4634,.T.);
#6586=ORIENTED_EDGE('',*,*,#4642,.T.);
#6587=ORIENTED_EDGE('',*,*,#4650,.T.);
#6588=ORIENTED_EDGE('',*,*,#4658,.T.);
#6589=ORIENTED_EDGE('',*,*,#4666,.T.);
#6590=ORIENTED_EDGE('',*,*,#4674,.T.);
#6591=ORIENTED_EDGE('',*,*,#4682,.T.);
#6592=ORIENTED_EDGE('',*,*,#4690,.T.);
#6593=ORIENTED_EDGE('',*,*,#4698,.T.);
#6594=ORIENTED_EDGE('',*,*,#4706,.T.);
#6595=ORIENTED_EDGE('',*,*,#4714,.T.);
#6596=ORIENTED_EDGE('',*,*,#4722,.T.);
#6597=ORIENTED_EDGE('',*,*,#4730,.T.);
#6598=ORIENTED_EDGE('',*,*,#4740,.T.);
#6599=ORIENTED_EDGE('',*,*,#4745,.T.);
#6600=ORIENTED_EDGE('',*,*,#4750,.T.);
#6601=ORIENTED_EDGE('',*,*,#4755,.T.);
#6602=CYLINDRICAL_SURFACE('',#7416,3.948);
#6603=CYLINDRICAL_SURFACE('',#7421,2.526);
#6604=CYLINDRICAL_SURFACE('',#7423,3.3);
#6605=CYLINDRICAL_SURFACE('',#7527,3.948);
#6606=CYLINDRICAL_SURFACE('',#7532,2.526);
#6607=CYLINDRICAL_SURFACE('',#7534,3.3);
#6608=CYLINDRICAL_SURFACE('',#7537,3.948);
#6609=CYLINDRICAL_SURFACE('',#7542,2.526);
#6610=CYLINDRICAL_SURFACE('',#7544,3.3);
#6611=CYLINDRICAL_SURFACE('',#7547,3.948);
#6612=CYLINDRICAL_SURFACE('',#7552,2.526);
#6613=CYLINDRICAL_SURFACE('',#7554,3.3);
#6614=CYLINDRICAL_SURFACE('',#7557,3.948);
#6615=CYLINDRICAL_SURFACE('',#7562,2.526);
#6616=CYLINDRICAL_SURFACE('',#7564,3.3);
#6617=CYLINDRICAL_SURFACE('',#7567,3.948);
#6618=CYLINDRICAL_SURFACE('',#7572,2.526);
#6619=CYLINDRICAL_SURFACE('',#7574,3.3);
#6620=CYLINDRICAL_SURFACE('',#7577,3.948);
#6621=CYLINDRICAL_SURFACE('',#7582,2.526);
#6622=CYLINDRICAL_SURFACE('',#7584,3.3);
#6623=CYLINDRICAL_SURFACE('',#7587,3.948);
#6624=CYLINDRICAL_SURFACE('',#7592,2.526);
#6625=CYLINDRICAL_SURFACE('',#7594,3.3);
#6626=CYLINDRICAL_SURFACE('',#7597,3.948);
#6627=CYLINDRICAL_SURFACE('',#7602,2.526);
#6628=CYLINDRICAL_SURFACE('',#7604,3.3);
#6629=CYLINDRICAL_SURFACE('',#7607,3.948);
#6630=CYLINDRICAL_SURFACE('',#7612,2.526);
#6631=CYLINDRICAL_SURFACE('',#7614,3.3);
#6632=CYLINDRICAL_SURFACE('',#7617,3.948);
#6633=CYLINDRICAL_SURFACE('',#7622,2.526);
#6634=CYLINDRICAL_SURFACE('',#7624,3.3);
#6635=CYLINDRICAL_SURFACE('',#7627,3.948);
#6636=CYLINDRICAL_SURFACE('',#7632,2.526);
#6637=CYLINDRICAL_SURFACE('',#7634,3.3);
#6638=CYLINDRICAL_SURFACE('',#7637,3.948);
#6639=CYLINDRICAL_SURFACE('',#7642,2.526);
#6640=CYLINDRICAL_SURFACE('',#7644,3.3);
#6641=CYLINDRICAL_SURFACE('',#7647,3.948);
#6642=CYLINDRICAL_SURFACE('',#7652,2.526);
#6643=CYLINDRICAL_SURFACE('',#7654,3.3);
#6644=CYLINDRICAL_SURFACE('',#7657,3.948);
#6645=CYLINDRICAL_SURFACE('',#7662,2.526);
#6646=CYLINDRICAL_SURFACE('',#7664,3.3);
#6647=CYLINDRICAL_SURFACE('',#7667,3.948);
#6648=CYLINDRICAL_SURFACE('',#7672,2.526);
#6649=CYLINDRICAL_SURFACE('',#7674,3.3);
#6650=CYLINDRICAL_SURFACE('',#7677,3.948);
#6651=CYLINDRICAL_SURFACE('',#7682,2.526);
#6652=CYLINDRICAL_SURFACE('',#7684,3.3);
#6653=CYLINDRICAL_SURFACE('',#7687,3.948);
#6654=CYLINDRICAL_SURFACE('',#7692,2.526);
#6655=CYLINDRICAL_SURFACE('',#7694,3.3);
#6656=CYLINDRICAL_SURFACE('',#7697,3.948);
#6657=CYLINDRICAL_SURFACE('',#7702,2.526);
#6658=CYLINDRICAL_SURFACE('',#7704,3.3);
#6659=CYLINDRICAL_SURFACE('',#7707,3.948);
#6660=CYLINDRICAL_SURFACE('',#7712,2.526);
#6661=CYLINDRICAL_SURFACE('',#7714,3.3);
#6662=CYLINDRICAL_SURFACE('',#7717,3.948);
#6663=CYLINDRICAL_SURFACE('',#7722,2.526);
#6664=CYLINDRICAL_SURFACE('',#7724,3.3);
#6665=CYLINDRICAL_SURFACE('',#7727,3.948);
#6666=CYLINDRICAL_SURFACE('',#7732,2.526);
#6667=CYLINDRICAL_SURFACE('',#7734,3.3);
#6668=CYLINDRICAL_SURFACE('',#7737,3.948);
#6669=CYLINDRICAL_SURFACE('',#7742,2.526);
#6670=CYLINDRICAL_SURFACE('',#7744,3.3);
#6671=CYLINDRICAL_SURFACE('',#7747,3.948);
#6672=CYLINDRICAL_SURFACE('',#7752,2.526);
#6673=CYLINDRICAL_SURFACE('',#7754,3.3);
#6674=CYLINDRICAL_SURFACE('',#7757,3.948);
#6675=CYLINDRICAL_SURFACE('',#7762,2.526);
#6676=CYLINDRICAL_SURFACE('',#7764,3.3);
#6677=CYLINDRICAL_SURFACE('',#7767,3.948);
#6678=CYLINDRICAL_SURFACE('',#7772,2.526);
#6679=CYLINDRICAL_SURFACE('',#7774,3.3);
#6680=CYLINDRICAL_SURFACE('',#7777,3.948);
#6681=CYLINDRICAL_SURFACE('',#7782,2.526);
#6682=CYLINDRICAL_SURFACE('',#7784,3.3);
#6683=CYLINDRICAL_SURFACE('',#7787,3.948);
#6684=CYLINDRICAL_SURFACE('',#7792,2.526);
#6685=CYLINDRICAL_SURFACE('',#7794,3.3);
#6686=CYLINDRICAL_SURFACE('',#7797,3.948);
#6687=CYLINDRICAL_SURFACE('',#7802,2.526);
#6688=CYLINDRICAL_SURFACE('',#7804,3.3);
#6689=CYLINDRICAL_SURFACE('',#7807,3.948);
#6690=CYLINDRICAL_SURFACE('',#7812,2.526);
#6691=CYLINDRICAL_SURFACE('',#7814,3.3);
#6692=CYLINDRICAL_SURFACE('',#7817,3.948);
#6693=CYLINDRICAL_SURFACE('',#7822,2.526);
#6694=CYLINDRICAL_SURFACE('',#7824,3.3);
#6695=CYLINDRICAL_SURFACE('',#7827,3.948);
#6696=CYLINDRICAL_SURFACE('',#7832,2.526);
#6697=CYLINDRICAL_SURFACE('',#7834,3.3);
#6698=CYLINDRICAL_SURFACE('',#7837,3.948);
#6699=CYLINDRICAL_SURFACE('',#7842,2.526);
#6700=CYLINDRICAL_SURFACE('',#7844,3.3);
#6701=CYLINDRICAL_SURFACE('',#7847,3.948);
#6702=CYLINDRICAL_SURFACE('',#7852,2.526);
#6703=CYLINDRICAL_SURFACE('',#7854,3.3);
#6704=CYLINDRICAL_SURFACE('',#7857,3.948);
#6705=CYLINDRICAL_SURFACE('',#7862,2.526);
#6706=CYLINDRICAL_SURFACE('',#7864,3.3);
#6707=CYLINDRICAL_SURFACE('',#7867,3.948);
#6708=CYLINDRICAL_SURFACE('',#7872,2.526);
#6709=CYLINDRICAL_SURFACE('',#7874,3.3);
#6710=CYLINDRICAL_SURFACE('',#7877,3.948);
#6711=CYLINDRICAL_SURFACE('',#7882,2.526);
#6712=CYLINDRICAL_SURFACE('',#7884,3.3);
#6713=CYLINDRICAL_SURFACE('',#7887,3.948);
#6714=CYLINDRICAL_SURFACE('',#7892,2.526);
#6715=CYLINDRICAL_SURFACE('',#7894,3.3);
#6716=CYLINDRICAL_SURFACE('',#7897,3.948);
#6717=CYLINDRICAL_SURFACE('',#7902,2.526);
#6718=CYLINDRICAL_SURFACE('',#7904,3.3);
#6719=CYLINDRICAL_SURFACE('',#7907,3.948);
#6720=CYLINDRICAL_SURFACE('',#7912,2.526);
#6721=CYLINDRICAL_SURFACE('',#7914,3.3);
#6722=CYLINDRICAL_SURFACE('',#7917,3.948);
#6723=CYLINDRICAL_SURFACE('',#7922,2.526);
#6724=CYLINDRICAL_SURFACE('',#7924,3.3);
#6725=CYLINDRICAL_SURFACE('',#7927,3.948);
#6726=CYLINDRICAL_SURFACE('',#7932,2.526);
#6727=CYLINDRICAL_SURFACE('',#7934,3.3);
#6728=CYLINDRICAL_SURFACE('',#7937,3.948);
#6729=CYLINDRICAL_SURFACE('',#7942,2.526);
#6730=CYLINDRICAL_SURFACE('',#7944,3.3);
#6731=CYLINDRICAL_SURFACE('',#7947,3.948);
#6732=CYLINDRICAL_SURFACE('',#7952,2.526);
#6733=CYLINDRICAL_SURFACE('',#7954,3.3);
#6734=CYLINDRICAL_SURFACE('',#7957,3.948);
#6735=CYLINDRICAL_SURFACE('',#7962,2.526);
#6736=CYLINDRICAL_SURFACE('',#7964,3.3);
#6737=CYLINDRICAL_SURFACE('',#7967,3.948);
#6738=CYLINDRICAL_SURFACE('',#7972,2.526);
#6739=CYLINDRICAL_SURFACE('',#7974,3.3);
#6740=CYLINDRICAL_SURFACE('',#7977,3.948);
#6741=CYLINDRICAL_SURFACE('',#7982,2.526);
#6742=CYLINDRICAL_SURFACE('',#7984,3.3);
#6743=CYLINDRICAL_SURFACE('',#7987,3.948);
#6744=CYLINDRICAL_SURFACE('',#7992,2.526);
#6745=CYLINDRICAL_SURFACE('',#7994,3.3);
#6746=CYLINDRICAL_SURFACE('',#7997,3.948);
#6747=CYLINDRICAL_SURFACE('',#8002,2.526);
#6748=CYLINDRICAL_SURFACE('',#8004,3.3);
#6749=CYLINDRICAL_SURFACE('',#8007,3.948);
#6750=CYLINDRICAL_SURFACE('',#8012,2.526);
#6751=CYLINDRICAL_SURFACE('',#8014,3.3);
#6752=CYLINDRICAL_SURFACE('',#8017,3.948);
#6753=CYLINDRICAL_SURFACE('',#8022,2.526);
#6754=CYLINDRICAL_SURFACE('',#8024,3.3);
#6755=CYLINDRICAL_SURFACE('',#8027,3.948);
#6756=CYLINDRICAL_SURFACE('',#8032,2.526);
#6757=CYLINDRICAL_SURFACE('',#8034,3.3);
#6758=CYLINDRICAL_SURFACE('',#8037,3.948);
#6759=CYLINDRICAL_SURFACE('',#8042,2.526);
#6760=CYLINDRICAL_SURFACE('',#8044,3.3);
#6761=CYLINDRICAL_SURFACE('',#8047,3.948);
#6762=CYLINDRICAL_SURFACE('',#8052,2.526);
#6763=CYLINDRICAL_SURFACE('',#8054,3.3);
#6764=CYLINDRICAL_SURFACE('',#8057,3.948);
#6765=CYLINDRICAL_SURFACE('',#8062,2.526);
#6766=CYLINDRICAL_SURFACE('',#8064,3.3);
#6767=CYLINDRICAL_SURFACE('',#8067,3.948);
#6768=CYLINDRICAL_SURFACE('',#8072,2.526);
#6769=CYLINDRICAL_SURFACE('',#8074,3.3);
#6770=CYLINDRICAL_SURFACE('',#8077,3.948);
#6771=CYLINDRICAL_SURFACE('',#8082,2.526);
#6772=CYLINDRICAL_SURFACE('',#8084,3.3);
#6773=CYLINDRICAL_SURFACE('',#8087,3.948);
#6774=CYLINDRICAL_SURFACE('',#8092,2.526);
#6775=CYLINDRICAL_SURFACE('',#8094,3.3);
#6776=CYLINDRICAL_SURFACE('',#8097,3.948);
#6777=CYLINDRICAL_SURFACE('',#8102,2.526);
#6778=CYLINDRICAL_SURFACE('',#8104,3.3);
#6779=CYLINDRICAL_SURFACE('',#8107,3.948);
#6780=CYLINDRICAL_SURFACE('',#8112,2.526);
#6781=CYLINDRICAL_SURFACE('',#8114,3.3);
#6782=CYLINDRICAL_SURFACE('',#8117,3.948);
#6783=CYLINDRICAL_SURFACE('',#8122,2.526);
#6784=CYLINDRICAL_SURFACE('',#8124,3.3);
#6785=CYLINDRICAL_SURFACE('',#8127,3.948);
#6786=CYLINDRICAL_SURFACE('',#8132,2.526);
#6787=CYLINDRICAL_SURFACE('',#8134,3.3);
#6788=CYLINDRICAL_SURFACE('',#8137,3.948);
#6789=CYLINDRICAL_SURFACE('',#8142,2.526);
#6790=CYLINDRICAL_SURFACE('',#8144,3.3);
#6791=CYLINDRICAL_SURFACE('',#8147,3.948);
#6792=CYLINDRICAL_SURFACE('',#8152,2.526);
#6793=CYLINDRICAL_SURFACE('',#8154,3.3);
#6794=CYLINDRICAL_SURFACE('',#8157,3.948);
#6795=CYLINDRICAL_SURFACE('',#8162,2.526);
#6796=CYLINDRICAL_SURFACE('',#8164,3.3);
#6797=CYLINDRICAL_SURFACE('',#8167,3.948);
#6798=CYLINDRICAL_SURFACE('',#8172,2.526);
#6799=CYLINDRICAL_SURFACE('',#8174,3.3);
#6800=CYLINDRICAL_SURFACE('',#8177,3.948);
#6801=CYLINDRICAL_SURFACE('',#8182,2.526);
#6802=CYLINDRICAL_SURFACE('',#8184,3.3);
#6803=CYLINDRICAL_SURFACE('',#8187,3.948);
#6804=CYLINDRICAL_SURFACE('',#8192,2.526);
#6805=CYLINDRICAL_SURFACE('',#8194,3.3);
#6806=CYLINDRICAL_SURFACE('',#8197,3.948);
#6807=CYLINDRICAL_SURFACE('',#8202,2.526);
#6808=CYLINDRICAL_SURFACE('',#8204,3.3);
#6809=CYLINDRICAL_SURFACE('',#8207,3.948);
#6810=CYLINDRICAL_SURFACE('',#8212,2.526);
#6811=CYLINDRICAL_SURFACE('',#8214,3.3);
#6812=CYLINDRICAL_SURFACE('',#8217,3.948);
#6813=CYLINDRICAL_SURFACE('',#8222,2.526);
#6814=CYLINDRICAL_SURFACE('',#8224,3.3);
#6815=CYLINDRICAL_SURFACE('',#8227,3.948);
#6816=CYLINDRICAL_SURFACE('',#8232,2.526);
#6817=CYLINDRICAL_SURFACE('',#8234,3.3);
#6818=CYLINDRICAL_SURFACE('',#8237,3.948);
#6819=CYLINDRICAL_SURFACE('',#8242,2.526);
#6820=CYLINDRICAL_SURFACE('',#8244,3.3);
#6821=CYLINDRICAL_SURFACE('',#8247,3.948);
#6822=CYLINDRICAL_SURFACE('',#8252,2.526);
#6823=CYLINDRICAL_SURFACE('',#8254,3.3);
#6824=CYLINDRICAL_SURFACE('',#8257,3.948);
#6825=CYLINDRICAL_SURFACE('',#8262,2.526);
#6826=CYLINDRICAL_SURFACE('',#8264,3.3);
#6827=CYLINDRICAL_SURFACE('',#8267,3.948);
#6828=CYLINDRICAL_SURFACE('',#8272,2.526);
#6829=CYLINDRICAL_SURFACE('',#8274,3.3);
#6830=CYLINDRICAL_SURFACE('',#8277,3.948);
#6831=CYLINDRICAL_SURFACE('',#8282,2.526);
#6832=CYLINDRICAL_SURFACE('',#8284,3.3);
#6833=CYLINDRICAL_SURFACE('',#8287,3.948);
#6834=CYLINDRICAL_SURFACE('',#8292,2.526);
#6835=CYLINDRICAL_SURFACE('',#8294,3.3);
#6836=CYLINDRICAL_SURFACE('',#8297,3.948);
#6837=CYLINDRICAL_SURFACE('',#8302,2.526);
#6838=CYLINDRICAL_SURFACE('',#8304,3.3);
#6839=CYLINDRICAL_SURFACE('',#8307,3.948);
#6840=CYLINDRICAL_SURFACE('',#8312,2.526);
#6841=CYLINDRICAL_SURFACE('',#8314,3.3);
#6842=CYLINDRICAL_SURFACE('',#8317,3.948);
#6843=CYLINDRICAL_SURFACE('',#8322,2.526);
#6844=CYLINDRICAL_SURFACE('',#8324,3.3);
#6845=CYLINDRICAL_SURFACE('',#8327,3.948);
#6846=CYLINDRICAL_SURFACE('',#8332,2.526);
#6847=CYLINDRICAL_SURFACE('',#8334,3.3);
#6848=CYLINDRICAL_SURFACE('',#8337,3.948);
#6849=CYLINDRICAL_SURFACE('',#8342,2.526);
#6850=CYLINDRICAL_SURFACE('',#8344,3.3);
#6851=CYLINDRICAL_SURFACE('',#8347,3.948);
#6852=CYLINDRICAL_SURFACE('',#8352,2.526);
#6853=CYLINDRICAL_SURFACE('',#8354,3.3);
#6854=CYLINDRICAL_SURFACE('',#8357,3.948);
#6855=CYLINDRICAL_SURFACE('',#8362,2.526);
#6856=CYLINDRICAL_SURFACE('',#8364,3.3);
#6857=CYLINDRICAL_SURFACE('',#8367,3.948);
#6858=CYLINDRICAL_SURFACE('',#8372,2.526);
#6859=CYLINDRICAL_SURFACE('',#8374,3.3);
#6860=CYLINDRICAL_SURFACE('',#8377,3.948);
#6861=CYLINDRICAL_SURFACE('',#8382,2.526);
#6862=CYLINDRICAL_SURFACE('',#8384,3.3);
#6863=CYLINDRICAL_SURFACE('',#8387,3.948);
#6864=CYLINDRICAL_SURFACE('',#8392,2.526);
#6865=CYLINDRICAL_SURFACE('',#8394,3.3);
#6866=CYLINDRICAL_SURFACE('',#8397,3.948);
#6867=CYLINDRICAL_SURFACE('',#8402,2.526);
#6868=CYLINDRICAL_SURFACE('',#8404,3.3);
#6869=CYLINDRICAL_SURFACE('',#8407,3.948);
#6870=CYLINDRICAL_SURFACE('',#8412,2.526);
#6871=CYLINDRICAL_SURFACE('',#8414,3.3);
#6872=CYLINDRICAL_SURFACE('',#8417,3.948);
#6873=CYLINDRICAL_SURFACE('',#8422,2.526);
#6874=CYLINDRICAL_SURFACE('',#8424,3.3);
#6875=CYLINDRICAL_SURFACE('',#8427,3.948);
#6876=CYLINDRICAL_SURFACE('',#8432,2.526);
#6877=CYLINDRICAL_SURFACE('',#8434,3.3);
#6878=CYLINDRICAL_SURFACE('',#8437,3.948);
#6879=CYLINDRICAL_SURFACE('',#8442,2.526);
#6880=CYLINDRICAL_SURFACE('',#8444,3.3);
#6881=CYLINDRICAL_SURFACE('',#8447,3.948);
#6882=CYLINDRICAL_SURFACE('',#8452,2.526);
#6883=CYLINDRICAL_SURFACE('',#8454,3.3);
#6884=CYLINDRICAL_SURFACE('',#8457,3.948);
#6885=CYLINDRICAL_SURFACE('',#8462,2.526);
#6886=CYLINDRICAL_SURFACE('',#8464,3.3);
#6887=CYLINDRICAL_SURFACE('',#8467,3.948);
#6888=CYLINDRICAL_SURFACE('',#8472,2.526);
#6889=CYLINDRICAL_SURFACE('',#8474,3.3);
#6890=CYLINDRICAL_SURFACE('',#8477,1.585);
#6891=CYLINDRICAL_SURFACE('',#8480,3.5);
#6892=CYLINDRICAL_SURFACE('',#8483,1.585);
#6893=CYLINDRICAL_SURFACE('',#8486,3.5);
#6894=CYLINDRICAL_SURFACE('',#8489,1.585);
#6895=CYLINDRICAL_SURFACE('',#8492,3.5);
#6896=CYLINDRICAL_SURFACE('',#8495,1.585);
#6897=CYLINDRICAL_SURFACE('',#8498,3.5);
#6898=ADVANCED_FACE('',(#623),#6602,.F.);
#6899=ADVANCED_FACE('',(#624,#19),#416,.T.);
#6900=ADVANCED_FACE('',(#625),#6603,.F.);
#6901=ADVANCED_FACE('',(#626),#6604,.T.);
#6902=ADVANCED_FACE('',(#627,#20),#417,.T.);
#6903=ADVANCED_FACE('',(#628,#21,#22,#23,#24,#25,#26,#27,#28,#29,#30,#31,
#32,#33,#34,#35,#36,#37,#38,#39,#40,#41,#42,#43,#44,#45,#46,#47,#48,#49,
#50,#51,#52,#53,#54,#55,#56,#57,#58,#59,#60,#61,#62,#63,#64,#65,#66,#67,
#68,#69,#70,#71,#72,#73,#74,#75,#76,#77,#78,#79,#80,#81,#82,#83,#84,#85,
#86,#87,#88,#89,#90,#91,#92,#93,#94,#95,#96,#97,#98,#99,#100,#101,#102,
#103,#104,#105,#106,#107,#108,#109,#110,#111,#112,#113,#114,#115,#116,#117,
#118,#119,#120),#418,.F.);
#6904=ADVANCED_FACE('',(#629),#6605,.F.);
#6905=ADVANCED_FACE('',(#630,#121),#419,.T.);
#6906=ADVANCED_FACE('',(#631),#6606,.F.);
#6907=ADVANCED_FACE('',(#632),#6607,.T.);
#6908=ADVANCED_FACE('',(#633,#122),#420,.T.);
#6909=ADVANCED_FACE('',(#634),#6608,.F.);
#6910=ADVANCED_FACE('',(#635,#123),#421,.T.);
#6911=ADVANCED_FACE('',(#636),#6609,.F.);
#6912=ADVANCED_FACE('',(#637),#6610,.T.);
#6913=ADVANCED_FACE('',(#638,#124),#422,.T.);
#6914=ADVANCED_FACE('',(#639),#6611,.F.);
#6915=ADVANCED_FACE('',(#640,#125),#423,.T.);
#6916=ADVANCED_FACE('',(#641),#6612,.F.);
#6917=ADVANCED_FACE('',(#642),#6613,.T.);
#6918=ADVANCED_FACE('',(#643,#126),#424,.T.);
#6919=ADVANCED_FACE('',(#644),#6614,.F.);
#6920=ADVANCED_FACE('',(#645,#127),#425,.T.);
#6921=ADVANCED_FACE('',(#646),#6615,.F.);
#6922=ADVANCED_FACE('',(#647),#6616,.T.);
#6923=ADVANCED_FACE('',(#648,#128),#426,.T.);
#6924=ADVANCED_FACE('',(#649),#6617,.F.);
#6925=ADVANCED_FACE('',(#650,#129),#427,.T.);
#6926=ADVANCED_FACE('',(#651),#6618,.F.);
#6927=ADVANCED_FACE('',(#652),#6619,.T.);
#6928=ADVANCED_FACE('',(#653,#130),#428,.T.);
#6929=ADVANCED_FACE('',(#654),#6620,.F.);
#6930=ADVANCED_FACE('',(#655,#131),#429,.T.);
#6931=ADVANCED_FACE('',(#656),#6621,.F.);
#6932=ADVANCED_FACE('',(#657),#6622,.T.);
#6933=ADVANCED_FACE('',(#658,#132),#430,.T.);
#6934=ADVANCED_FACE('',(#659),#6623,.F.);
#6935=ADVANCED_FACE('',(#660,#133),#431,.T.);
#6936=ADVANCED_FACE('',(#661),#6624,.F.);
#6937=ADVANCED_FACE('',(#662),#6625,.T.);
#6938=ADVANCED_FACE('',(#663,#134),#432,.T.);
#6939=ADVANCED_FACE('',(#664),#6626,.F.);
#6940=ADVANCED_FACE('',(#665,#135),#433,.T.);
#6941=ADVANCED_FACE('',(#666),#6627,.F.);
#6942=ADVANCED_FACE('',(#667),#6628,.T.);
#6943=ADVANCED_FACE('',(#668,#136),#434,.T.);
#6944=ADVANCED_FACE('',(#669),#6629,.F.);
#6945=ADVANCED_FACE('',(#670,#137),#435,.T.);
#6946=ADVANCED_FACE('',(#671),#6630,.F.);
#6947=ADVANCED_FACE('',(#672),#6631,.T.);
#6948=ADVANCED_FACE('',(#673,#138),#436,.T.);
#6949=ADVANCED_FACE('',(#674),#6632,.F.);
#6950=ADVANCED_FACE('',(#675,#139),#437,.T.);
#6951=ADVANCED_FACE('',(#676),#6633,.F.);
#6952=ADVANCED_FACE('',(#677),#6634,.T.);
#6953=ADVANCED_FACE('',(#678,#140),#438,.T.);
#6954=ADVANCED_FACE('',(#679),#6635,.F.);
#6955=ADVANCED_FACE('',(#680,#141),#439,.T.);
#6956=ADVANCED_FACE('',(#681),#6636,.F.);
#6957=ADVANCED_FACE('',(#682),#6637,.T.);
#6958=ADVANCED_FACE('',(#683,#142),#440,.T.);
#6959=ADVANCED_FACE('',(#684),#6638,.F.);
#6960=ADVANCED_FACE('',(#685,#143),#441,.T.);
#6961=ADVANCED_FACE('',(#686),#6639,.F.);
#6962=ADVANCED_FACE('',(#687),#6640,.T.);
#6963=ADVANCED_FACE('',(#688,#144),#442,.T.);
#6964=ADVANCED_FACE('',(#689),#6641,.F.);
#6965=ADVANCED_FACE('',(#690,#145),#443,.T.);
#6966=ADVANCED_FACE('',(#691),#6642,.F.);
#6967=ADVANCED_FACE('',(#692),#6643,.T.);
#6968=ADVANCED_FACE('',(#693,#146),#444,.T.);
#6969=ADVANCED_FACE('',(#694),#6644,.F.);
#6970=ADVANCED_FACE('',(#695,#147),#445,.T.);
#6971=ADVANCED_FACE('',(#696),#6645,.F.);
#6972=ADVANCED_FACE('',(#697),#6646,.T.);
#6973=ADVANCED_FACE('',(#698,#148),#446,.T.);
#6974=ADVANCED_FACE('',(#699),#6647,.F.);
#6975=ADVANCED_FACE('',(#700,#149),#447,.T.);
#6976=ADVANCED_FACE('',(#701),#6648,.F.);
#6977=ADVANCED_FACE('',(#702),#6649,.T.);
#6978=ADVANCED_FACE('',(#703,#150),#448,.T.);
#6979=ADVANCED_FACE('',(#704),#6650,.F.);
#6980=ADVANCED_FACE('',(#705,#151),#449,.T.);
#6981=ADVANCED_FACE('',(#706),#6651,.F.);
#6982=ADVANCED_FACE('',(#707),#6652,.T.);
#6983=ADVANCED_FACE('',(#708,#152),#450,.T.);
#6984=ADVANCED_FACE('',(#709),#6653,.F.);
#6985=ADVANCED_FACE('',(#710,#153),#451,.T.);
#6986=ADVANCED_FACE('',(#711),#6654,.F.);
#6987=ADVANCED_FACE('',(#712),#6655,.T.);
#6988=ADVANCED_FACE('',(#713,#154),#452,.T.);
#6989=ADVANCED_FACE('',(#714),#6656,.F.);
#6990=ADVANCED_FACE('',(#715,#155),#453,.T.);
#6991=ADVANCED_FACE('',(#716),#6657,.F.);
#6992=ADVANCED_FACE('',(#717),#6658,.T.);
#6993=ADVANCED_FACE('',(#718,#156),#454,.T.);
#6994=ADVANCED_FACE('',(#719),#6659,.F.);
#6995=ADVANCED_FACE('',(#720,#157),#455,.T.);
#6996=ADVANCED_FACE('',(#721),#6660,.F.);
#6997=ADVANCED_FACE('',(#722),#6661,.T.);
#6998=ADVANCED_FACE('',(#723,#158),#456,.T.);
#6999=ADVANCED_FACE('',(#724),#6662,.F.);
#7000=ADVANCED_FACE('',(#725,#159),#457,.T.);
#7001=ADVANCED_FACE('',(#726),#6663,.F.);
#7002=ADVANCED_FACE('',(#727),#6664,.T.);
#7003=ADVANCED_FACE('',(#728,#160),#458,.T.);
#7004=ADVANCED_FACE('',(#729),#6665,.F.);
#7005=ADVANCED_FACE('',(#730,#161),#459,.T.);
#7006=ADVANCED_FACE('',(#731),#6666,.F.);
#7007=ADVANCED_FACE('',(#732),#6667,.T.);
#7008=ADVANCED_FACE('',(#733,#162),#460,.T.);
#7009=ADVANCED_FACE('',(#734),#6668,.F.);
#7010=ADVANCED_FACE('',(#735,#163),#461,.T.);
#7011=ADVANCED_FACE('',(#736),#6669,.F.);
#7012=ADVANCED_FACE('',(#737),#6670,.T.);
#7013=ADVANCED_FACE('',(#738,#164),#462,.T.);
#7014=ADVANCED_FACE('',(#739),#6671,.F.);
#7015=ADVANCED_FACE('',(#740,#165),#463,.T.);
#7016=ADVANCED_FACE('',(#741),#6672,.F.);
#7017=ADVANCED_FACE('',(#742),#6673,.T.);
#7018=ADVANCED_FACE('',(#743,#166),#464,.T.);
#7019=ADVANCED_FACE('',(#744),#6674,.F.);
#7020=ADVANCED_FACE('',(#745,#167),#465,.T.);
#7021=ADVANCED_FACE('',(#746),#6675,.F.);
#7022=ADVANCED_FACE('',(#747),#6676,.T.);
#7023=ADVANCED_FACE('',(#748,#168),#466,.T.);
#7024=ADVANCED_FACE('',(#749),#6677,.F.);
#7025=ADVANCED_FACE('',(#750,#169),#467,.T.);
#7026=ADVANCED_FACE('',(#751),#6678,.F.);
#7027=ADVANCED_FACE('',(#752),#6679,.T.);
#7028=ADVANCED_FACE('',(#753,#170),#468,.T.);
#7029=ADVANCED_FACE('',(#754),#6680,.F.);
#7030=ADVANCED_FACE('',(#755,#171),#469,.T.);
#7031=ADVANCED_FACE('',(#756),#6681,.F.);
#7032=ADVANCED_FACE('',(#757),#6682,.T.);
#7033=ADVANCED_FACE('',(#758,#172),#470,.T.);
#7034=ADVANCED_FACE('',(#759),#6683,.F.);
#7035=ADVANCED_FACE('',(#760,#173),#471,.T.);
#7036=ADVANCED_FACE('',(#761),#6684,.F.);
#7037=ADVANCED_FACE('',(#762),#6685,.T.);
#7038=ADVANCED_FACE('',(#763,#174),#472,.T.);
#7039=ADVANCED_FACE('',(#764),#6686,.F.);
#7040=ADVANCED_FACE('',(#765,#175),#473,.T.);
#7041=ADVANCED_FACE('',(#766),#6687,.F.);
#7042=ADVANCED_FACE('',(#767),#6688,.T.);
#7043=ADVANCED_FACE('',(#768,#176),#474,.T.);
#7044=ADVANCED_FACE('',(#769),#6689,.F.);
#7045=ADVANCED_FACE('',(#770,#177),#475,.T.);
#7046=ADVANCED_FACE('',(#771),#6690,.F.);
#7047=ADVANCED_FACE('',(#772),#6691,.T.);
#7048=ADVANCED_FACE('',(#773,#178),#476,.T.);
#7049=ADVANCED_FACE('',(#774),#6692,.F.);
#7050=ADVANCED_FACE('',(#775,#179),#477,.T.);
#7051=ADVANCED_FACE('',(#776),#6693,.F.);
#7052=ADVANCED_FACE('',(#777),#6694,.T.);
#7053=ADVANCED_FACE('',(#778,#180),#478,.T.);
#7054=ADVANCED_FACE('',(#779),#6695,.F.);
#7055=ADVANCED_FACE('',(#780,#181),#479,.T.);
#7056=ADVANCED_FACE('',(#781),#6696,.F.);
#7057=ADVANCED_FACE('',(#782),#6697,.T.);
#7058=ADVANCED_FACE('',(#783,#182),#480,.T.);
#7059=ADVANCED_FACE('',(#784),#6698,.F.);
#7060=ADVANCED_FACE('',(#785,#183),#481,.T.);
#7061=ADVANCED_FACE('',(#786),#6699,.F.);
#7062=ADVANCED_FACE('',(#787),#6700,.T.);
#7063=ADVANCED_FACE('',(#788,#184),#482,.T.);
#7064=ADVANCED_FACE('',(#789),#6701,.F.);
#7065=ADVANCED_FACE('',(#790,#185),#483,.T.);
#7066=ADVANCED_FACE('',(#791),#6702,.F.);
#7067=ADVANCED_FACE('',(#792),#6703,.T.);
#7068=ADVANCED_FACE('',(#793,#186),#484,.T.);
#7069=ADVANCED_FACE('',(#794),#6704,.F.);
#7070=ADVANCED_FACE('',(#795,#187),#485,.T.);
#7071=ADVANCED_FACE('',(#796),#6705,.F.);
#7072=ADVANCED_FACE('',(#797),#6706,.T.);
#7073=ADVANCED_FACE('',(#798,#188),#486,.T.);
#7074=ADVANCED_FACE('',(#799),#6707,.F.);
#7075=ADVANCED_FACE('',(#800,#189),#487,.T.);
#7076=ADVANCED_FACE('',(#801),#6708,.F.);
#7077=ADVANCED_FACE('',(#802),#6709,.T.);
#7078=ADVANCED_FACE('',(#803,#190),#488,.T.);
#7079=ADVANCED_FACE('',(#804),#6710,.F.);
#7080=ADVANCED_FACE('',(#805,#191),#489,.T.);
#7081=ADVANCED_FACE('',(#806),#6711,.F.);
#7082=ADVANCED_FACE('',(#807),#6712,.T.);
#7083=ADVANCED_FACE('',(#808,#192),#490,.T.);
#7084=ADVANCED_FACE('',(#809),#6713,.F.);
#7085=ADVANCED_FACE('',(#810,#193),#491,.T.);
#7086=ADVANCED_FACE('',(#811),#6714,.F.);
#7087=ADVANCED_FACE('',(#812),#6715,.T.);
#7088=ADVANCED_FACE('',(#813,#194),#492,.T.);
#7089=ADVANCED_FACE('',(#814),#6716,.F.);
#7090=ADVANCED_FACE('',(#815,#195),#493,.T.);
#7091=ADVANCED_FACE('',(#816),#6717,.F.);
#7092=ADVANCED_FACE('',(#817),#6718,.T.);
#7093=ADVANCED_FACE('',(#818,#196),#494,.T.);
#7094=ADVANCED_FACE('',(#819),#6719,.F.);
#7095=ADVANCED_FACE('',(#820,#197),#495,.T.);
#7096=ADVANCED_FACE('',(#821),#6720,.F.);
#7097=ADVANCED_FACE('',(#822),#6721,.T.);
#7098=ADVANCED_FACE('',(#823,#198),#496,.T.);
#7099=ADVANCED_FACE('',(#824),#6722,.F.);
#7100=ADVANCED_FACE('',(#825,#199),#497,.T.);
#7101=ADVANCED_FACE('',(#826),#6723,.F.);
#7102=ADVANCED_FACE('',(#827),#6724,.T.);
#7103=ADVANCED_FACE('',(#828,#200),#498,.T.);
#7104=ADVANCED_FACE('',(#829),#6725,.F.);
#7105=ADVANCED_FACE('',(#830,#201),#499,.T.);
#7106=ADVANCED_FACE('',(#831),#6726,.F.);
#7107=ADVANCED_FACE('',(#832),#6727,.T.);
#7108=ADVANCED_FACE('',(#833,#202),#500,.T.);
#7109=ADVANCED_FACE('',(#834),#6728,.F.);
#7110=ADVANCED_FACE('',(#835,#203),#501,.T.);
#7111=ADVANCED_FACE('',(#836),#6729,.F.);
#7112=ADVANCED_FACE('',(#837),#6730,.T.);
#7113=ADVANCED_FACE('',(#838,#204),#502,.T.);
#7114=ADVANCED_FACE('',(#839),#6731,.F.);
#7115=ADVANCED_FACE('',(#840,#205),#503,.T.);
#7116=ADVANCED_FACE('',(#841),#6732,.F.);
#7117=ADVANCED_FACE('',(#842),#6733,.T.);
#7118=ADVANCED_FACE('',(#843,#206),#504,.T.);
#7119=ADVANCED_FACE('',(#844),#6734,.F.);
#7120=ADVANCED_FACE('',(#845,#207),#505,.T.);
#7121=ADVANCED_FACE('',(#846),#6735,.F.);
#7122=ADVANCED_FACE('',(#847),#6736,.T.);
#7123=ADVANCED_FACE('',(#848,#208),#506,.T.);
#7124=ADVANCED_FACE('',(#849),#6737,.F.);
#7125=ADVANCED_FACE('',(#850,#209),#507,.T.);
#7126=ADVANCED_FACE('',(#851),#6738,.F.);
#7127=ADVANCED_FACE('',(#852),#6739,.T.);
#7128=ADVANCED_FACE('',(#853,#210),#508,.T.);
#7129=ADVANCED_FACE('',(#854),#6740,.F.);
#7130=ADVANCED_FACE('',(#855,#211),#509,.T.);
#7131=ADVANCED_FACE('',(#856),#6741,.F.);
#7132=ADVANCED_FACE('',(#857),#6742,.T.);
#7133=ADVANCED_FACE('',(#858,#212),#510,.T.);
#7134=ADVANCED_FACE('',(#859),#6743,.F.);
#7135=ADVANCED_FACE('',(#860,#213),#511,.T.);
#7136=ADVANCED_FACE('',(#861),#6744,.F.);
#7137=ADVANCED_FACE('',(#862),#6745,.T.);
#7138=ADVANCED_FACE('',(#863,#214),#512,.T.);
#7139=ADVANCED_FACE('',(#864),#6746,.F.);
#7140=ADVANCED_FACE('',(#865,#215),#513,.T.);
#7141=ADVANCED_FACE('',(#866),#6747,.F.);
#7142=ADVANCED_FACE('',(#867),#6748,.T.);
#7143=ADVANCED_FACE('',(#868,#216),#514,.T.);
#7144=ADVANCED_FACE('',(#869),#6749,.F.);
#7145=ADVANCED_FACE('',(#870,#217),#515,.T.);
#7146=ADVANCED_FACE('',(#871),#6750,.F.);
#7147=ADVANCED_FACE('',(#872),#6751,.T.);
#7148=ADVANCED_FACE('',(#873,#218),#516,.T.);
#7149=ADVANCED_FACE('',(#874),#6752,.F.);
#7150=ADVANCED_FACE('',(#875,#219),#517,.T.);
#7151=ADVANCED_FACE('',(#876),#6753,.F.);
#7152=ADVANCED_FACE('',(#877),#6754,.T.);
#7153=ADVANCED_FACE('',(#878,#220),#518,.T.);
#7154=ADVANCED_FACE('',(#879),#6755,.F.);
#7155=ADVANCED_FACE('',(#880,#221),#519,.T.);
#7156=ADVANCED_FACE('',(#881),#6756,.F.);
#7157=ADVANCED_FACE('',(#882),#6757,.T.);
#7158=ADVANCED_FACE('',(#883,#222),#520,.T.);
#7159=ADVANCED_FACE('',(#884),#6758,.F.);
#7160=ADVANCED_FACE('',(#885,#223),#521,.T.);
#7161=ADVANCED_FACE('',(#886),#6759,.F.);
#7162=ADVANCED_FACE('',(#887),#6760,.T.);
#7163=ADVANCED_FACE('',(#888,#224),#522,.T.);
#7164=ADVANCED_FACE('',(#889),#6761,.F.);
#7165=ADVANCED_FACE('',(#890,#225),#523,.T.);
#7166=ADVANCED_FACE('',(#891),#6762,.F.);
#7167=ADVANCED_FACE('',(#892),#6763,.T.);
#7168=ADVANCED_FACE('',(#893,#226),#524,.T.);
#7169=ADVANCED_FACE('',(#894),#6764,.F.);
#7170=ADVANCED_FACE('',(#895,#227),#525,.T.);
#7171=ADVANCED_FACE('',(#896),#6765,.F.);
#7172=ADVANCED_FACE('',(#897),#6766,.T.);
#7173=ADVANCED_FACE('',(#898,#228),#526,.T.);
#7174=ADVANCED_FACE('',(#899),#6767,.F.);
#7175=ADVANCED_FACE('',(#900,#229),#527,.T.);
#7176=ADVANCED_FACE('',(#901),#6768,.F.);
#7177=ADVANCED_FACE('',(#902),#6769,.T.);
#7178=ADVANCED_FACE('',(#903,#230),#528,.T.);
#7179=ADVANCED_FACE('',(#904),#6770,.F.);
#7180=ADVANCED_FACE('',(#905,#231),#529,.T.);
#7181=ADVANCED_FACE('',(#906),#6771,.F.);
#7182=ADVANCED_FACE('',(#907),#6772,.T.);
#7183=ADVANCED_FACE('',(#908,#232),#530,.T.);
#7184=ADVANCED_FACE('',(#909),#6773,.F.);
#7185=ADVANCED_FACE('',(#910,#233),#531,.T.);
#7186=ADVANCED_FACE('',(#911),#6774,.F.);
#7187=ADVANCED_FACE('',(#912),#6775,.T.);
#7188=ADVANCED_FACE('',(#913,#234),#532,.T.);
#7189=ADVANCED_FACE('',(#914),#6776,.F.);
#7190=ADVANCED_FACE('',(#915,#235),#533,.T.);
#7191=ADVANCED_FACE('',(#916),#6777,.F.);
#7192=ADVANCED_FACE('',(#917),#6778,.T.);
#7193=ADVANCED_FACE('',(#918,#236),#534,.T.);
#7194=ADVANCED_FACE('',(#919),#6779,.F.);
#7195=ADVANCED_FACE('',(#920,#237),#535,.T.);
#7196=ADVANCED_FACE('',(#921),#6780,.F.);
#7197=ADVANCED_FACE('',(#922),#6781,.T.);
#7198=ADVANCED_FACE('',(#923,#238),#536,.T.);
#7199=ADVANCED_FACE('',(#924),#6782,.F.);
#7200=ADVANCED_FACE('',(#925,#239),#537,.T.);
#7201=ADVANCED_FACE('',(#926),#6783,.F.);
#7202=ADVANCED_FACE('',(#927),#6784,.T.);
#7203=ADVANCED_FACE('',(#928,#240),#538,.T.);
#7204=ADVANCED_FACE('',(#929),#6785,.F.);
#7205=ADVANCED_FACE('',(#930,#241),#539,.T.);
#7206=ADVANCED_FACE('',(#931),#6786,.F.);
#7207=ADVANCED_FACE('',(#932),#6787,.T.);
#7208=ADVANCED_FACE('',(#933,#242),#540,.T.);
#7209=ADVANCED_FACE('',(#934),#6788,.F.);
#7210=ADVANCED_FACE('',(#935,#243),#541,.T.);
#7211=ADVANCED_FACE('',(#936),#6789,.F.);
#7212=ADVANCED_FACE('',(#937),#6790,.T.);
#7213=ADVANCED_FACE('',(#938,#244),#542,.T.);
#7214=ADVANCED_FACE('',(#939),#6791,.F.);
#7215=ADVANCED_FACE('',(#940,#245),#543,.T.);
#7216=ADVANCED_FACE('',(#941),#6792,.F.);
#7217=ADVANCED_FACE('',(#942),#6793,.T.);
#7218=ADVANCED_FACE('',(#943,#246),#544,.T.);
#7219=ADVANCED_FACE('',(#944),#6794,.F.);
#7220=ADVANCED_FACE('',(#945,#247),#545,.T.);
#7221=ADVANCED_FACE('',(#946),#6795,.F.);
#7222=ADVANCED_FACE('',(#947),#6796,.T.);
#7223=ADVANCED_FACE('',(#948,#248),#546,.T.);
#7224=ADVANCED_FACE('',(#949),#6797,.F.);
#7225=ADVANCED_FACE('',(#950,#249),#547,.T.);
#7226=ADVANCED_FACE('',(#951),#6798,.F.);
#7227=ADVANCED_FACE('',(#952),#6799,.T.);
#7228=ADVANCED_FACE('',(#953,#250),#548,.T.);
#7229=ADVANCED_FACE('',(#954),#6800,.F.);
#7230=ADVANCED_FACE('',(#955,#251),#549,.T.);
#7231=ADVANCED_FACE('',(#956),#6801,.F.);
#7232=ADVANCED_FACE('',(#957),#6802,.T.);
#7233=ADVANCED_FACE('',(#958,#252),#550,.T.);
#7234=ADVANCED_FACE('',(#959),#6803,.F.);
#7235=ADVANCED_FACE('',(#960,#253),#551,.T.);
#7236=ADVANCED_FACE('',(#961),#6804,.F.);
#7237=ADVANCED_FACE('',(#962),#6805,.T.);
#7238=ADVANCED_FACE('',(#963,#254),#552,.T.);
#7239=ADVANCED_FACE('',(#964),#6806,.F.);
#7240=ADVANCED_FACE('',(#965,#255),#553,.T.);
#7241=ADVANCED_FACE('',(#966),#6807,.F.);
#7242=ADVANCED_FACE('',(#967),#6808,.T.);
#7243=ADVANCED_FACE('',(#968,#256),#554,.T.);
#7244=ADVANCED_FACE('',(#969),#6809,.F.);
#7245=ADVANCED_FACE('',(#970,#257),#555,.T.);
#7246=ADVANCED_FACE('',(#971),#6810,.F.);
#7247=ADVANCED_FACE('',(#972),#6811,.T.);
#7248=ADVANCED_FACE('',(#973,#258),#556,.T.);
#7249=ADVANCED_FACE('',(#974),#6812,.F.);
#7250=ADVANCED_FACE('',(#975,#259),#557,.T.);
#7251=ADVANCED_FACE('',(#976),#6813,.F.);
#7252=ADVANCED_FACE('',(#977),#6814,.T.);
#7253=ADVANCED_FACE('',(#978,#260),#558,.T.);
#7254=ADVANCED_FACE('',(#979),#6815,.F.);
#7255=ADVANCED_FACE('',(#980,#261),#559,.T.);
#7256=ADVANCED_FACE('',(#981),#6816,.F.);
#7257=ADVANCED_FACE('',(#982),#6817,.T.);
#7258=ADVANCED_FACE('',(#983,#262),#560,.T.);
#7259=ADVANCED_FACE('',(#984),#6818,.F.);
#7260=ADVANCED_FACE('',(#985,#263),#561,.T.);
#7261=ADVANCED_FACE('',(#986),#6819,.F.);
#7262=ADVANCED_FACE('',(#987),#6820,.T.);
#7263=ADVANCED_FACE('',(#988,#264),#562,.T.);
#7264=ADVANCED_FACE('',(#989),#6821,.F.);
#7265=ADVANCED_FACE('',(#990,#265),#563,.T.);
#7266=ADVANCED_FACE('',(#991),#6822,.F.);
#7267=ADVANCED_FACE('',(#992),#6823,.T.);
#7268=ADVANCED_FACE('',(#993,#266),#564,.T.);
#7269=ADVANCED_FACE('',(#994),#6824,.F.);
#7270=ADVANCED_FACE('',(#995,#267),#565,.T.);
#7271=ADVANCED_FACE('',(#996),#6825,.F.);
#7272=ADVANCED_FACE('',(#997),#6826,.T.);
#7273=ADVANCED_FACE('',(#998,#268),#566,.T.);
#7274=ADVANCED_FACE('',(#999),#6827,.F.);
#7275=ADVANCED_FACE('',(#1000,#269),#567,.T.);
#7276=ADVANCED_FACE('',(#1001),#6828,.F.);
#7277=ADVANCED_FACE('',(#1002),#6829,.T.);
#7278=ADVANCED_FACE('',(#1003,#270),#568,.T.);
#7279=ADVANCED_FACE('',(#1004),#6830,.F.);
#7280=ADVANCED_FACE('',(#1005,#271),#569,.T.);
#7281=ADVANCED_FACE('',(#1006),#6831,.F.);
#7282=ADVANCED_FACE('',(#1007),#6832,.T.);
#7283=ADVANCED_FACE('',(#1008,#272),#570,.T.);
#7284=ADVANCED_FACE('',(#1009),#6833,.F.);
#7285=ADVANCED_FACE('',(#1010,#273),#571,.T.);
#7286=ADVANCED_FACE('',(#1011),#6834,.F.);
#7287=ADVANCED_FACE('',(#1012),#6835,.T.);
#7288=ADVANCED_FACE('',(#1013,#274),#572,.T.);
#7289=ADVANCED_FACE('',(#1014),#6836,.F.);
#7290=ADVANCED_FACE('',(#1015,#275),#573,.T.);
#7291=ADVANCED_FACE('',(#1016),#6837,.F.);
#7292=ADVANCED_FACE('',(#1017),#6838,.T.);
#7293=ADVANCED_FACE('',(#1018,#276),#574,.T.);
#7294=ADVANCED_FACE('',(#1019),#6839,.F.);
#7295=ADVANCED_FACE('',(#1020,#277),#575,.T.);
#7296=ADVANCED_FACE('',(#1021),#6840,.F.);
#7297=ADVANCED_FACE('',(#1022),#6841,.T.);
#7298=ADVANCED_FACE('',(#1023,#278),#576,.T.);
#7299=ADVANCED_FACE('',(#1024),#6842,.F.);
#7300=ADVANCED_FACE('',(#1025,#279),#577,.T.);
#7301=ADVANCED_FACE('',(#1026),#6843,.F.);
#7302=ADVANCED_FACE('',(#1027),#6844,.T.);
#7303=ADVANCED_FACE('',(#1028,#280),#578,.T.);
#7304=ADVANCED_FACE('',(#1029),#6845,.F.);
#7305=ADVANCED_FACE('',(#1030,#281),#579,.T.);
#7306=ADVANCED_FACE('',(#1031),#6846,.F.);
#7307=ADVANCED_FACE('',(#1032),#6847,.T.);
#7308=ADVANCED_FACE('',(#1033,#282),#580,.T.);
#7309=ADVANCED_FACE('',(#1034),#6848,.F.);
#7310=ADVANCED_FACE('',(#1035,#283),#581,.T.);
#7311=ADVANCED_FACE('',(#1036),#6849,.F.);
#7312=ADVANCED_FACE('',(#1037),#6850,.T.);
#7313=ADVANCED_FACE('',(#1038,#284),#582,.T.);
#7314=ADVANCED_FACE('',(#1039),#6851,.F.);
#7315=ADVANCED_FACE('',(#1040,#285),#583,.T.);
#7316=ADVANCED_FACE('',(#1041),#6852,.F.);
#7317=ADVANCED_FACE('',(#1042),#6853,.T.);
#7318=ADVANCED_FACE('',(#1043,#286),#584,.T.);
#7319=ADVANCED_FACE('',(#1044),#6854,.F.);
#7320=ADVANCED_FACE('',(#1045,#287),#585,.T.);
#7321=ADVANCED_FACE('',(#1046),#6855,.F.);
#7322=ADVANCED_FACE('',(#1047),#6856,.T.);
#7323=ADVANCED_FACE('',(#1048,#288),#586,.T.);
#7324=ADVANCED_FACE('',(#1049),#6857,.F.);
#7325=ADVANCED_FACE('',(#1050,#289),#587,.T.);
#7326=ADVANCED_FACE('',(#1051),#6858,.F.);
#7327=ADVANCED_FACE('',(#1052),#6859,.T.);
#7328=ADVANCED_FACE('',(#1053,#290),#588,.T.);
#7329=ADVANCED_FACE('',(#1054),#6860,.F.);
#7330=ADVANCED_FACE('',(#1055,#291),#589,.T.);
#7331=ADVANCED_FACE('',(#1056),#6861,.F.);
#7332=ADVANCED_FACE('',(#1057),#6862,.T.);
#7333=ADVANCED_FACE('',(#1058,#292),#590,.T.);
#7334=ADVANCED_FACE('',(#1059),#6863,.F.);
#7335=ADVANCED_FACE('',(#1060,#293),#591,.T.);
#7336=ADVANCED_FACE('',(#1061),#6864,.F.);
#7337=ADVANCED_FACE('',(#1062),#6865,.T.);
#7338=ADVANCED_FACE('',(#1063,#294),#592,.T.);
#7339=ADVANCED_FACE('',(#1064),#6866,.F.);
#7340=ADVANCED_FACE('',(#1065,#295),#593,.T.);
#7341=ADVANCED_FACE('',(#1066),#6867,.F.);
#7342=ADVANCED_FACE('',(#1067),#6868,.T.);
#7343=ADVANCED_FACE('',(#1068,#296),#594,.T.);
#7344=ADVANCED_FACE('',(#1069),#6869,.F.);
#7345=ADVANCED_FACE('',(#1070,#297),#595,.T.);
#7346=ADVANCED_FACE('',(#1071),#6870,.F.);
#7347=ADVANCED_FACE('',(#1072),#6871,.T.);
#7348=ADVANCED_FACE('',(#1073,#298),#596,.T.);
#7349=ADVANCED_FACE('',(#1074),#6872,.F.);
#7350=ADVANCED_FACE('',(#1075,#299),#597,.T.);
#7351=ADVANCED_FACE('',(#1076),#6873,.F.);
#7352=ADVANCED_FACE('',(#1077),#6874,.T.);
#7353=ADVANCED_FACE('',(#1078,#300),#598,.T.);
#7354=ADVANCED_FACE('',(#1079),#6875,.F.);
#7355=ADVANCED_FACE('',(#1080,#301),#599,.T.);
#7356=ADVANCED_FACE('',(#1081),#6876,.F.);
#7357=ADVANCED_FACE('',(#1082),#6877,.T.);
#7358=ADVANCED_FACE('',(#1083,#302),#600,.T.);
#7359=ADVANCED_FACE('',(#1084),#6878,.F.);
#7360=ADVANCED_FACE('',(#1085,#303),#601,.T.);
#7361=ADVANCED_FACE('',(#1086),#6879,.F.);
#7362=ADVANCED_FACE('',(#1087),#6880,.T.);
#7363=ADVANCED_FACE('',(#1088,#304),#602,.T.);
#7364=ADVANCED_FACE('',(#1089),#6881,.F.);
#7365=ADVANCED_FACE('',(#1090,#305),#603,.T.);
#7366=ADVANCED_FACE('',(#1091),#6882,.F.);
#7367=ADVANCED_FACE('',(#1092),#6883,.T.);
#7368=ADVANCED_FACE('',(#1093,#306),#604,.T.);
#7369=ADVANCED_FACE('',(#1094),#6884,.F.);
#7370=ADVANCED_FACE('',(#1095,#307),#605,.T.);
#7371=ADVANCED_FACE('',(#1096),#6885,.F.);
#7372=ADVANCED_FACE('',(#1097),#6886,.T.);
#7373=ADVANCED_FACE('',(#1098,#308),#606,.T.);
#7374=ADVANCED_FACE('',(#1099),#6887,.F.);
#7375=ADVANCED_FACE('',(#1100,#309),#607,.T.);
#7376=ADVANCED_FACE('',(#1101),#6888,.F.);
#7377=ADVANCED_FACE('',(#1102),#6889,.T.);
#7378=ADVANCED_FACE('',(#1103,#310),#608,.T.);
#7379=ADVANCED_FACE('',(#1104),#6890,.F.);
#7380=ADVANCED_FACE('',(#1105),#6891,.F.);
#7381=ADVANCED_FACE('',(#1106,#311),#609,.T.);
#7382=ADVANCED_FACE('',(#1107),#6892,.F.);
#7383=ADVANCED_FACE('',(#1108),#6893,.F.);
#7384=ADVANCED_FACE('',(#1109,#312),#610,.F.);
#7385=ADVANCED_FACE('',(#1110),#6894,.F.);
#7386=ADVANCED_FACE('',(#1111),#6895,.F.);
#7387=ADVANCED_FACE('',(#1112,#313),#611,.F.);
#7388=ADVANCED_FACE('',(#1113),#6896,.F.);
#7389=ADVANCED_FACE('',(#1114),#6897,.F.);
#7390=ADVANCED_FACE('',(#1115,#314),#612,.T.);
#7391=ADVANCED_FACE('',(#1116),#613,.F.);
#7392=ADVANCED_FACE('',(#1117),#614,.F.);
#7393=ADVANCED_FACE('',(#1118),#615,.F.);
#7394=ADVANCED_FACE('',(#1119),#616,.F.);
#7395=ADVANCED_FACE('',(#1120),#617,.T.);
#7396=ADVANCED_FACE('',(#1121),#618,.T.);
#7397=ADVANCED_FACE('',(#1122),#619,.T.);
#7398=ADVANCED_FACE('',(#1123),#620,.T.);
#7399=ADVANCED_FACE('',(#1124,#315),#621,.T.);
#7400=ADVANCED_FACE('',(#1125,#316,#317,#318,#319,#320,#321,#322,#323,#324,
#325,#326,#327,#328,#329,#330,#331,#332,#333,#334,#335,#336,#337,#338,#339,
#340,#341,#342,#343,#344,#345,#346,#347,#348,#349,#350,#351,#352,#353,#354,
#355,#356,#357,#358,#359,#360,#361,#362,#363,#364,#365,#366,#367,#368,#369,
#370,#371,#372,#373,#374,#375,#376,#377,#378,#379,#380,#381,#382,#383,#384,
#385,#386,#387,#388,#389,#390,#391,#392,#393,#394,#395,#396,#397,#398,#399,
#400,#401,#402,#403,#404,#405,#406,#407,#408,#409,#410,#411,#412,#413,#414,
#415),#622,.F.);
#7401=CLOSED_SHELL('',(#6898,#6899,#6900,#6901,#6902,#6903,#6904,#6905,
#6906,#6907,#6908,#6909,#6910,#6911,#6912,#6913,#6914,#6915,#6916,#6917,
#6918,#6919,#6920,#6921,#6922,#6923,#6924,#6925,#6926,#6927,#6928,#6929,
#6930,#6931,#6932,#6933,#6934,#6935,#6936,#6937,#6938,#6939,#6940,#6941,
#6942,#6943,#6944,#6945,#6946,#6947,#6948,#6949,#6950,#6951,#6952,#6953,
#6954,#6955,#6956,#6957,#6958,#6959,#6960,#6961,#6962,#6963,#6964,#6965,
#6966,#6967,#6968,#6969,#6970,#6971,#6972,#6973,#6974,#6975,#6976,#6977,
#6978,#6979,#6980,#6981,#6982,#6983,#6984,#6985,#6986,#6987,#6988,#6989,
#6990,#6991,#6992,#6993,#6994,#6995,#6996,#6997,#6998,#6999,#7000,#7001,
#7002,#7003,#7004,#7005,#7006,#7007,#7008,#7009,#7010,#7011,#7012,#7013,
#7014,#7015,#7016,#7017,#7018,#7019,#7020,#7021,#7022,#7023,#7024,#7025,
#7026,#7027,#7028,#7029,#7030,#7031,#7032,#7033,#7034,#7035,#7036,#7037,
#7038,#7039,#7040,#7041,#7042,#7043,#7044,#7045,#7046,#7047,#7048,#7049,
#7050,#7051,#7052,#7053,#7054,#7055,#7056,#7057,#7058,#7059,#7060,#7061,
#7062,#7063,#7064,#7065,#7066,#7067,#7068,#7069,#7070,#7071,#7072,#7073,
#7074,#7075,#7076,#7077,#7078,#7079,#7080,#7081,#7082,#7083,#7084,#7085,
#7086,#7087,#7088,#7089,#7090,#7091,#7092,#7093,#7094,#7095,#7096,#7097,
#7098,#7099,#7100,#7101,#7102,#7103,#7104,#7105,#7106,#7107,#7108,#7109,
#7110,#7111,#7112,#7113,#7114,#7115,#7116,#7117,#7118,#7119,#7120,#7121,
#7122,#7123,#7124,#7125,#7126,#7127,#7128,#7129,#7130,#7131,#7132,#7133,
#7134,#7135,#7136,#7137,#7138,#7139,#7140,#7141,#7142,#7143,#7144,#7145,
#7146,#7147,#7148,#7149,#7150,#7151,#7152,#7153,#7154,#7155,#7156,#7157,
#7158,#7159,#7160,#7161,#7162,#7163,#7164,#7165,#7166,#7167,#7168,#7169,
#7170,#7171,#7172,#7173,#7174,#7175,#7176,#7177,#7178,#7179,#7180,#7181,
#7182,#7183,#7184,#7185,#7186,#7187,#7188,#7189,#7190,#7191,#7192,#7193,
#7194,#7195,#7196,#7197,#7198,#7199,#7200,#7201,#7202,#7203,#7204,#7205,
#7206,#7207,#7208,#7209,#7210,#7211,#7212,#7213,#7214,#7215,#7216,#7217,
#7218,#7219,#7220,#7221,#7222,#7223,#7224,#7225,#7226,#7227,#7228,#7229,
#7230,#7231,#7232,#7233,#7234,#7235,#7236,#7237,#7238,#7239,#7240,#7241,
#7242,#7243,#7244,#7245,#7246,#7247,#7248,#7249,#7250,#7251,#7252,#7253,
#7254,#7255,#7256,#7257,#7258,#7259,#7260,#7261,#7262,#7263,#7264,#7265,
#7266,#7267,#7268,#7269,#7270,#7271,#7272,#7273,#7274,#7275,#7276,#7277,
#7278,#7279,#7280,#7281,#7282,#7283,#7284,#7285,#7286,#7287,#7288,#7289,
#7290,#7291,#7292,#7293,#7294,#7295,#7296,#7297,#7298,#7299,#7300,#7301,
#7302,#7303,#7304,#7305,#7306,#7307,#7308,#7309,#7310,#7311,#7312,#7313,
#7314,#7315,#7316,#7317,#7318,#7319,#7320,#7321,#7322,#7323,#7324,#7325,
#7326,#7327,#7328,#7329,#7330,#7331,#7332,#7333,#7334,#7335,#7336,#7337,
#7338,#7339,#7340,#7341,#7342,#7343,#7344,#7345,#7346,#7347,#7348,#7349,
#7350,#7351,#7352,#7353,#7354,#7355,#7356,#7357,#7358,#7359,#7360,#7361,
#7362,#7363,#7364,#7365,#7366,#7367,#7368,#7369,#7370,#7371,#7372,#7373,
#7374,#7375,#7376,#7377,#7378,#7379,#7380,#7381,#7382,#7383,#7384,#7385,
#7386,#7387,#7388,#7389,#7390,#7391,#7392,#7393,#7394,#7395,#7396,#7397,
#7398,#7399,#7400));
#7402=DERIVED_UNIT_ELEMENT(#7404,1.);
#7403=DERIVED_UNIT_ELEMENT(#13061,-3.);
#7404=(
MASS_UNIT()
NAMED_UNIT(*)
SI_UNIT(.KILO.,.GRAM.)
);
#7405=DERIVED_UNIT((#7402,#7403));
#7406=MEASURE_REPRESENTATION_ITEM('density measure',
POSITIVE_RATIO_MEASURE(7850.),#7405);
#7407=PROPERTY_DEFINITION_REPRESENTATION(#7412,#7409);
#7408=PROPERTY_DEFINITION_REPRESENTATION(#7413,#7410);
#7409=REPRESENTATION('material name',(#7411),#13058);
#7410=REPRESENTATION('density',(#7406),#13058);
#7411=DESCRIPTIVE_REPRESENTATION_ITEM('Steel','Steel');
#7412=PROPERTY_DEFINITION('material property','material name',#13073);
#7413=PROPERTY_DEFINITION('material property','density of part',#13073);
#7414=AXIS2_PLACEMENT_3D('',#11028,#8512,#8513);
#7415=AXIS2_PLACEMENT_3D('',#11029,#8514,#8515);
#7416=AXIS2_PLACEMENT_3D('',#11030,#8516,#8517);
#7417=AXIS2_PLACEMENT_3D('',#11032,#8518,#8519);
#7418=AXIS2_PLACEMENT_3D('',#11035,#8521,#8522);
#7419=AXIS2_PLACEMENT_3D('',#11036,#8523,#8524);
#7420=AXIS2_PLACEMENT_3D('',#11038,#8525,#8526);
#7421=AXIS2_PLACEMENT_3D('',#11039,#8527,#8528);
#7422=AXIS2_PLACEMENT_3D('',#11041,#8529,#8530);
#7423=AXIS2_PLACEMENT_3D('',#11043,#8532,#8533);
#7424=AXIS2_PLACEMENT_3D('',#11045,#8534,#8535);
#7425=AXIS2_PLACEMENT_3D('',#11048,#8537,#8538);
#7426=AXIS2_PLACEMENT_3D('',#11049,#8539,#8540);
#7427=AXIS2_PLACEMENT_3D('',#11050,#8541,#8542);
#7428=AXIS2_PLACEMENT_3D('',#11060,#8547,#8548);
#7429=AXIS2_PLACEMENT_3D('',#11062,#8549,#8550);
#7430=AXIS2_PLACEMENT_3D('',#11064,#8551,#8552);
#7431=AXIS2_PLACEMENT_3D('',#11066,#8553,#8554);
#7432=AXIS2_PLACEMENT_3D('',#11068,#8555,#8556);
#7433=AXIS2_PLACEMENT_3D('',#11070,#8557,#8558);
#7434=AXIS2_PLACEMENT_3D('',#11072,#8559,#8560);
#7435=AXIS2_PLACEMENT_3D('',#11074,#8561,#8562);
#7436=AXIS2_PLACEMENT_3D('',#11076,#8563,#8564);
#7437=AXIS2_PLACEMENT_3D('',#11078,#8565,#8566);
#7438=AXIS2_PLACEMENT_3D('',#11080,#8567,#8568);
#7439=AXIS2_PLACEMENT_3D('',#11082,#8569,#8570);
#7440=AXIS2_PLACEMENT_3D('',#11084,#8571,#8572);
#7441=AXIS2_PLACEMENT_3D('',#11086,#8573,#8574);
#7442=AXIS2_PLACEMENT_3D('',#11088,#8575,#8576);
#7443=AXIS2_PLACEMENT_3D('',#11090,#8577,#8578);
#7444=AXIS2_PLACEMENT_3D('',#11092,#8579,#8580);
#7445=AXIS2_PLACEMENT_3D('',#11094,#8581,#8582);
#7446=AXIS2_PLACEMENT_3D('',#11096,#8583,#8584);
#7447=AXIS2_PLACEMENT_3D('',#11098,#8585,#8586);
#7448=AXIS2_PLACEMENT_3D('',#11100,#8587,#8588);
#7449=AXIS2_PLACEMENT_3D('',#11102,#8589,#8590);
#7450=AXIS2_PLACEMENT_3D('',#11104,#8591,#8592);
#7451=AXIS2_PLACEMENT_3D('',#11106,#8593,#8594);
#7452=AXIS2_PLACEMENT_3D('',#11108,#8595,#8596);
#7453=AXIS2_PLACEMENT_3D('',#11110,#8597,#8598);
#7454=AXIS2_PLACEMENT_3D('',#11112,#8599,#8600);
#7455=AXIS2_PLACEMENT_3D('',#11114,#8601,#8602);
#7456=AXIS2_PLACEMENT_3D('',#11116,#8603,#8604);
#7457=AXIS2_PLACEMENT_3D('',#11118,#8605,#8606);
#7458=AXIS2_PLACEMENT_3D('',#11120,#8607,#8608);
#7459=AXIS2_PLACEMENT_3D('',#11122,#8609,#8610);
#7460=AXIS2_PLACEMENT_3D('',#11124,#8611,#8612);
#7461=AXIS2_PLACEMENT_3D('',#11126,#8613,#8614);
#7462=AXIS2_PLACEMENT_3D('',#11128,#8615,#8616);
#7463=AXIS2_PLACEMENT_3D('',#11130,#8617,#8618);
#7464=AXIS2_PLACEMENT_3D('',#11132,#8619,#8620);
#7465=AXIS2_PLACEMENT_3D('',#11134,#8621,#8622);
#7466=AXIS2_PLACEMENT_3D('',#11136,#8623,#8624);
#7467=AXIS2_PLACEMENT_3D('',#11138,#8625,#8626);
#7468=AXIS2_PLACEMENT_3D('',#11140,#8627,#8628);
#7469=AXIS2_PLACEMENT_3D('',#11142,#8629,#8630);
#7470=AXIS2_PLACEMENT_3D('',#11144,#8631,#8632);
#7471=AXIS2_PLACEMENT_3D('',#11146,#8633,#8634);
#7472=AXIS2_PLACEMENT_3D('',#11148,#8635,#8636);
#7473=AXIS2_PLACEMENT_3D('',#11150,#8637,#8638);
#7474=AXIS2_PLACEMENT_3D('',#11152,#8639,#8640);
#7475=AXIS2_PLACEMENT_3D('',#11154,#8641,#8642);
#7476=AXIS2_PLACEMENT_3D('',#11156,#8643,#8644);
#7477=AXIS2_PLACEMENT_3D('',#11158,#8645,#8646);
#7478=AXIS2_PLACEMENT_3D('',#11160,#8647,#8648);
#7479=AXIS2_PLACEMENT_3D('',#11162,#8649,#8650);
#7480=AXIS2_PLACEMENT_3D('',#11164,#8651,#8652);
#7481=AXIS2_PLACEMENT_3D('',#11166,#8653,#8654);
#7482=AXIS2_PLACEMENT_3D('',#11168,#8655,#8656);
#7483=AXIS2_PLACEMENT_3D('',#11170,#8657,#8658);
#7484=AXIS2_PLACEMENT_3D('',#11172,#8659,#8660);
#7485=AXIS2_PLACEMENT_3D('',#11174,#8661,#8662);
#7486=AXIS2_PLACEMENT_3D('',#11176,#8663,#8664);
#7487=AXIS2_PLACEMENT_3D('',#11178,#8665,#8666);
#7488=AXIS2_PLACEMENT_3D('',#11180,#8667,#8668);
#7489=AXIS2_PLACEMENT_3D('',#11182,#8669,#8670);
#7490=AXIS2_PLACEMENT_3D('',#11184,#8671,#8672);
#7491=AXIS2_PLACEMENT_3D('',#11186,#8673,#8674);
#7492=AXIS2_PLACEMENT_3D('',#11188,#8675,#8676);
#7493=AXIS2_PLACEMENT_3D('',#11190,#8677,#8678);
#7494=AXIS2_PLACEMENT_3D('',#11192,#8679,#8680);
#7495=AXIS2_PLACEMENT_3D('',#11194,#8681,#8682);
#7496=AXIS2_PLACEMENT_3D('',#11196,#8683,#8684);
#7497=AXIS2_PLACEMENT_3D('',#11198,#8685,#8686);
#7498=AXIS2_PLACEMENT_3D('',#11200,#8687,#8688);
#7499=AXIS2_PLACEMENT_3D('',#11202,#8689,#8690);
#7500=AXIS2_PLACEMENT_3D('',#11204,#8691,#8692);
#7501=AXIS2_PLACEMENT_3D('',#11206,#8693,#8694);
#7502=AXIS2_PLACEMENT_3D('',#11208,#8695,#8696);
#7503=AXIS2_PLACEMENT_3D('',#11210,#8697,#8698);
#7504=AXIS2_PLACEMENT_3D('',#11212,#8699,#8700);
#7505=AXIS2_PLACEMENT_3D('',#11214,#8701,#8702);
#7506=AXIS2_PLACEMENT_3D('',#11216,#8703,#8704);
#7507=AXIS2_PLACEMENT_3D('',#11218,#8705,#8706);
#7508=AXIS2_PLACEMENT_3D('',#11220,#8707,#8708);
#7509=AXIS2_PLACEMENT_3D('',#11222,#8709,#8710);
#7510=AXIS2_PLACEMENT_3D('',#11224,#8711,#8712);
#7511=AXIS2_PLACEMENT_3D('',#11226,#8713,#8714);
#7512=AXIS2_PLACEMENT_3D('',#11228,#8715,#8716);
#7513=AXIS2_PLACEMENT_3D('',#11230,#8717,#8718);
#7514=AXIS2_PLACEMENT_3D('',#11232,#8719,#8720);
#7515=AXIS2_PLACEMENT_3D('',#11234,#8721,#8722);
#7516=AXIS2_PLACEMENT_3D('',#11236,#8723,#8724);
#7517=AXIS2_PLACEMENT_3D('',#11238,#8725,#8726);
#7518=AXIS2_PLACEMENT_3D('',#11240,#8727,#8728);
#7519=AXIS2_PLACEMENT_3D('',#11242,#8729,#8730);
#7520=AXIS2_PLACEMENT_3D('',#11244,#8731,#8732);
#7521=AXIS2_PLACEMENT_3D('',#11246,#8733,#8734);
#7522=AXIS2_PLACEMENT_3D('',#11248,#8735,#8736);
#7523=AXIS2_PLACEMENT_3D('',#11250,#8737,#8738);
#7524=AXIS2_PLACEMENT_3D('',#11252,#8739,#8740);
#7525=AXIS2_PLACEMENT_3D('',#11254,#8741,#8742);
#7526=AXIS2_PLACEMENT_3D('',#11256,#8743,#8744);
#7527=AXIS2_PLACEMENT_3D('',#11257,#8745,#8746);
#7528=AXIS2_PLACEMENT_3D('',#11259,#8747,#8748);
#7529=AXIS2_PLACEMENT_3D('',#11262,#8750,#8751);
#7530=AXIS2_PLACEMENT_3D('',#11263,#8752,#8753);
#7531=AXIS2_PLACEMENT_3D('',#11265,#8754,#8755);
#7532=AXIS2_PLACEMENT_3D('',#11266,#8756,#8757);
#7533=AXIS2_PLACEMENT_3D('',#11268,#8758,#8759);
#7534=AXIS2_PLACEMENT_3D('',#11270,#8761,#8762);
#7535=AXIS2_PLACEMENT_3D('',#11272,#8763,#8764);
#7536=AXIS2_PLACEMENT_3D('',#11274,#8766,#8767);
#7537=AXIS2_PLACEMENT_3D('',#11275,#8768,#8769);
#7538=AXIS2_PLACEMENT_3D('',#11277,#8770,#8771);
#7539=AXIS2_PLACEMENT_3D('',#11280,#8773,#8774);
#7540=AXIS2_PLACEMENT_3D('',#11281,#8775,#8776);
#7541=AXIS2_PLACEMENT_3D('',#11283,#8777,#8778);
#7542=AXIS2_PLACEMENT_3D('',#11284,#8779,#8780);
#7543=AXIS2_PLACEMENT_3D('',#11286,#8781,#8782);
#7544=AXIS2_PLACEMENT_3D('',#11288,#8784,#8785);
#7545=AXIS2_PLACEMENT_3D('',#11290,#8786,#8787);
#7546=AXIS2_PLACEMENT_3D('',#11292,#8789,#8790);
#7547=AXIS2_PLACEMENT_3D('',#11293,#8791,#8792);
#7548=AXIS2_PLACEMENT_3D('',#11295,#8793,#8794);
#7549=AXIS2_PLACEMENT_3D('',#11298,#8796,#8797);
#7550=AXIS2_PLACEMENT_3D('',#11299,#8798,#8799);
#7551=AXIS2_PLACEMENT_3D('',#11301,#8800,#8801);
#7552=AXIS2_PLACEMENT_3D('',#11302,#8802,#8803);
#7553=AXIS2_PLACEMENT_3D('',#11304,#8804,#8805);
#7554=AXIS2_PLACEMENT_3D('',#11306,#8807,#8808);
#7555=AXIS2_PLACEMENT_3D('',#11308,#8809,#8810);
#7556=AXIS2_PLACEMENT_3D('',#11310,#8812,#8813);
#7557=AXIS2_PLACEMENT_3D('',#11311,#8814,#8815);
#7558=AXIS2_PLACEMENT_3D('',#11313,#8816,#8817);
#7559=AXIS2_PLACEMENT_3D('',#11316,#8819,#8820);
#7560=AXIS2_PLACEMENT_3D('',#11317,#8821,#8822);
#7561=AXIS2_PLACEMENT_3D('',#11319,#8823,#8824);
#7562=AXIS2_PLACEMENT_3D('',#11320,#8825,#8826);
#7563=AXIS2_PLACEMENT_3D('',#11322,#8827,#8828);
#7564=AXIS2_PLACEMENT_3D('',#11324,#8830,#8831);
#7565=AXIS2_PLACEMENT_3D('',#11326,#8832,#8833);
#7566=AXIS2_PLACEMENT_3D('',#11328,#8835,#8836);
#7567=AXIS2_PLACEMENT_3D('',#11329,#8837,#8838);
#7568=AXIS2_PLACEMENT_3D('',#11331,#8839,#8840);
#7569=AXIS2_PLACEMENT_3D('',#11334,#8842,#8843);
#7570=AXIS2_PLACEMENT_3D('',#11335,#8844,#8845);
#7571=AXIS2_PLACEMENT_3D('',#11337,#8846,#8847);
#7572=AXIS2_PLACEMENT_3D('',#11338,#8848,#8849);
#7573=AXIS2_PLACEMENT_3D('',#11340,#8850,#8851);
#7574=AXIS2_PLACEMENT_3D('',#11342,#8853,#8854);
#7575=AXIS2_PLACEMENT_3D('',#11344,#8855,#8856);
#7576=AXIS2_PLACEMENT_3D('',#11346,#8858,#8859);
#7577=AXIS2_PLACEMENT_3D('',#11347,#8860,#8861);
#7578=AXIS2_PLACEMENT_3D('',#11349,#8862,#8863);
#7579=AXIS2_PLACEMENT_3D('',#11352,#8865,#8866);
#7580=AXIS2_PLACEMENT_3D('',#11353,#8867,#8868);
#7581=AXIS2_PLACEMENT_3D('',#11355,#8869,#8870);
#7582=AXIS2_PLACEMENT_3D('',#11356,#8871,#8872);
#7583=AXIS2_PLACEMENT_3D('',#11358,#8873,#8874);
#7584=AXIS2_PLACEMENT_3D('',#11360,#8876,#8877);
#7585=AXIS2_PLACEMENT_3D('',#11362,#8878,#8879);
#7586=AXIS2_PLACEMENT_3D('',#11364,#8881,#8882);
#7587=AXIS2_PLACEMENT_3D('',#11365,#8883,#8884);
#7588=AXIS2_PLACEMENT_3D('',#11367,#8885,#8886);
#7589=AXIS2_PLACEMENT_3D('',#11370,#8888,#8889);
#7590=AXIS2_PLACEMENT_3D('',#11371,#8890,#8891);
#7591=AXIS2_PLACEMENT_3D('',#11373,#8892,#8893);
#7592=AXIS2_PLACEMENT_3D('',#11374,#8894,#8895);
#7593=AXIS2_PLACEMENT_3D('',#11376,#8896,#8897);
#7594=AXIS2_PLACEMENT_3D('',#11378,#8899,#8900);
#7595=AXIS2_PLACEMENT_3D('',#11380,#8901,#8902);
#7596=AXIS2_PLACEMENT_3D('',#11382,#8904,#8905);
#7597=AXIS2_PLACEMENT_3D('',#11383,#8906,#8907);
#7598=AXIS2_PLACEMENT_3D('',#11385,#8908,#8909);
#7599=AXIS2_PLACEMENT_3D('',#11388,#8911,#8912);
#7600=AXIS2_PLACEMENT_3D('',#11389,#8913,#8914);
#7601=AXIS2_PLACEMENT_3D('',#11391,#8915,#8916);
#7602=AXIS2_PLACEMENT_3D('',#11392,#8917,#8918);
#7603=AXIS2_PLACEMENT_3D('',#11394,#8919,#8920);
#7604=AXIS2_PLACEMENT_3D('',#11396,#8922,#8923);
#7605=AXIS2_PLACEMENT_3D('',#11398,#8924,#8925);
#7606=AXIS2_PLACEMENT_3D('',#11400,#8927,#8928);
#7607=AXIS2_PLACEMENT_3D('',#11401,#8929,#8930);
#7608=AXIS2_PLACEMENT_3D('',#11403,#8931,#8932);
#7609=AXIS2_PLACEMENT_3D('',#11406,#8934,#8935);
#7610=AXIS2_PLACEMENT_3D('',#11407,#8936,#8937);
#7611=AXIS2_PLACEMENT_3D('',#11409,#8938,#8939);
#7612=AXIS2_PLACEMENT_3D('',#11410,#8940,#8941);
#7613=AXIS2_PLACEMENT_3D('',#11412,#8942,#8943);
#7614=AXIS2_PLACEMENT_3D('',#11414,#8945,#8946);
#7615=AXIS2_PLACEMENT_3D('',#11416,#8947,#8948);
#7616=AXIS2_PLACEMENT_3D('',#11418,#8950,#8951);
#7617=AXIS2_PLACEMENT_3D('',#11419,#8952,#8953);
#7618=AXIS2_PLACEMENT_3D('',#11421,#8954,#8955);
#7619=AXIS2_PLACEMENT_3D('',#11424,#8957,#8958);
#7620=AXIS2_PLACEMENT_3D('',#11425,#8959,#8960);
#7621=AXIS2_PLACEMENT_3D('',#11427,#8961,#8962);
#7622=AXIS2_PLACEMENT_3D('',#11428,#8963,#8964);
#7623=AXIS2_PLACEMENT_3D('',#11430,#8965,#8966);
#7624=AXIS2_PLACEMENT_3D('',#11432,#8968,#8969);
#7625=AXIS2_PLACEMENT_3D('',#11434,#8970,#8971);
#7626=AXIS2_PLACEMENT_3D('',#11436,#8973,#8974);
#7627=AXIS2_PLACEMENT_3D('',#11437,#8975,#8976);
#7628=AXIS2_PLACEMENT_3D('',#11439,#8977,#8978);
#7629=AXIS2_PLACEMENT_3D('',#11442,#8980,#8981);
#7630=AXIS2_PLACEMENT_3D('',#11443,#8982,#8983);
#7631=AXIS2_PLACEMENT_3D('',#11445,#8984,#8985);
#7632=AXIS2_PLACEMENT_3D('',#11446,#8986,#8987);
#7633=AXIS2_PLACEMENT_3D('',#11448,#8988,#8989);
#7634=AXIS2_PLACEMENT_3D('',#11450,#8991,#8992);
#7635=AXIS2_PLACEMENT_3D('',#11452,#8993,#8994);
#7636=AXIS2_PLACEMENT_3D('',#11454,#8996,#8997);
#7637=AXIS2_PLACEMENT_3D('',#11455,#8998,#8999);
#7638=AXIS2_PLACEMENT_3D('',#11457,#9000,#9001);
#7639=AXIS2_PLACEMENT_3D('',#11460,#9003,#9004);
#7640=AXIS2_PLACEMENT_3D('',#11461,#9005,#9006);
#7641=AXIS2_PLACEMENT_3D('',#11463,#9007,#9008);
#7642=AXIS2_PLACEMENT_3D('',#11464,#9009,#9010);
#7643=AXIS2_PLACEMENT_3D('',#11466,#9011,#9012);
#7644=AXIS2_PLACEMENT_3D('',#11468,#9014,#9015);
#7645=AXIS2_PLACEMENT_3D('',#11470,#9016,#9017);
#7646=AXIS2_PLACEMENT_3D('',#11472,#9019,#9020);
#7647=AXIS2_PLACEMENT_3D('',#11473,#9021,#9022);
#7648=AXIS2_PLACEMENT_3D('',#11475,#9023,#9024);
#7649=AXIS2_PLACEMENT_3D('',#11478,#9026,#9027);
#7650=AXIS2_PLACEMENT_3D('',#11479,#9028,#9029);
#7651=AXIS2_PLACEMENT_3D('',#11481,#9030,#9031);
#7652=AXIS2_PLACEMENT_3D('',#11482,#9032,#9033);
#7653=AXIS2_PLACEMENT_3D('',#11484,#9034,#9035);
#7654=AXIS2_PLACEMENT_3D('',#11486,#9037,#9038);
#7655=AXIS2_PLACEMENT_3D('',#11488,#9039,#9040);
#7656=AXIS2_PLACEMENT_3D('',#11490,#9042,#9043);
#7657=AXIS2_PLACEMENT_3D('',#11491,#9044,#9045);
#7658=AXIS2_PLACEMENT_3D('',#11493,#9046,#9047);
#7659=AXIS2_PLACEMENT_3D('',#11496,#9049,#9050);
#7660=AXIS2_PLACEMENT_3D('',#11497,#9051,#9052);
#7661=AXIS2_PLACEMENT_3D('',#11499,#9053,#9054);
#7662=AXIS2_PLACEMENT_3D('',#11500,#9055,#9056);
#7663=AXIS2_PLACEMENT_3D('',#11502,#9057,#9058);
#7664=AXIS2_PLACEMENT_3D('',#11504,#9060,#9061);
#7665=AXIS2_PLACEMENT_3D('',#11506,#9062,#9063);
#7666=AXIS2_PLACEMENT_3D('',#11508,#9065,#9066);
#7667=AXIS2_PLACEMENT_3D('',#11509,#9067,#9068);
#7668=AXIS2_PLACEMENT_3D('',#11511,#9069,#9070);
#7669=AXIS2_PLACEMENT_3D('',#11514,#9072,#9073);
#7670=AXIS2_PLACEMENT_3D('',#11515,#9074,#9075);
#7671=AXIS2_PLACEMENT_3D('',#11517,#9076,#9077);
#7672=AXIS2_PLACEMENT_3D('',#11518,#9078,#9079);
#7673=AXIS2_PLACEMENT_3D('',#11520,#9080,#9081);
#7674=AXIS2_PLACEMENT_3D('',#11522,#9083,#9084);
#7675=AXIS2_PLACEMENT_3D('',#11524,#9085,#9086);
#7676=AXIS2_PLACEMENT_3D('',#11526,#9088,#9089);
#7677=AXIS2_PLACEMENT_3D('',#11527,#9090,#9091);
#7678=AXIS2_PLACEMENT_3D('',#11529,#9092,#9093);
#7679=AXIS2_PLACEMENT_3D('',#11532,#9095,#9096);
#7680=AXIS2_PLACEMENT_3D('',#11533,#9097,#9098);
#7681=AXIS2_PLACEMENT_3D('',#11535,#9099,#9100);
#7682=AXIS2_PLACEMENT_3D('',#11536,#9101,#9102);
#7683=AXIS2_PLACEMENT_3D('',#11538,#9103,#9104);
#7684=AXIS2_PLACEMENT_3D('',#11540,#9106,#9107);
#7685=AXIS2_PLACEMENT_3D('',#11542,#9108,#9109);
#7686=AXIS2_PLACEMENT_3D('',#11544,#9111,#9112);
#7687=AXIS2_PLACEMENT_3D('',#11545,#9113,#9114);
#7688=AXIS2_PLACEMENT_3D('',#11547,#9115,#9116);
#7689=AXIS2_PLACEMENT_3D('',#11550,#9118,#9119);
#7690=AXIS2_PLACEMENT_3D('',#11551,#9120,#9121);
#7691=AXIS2_PLACEMENT_3D('',#11553,#9122,#9123);
#7692=AXIS2_PLACEMENT_3D('',#11554,#9124,#9125);
#7693=AXIS2_PLACEMENT_3D('',#11556,#9126,#9127);
#7694=AXIS2_PLACEMENT_3D('',#11558,#9129,#9130);
#7695=AXIS2_PLACEMENT_3D('',#11560,#9131,#9132);
#7696=AXIS2_PLACEMENT_3D('',#11562,#9134,#9135);
#7697=AXIS2_PLACEMENT_3D('',#11563,#9136,#9137);
#7698=AXIS2_PLACEMENT_3D('',#11565,#9138,#9139);
#7699=AXIS2_PLACEMENT_3D('',#11568,#9141,#9142);
#7700=AXIS2_PLACEMENT_3D('',#11569,#9143,#9144);
#7701=AXIS2_PLACEMENT_3D('',#11571,#9145,#9146);
#7702=AXIS2_PLACEMENT_3D('',#11572,#9147,#9148);
#7703=AXIS2_PLACEMENT_3D('',#11574,#9149,#9150);
#7704=AXIS2_PLACEMENT_3D('',#11576,#9152,#9153);
#7705=AXIS2_PLACEMENT_3D('',#11578,#9154,#9155);
#7706=AXIS2_PLACEMENT_3D('',#11580,#9157,#9158);
#7707=AXIS2_PLACEMENT_3D('',#11581,#9159,#9160);
#7708=AXIS2_PLACEMENT_3D('',#11583,#9161,#9162);
#7709=AXIS2_PLACEMENT_3D('',#11586,#9164,#9165);
#7710=AXIS2_PLACEMENT_3D('',#11587,#9166,#9167);
#7711=AXIS2_PLACEMENT_3D('',#11589,#9168,#9169);
#7712=AXIS2_PLACEMENT_3D('',#11590,#9170,#9171);
#7713=AXIS2_PLACEMENT_3D('',#11592,#9172,#9173);
#7714=AXIS2_PLACEMENT_3D('',#11594,#9175,#9176);
#7715=AXIS2_PLACEMENT_3D('',#11596,#9177,#9178);
#7716=AXIS2_PLACEMENT_3D('',#11598,#9180,#9181);
#7717=AXIS2_PLACEMENT_3D('',#11599,#9182,#9183);
#7718=AXIS2_PLACEMENT_3D('',#11601,#9184,#9185);
#7719=AXIS2_PLACEMENT_3D('',#11604,#9187,#9188);
#7720=AXIS2_PLACEMENT_3D('',#11605,#9189,#9190);
#7721=AXIS2_PLACEMENT_3D('',#11607,#9191,#9192);
#7722=AXIS2_PLACEMENT_3D('',#11608,#9193,#9194);
#7723=AXIS2_PLACEMENT_3D('',#11610,#9195,#9196);
#7724=AXIS2_PLACEMENT_3D('',#11612,#9198,#9199);
#7725=AXIS2_PLACEMENT_3D('',#11614,#9200,#9201);
#7726=AXIS2_PLACEMENT_3D('',#11616,#9203,#9204);
#7727=AXIS2_PLACEMENT_3D('',#11617,#9205,#9206);
#7728=AXIS2_PLACEMENT_3D('',#11619,#9207,#9208);
#7729=AXIS2_PLACEMENT_3D('',#11622,#9210,#9211);
#7730=AXIS2_PLACEMENT_3D('',#11623,#9212,#9213);
#7731=AXIS2_PLACEMENT_3D('',#11625,#9214,#9215);
#7732=AXIS2_PLACEMENT_3D('',#11626,#9216,#9217);
#7733=AXIS2_PLACEMENT_3D('',#11628,#9218,#9219);
#7734=AXIS2_PLACEMENT_3D('',#11630,#9221,#9222);
#7735=AXIS2_PLACEMENT_3D('',#11632,#9223,#9224);
#7736=AXIS2_PLACEMENT_3D('',#11634,#9226,#9227);
#7737=AXIS2_PLACEMENT_3D('',#11635,#9228,#9229);
#7738=AXIS2_PLACEMENT_3D('',#11637,#9230,#9231);
#7739=AXIS2_PLACEMENT_3D('',#11640,#9233,#9234);
#7740=AXIS2_PLACEMENT_3D('',#11641,#9235,#9236);
#7741=AXIS2_PLACEMENT_3D('',#11643,#9237,#9238);
#7742=AXIS2_PLACEMENT_3D('',#11644,#9239,#9240);
#7743=AXIS2_PLACEMENT_3D('',#11646,#9241,#9242);
#7744=AXIS2_PLACEMENT_3D('',#11648,#9244,#9245);
#7745=AXIS2_PLACEMENT_3D('',#11650,#9246,#9247);
#7746=AXIS2_PLACEMENT_3D('',#11652,#9249,#9250);
#7747=AXIS2_PLACEMENT_3D('',#11653,#9251,#9252);
#7748=AXIS2_PLACEMENT_3D('',#11655,#9253,#9254);
#7749=AXIS2_PLACEMENT_3D('',#11658,#9256,#9257);
#7750=AXIS2_PLACEMENT_3D('',#11659,#9258,#9259);
#7751=AXIS2_PLACEMENT_3D('',#11661,#9260,#9261);
#7752=AXIS2_PLACEMENT_3D('',#11662,#9262,#9263);
#7753=AXIS2_PLACEMENT_3D('',#11664,#9264,#9265);
#7754=AXIS2_PLACEMENT_3D('',#11666,#9267,#9268);
#7755=AXIS2_PLACEMENT_3D('',#11668,#9269,#9270);
#7756=AXIS2_PLACEMENT_3D('',#11670,#9272,#9273);
#7757=AXIS2_PLACEMENT_3D('',#11671,#9274,#9275);
#7758=AXIS2_PLACEMENT_3D('',#11673,#9276,#9277);
#7759=AXIS2_PLACEMENT_3D('',#11676,#9279,#9280);
#7760=AXIS2_PLACEMENT_3D('',#11677,#9281,#9282);
#7761=AXIS2_PLACEMENT_3D('',#11679,#9283,#9284);
#7762=AXIS2_PLACEMENT_3D('',#11680,#9285,#9286);
#7763=AXIS2_PLACEMENT_3D('',#11682,#9287,#9288);
#7764=AXIS2_PLACEMENT_3D('',#11684,#9290,#9291);
#7765=AXIS2_PLACEMENT_3D('',#11686,#9292,#9293);
#7766=AXIS2_PLACEMENT_3D('',#11688,#9295,#9296);
#7767=AXIS2_PLACEMENT_3D('',#11689,#9297,#9298);
#7768=AXIS2_PLACEMENT_3D('',#11691,#9299,#9300);
#7769=AXIS2_PLACEMENT_3D('',#11694,#9302,#9303);
#7770=AXIS2_PLACEMENT_3D('',#11695,#9304,#9305);
#7771=AXIS2_PLACEMENT_3D('',#11697,#9306,#9307);
#7772=AXIS2_PLACEMENT_3D('',#11698,#9308,#9309);
#7773=AXIS2_PLACEMENT_3D('',#11700,#9310,#9311);
#7774=AXIS2_PLACEMENT_3D('',#11702,#9313,#9314);
#7775=AXIS2_PLACEMENT_3D('',#11704,#9315,#9316);
#7776=AXIS2_PLACEMENT_3D('',#11706,#9318,#9319);
#7777=AXIS2_PLACEMENT_3D('',#11707,#9320,#9321);
#7778=AXIS2_PLACEMENT_3D('',#11709,#9322,#9323);
#7779=AXIS2_PLACEMENT_3D('',#11712,#9325,#9326);
#7780=AXIS2_PLACEMENT_3D('',#11713,#9327,#9328);
#7781=AXIS2_PLACEMENT_3D('',#11715,#9329,#9330);
#7782=AXIS2_PLACEMENT_3D('',#11716,#9331,#9332);
#7783=AXIS2_PLACEMENT_3D('',#11718,#9333,#9334);
#7784=AXIS2_PLACEMENT_3D('',#11720,#9336,#9337);
#7785=AXIS2_PLACEMENT_3D('',#11722,#9338,#9339);
#7786=AXIS2_PLACEMENT_3D('',#11724,#9341,#9342);
#7787=AXIS2_PLACEMENT_3D('',#11725,#9343,#9344);
#7788=AXIS2_PLACEMENT_3D('',#11727,#9345,#9346);
#7789=AXIS2_PLACEMENT_3D('',#11730,#9348,#9349);
#7790=AXIS2_PLACEMENT_3D('',#11731,#9350,#9351);
#7791=AXIS2_PLACEMENT_3D('',#11733,#9352,#9353);
#7792=AXIS2_PLACEMENT_3D('',#11734,#9354,#9355);
#7793=AXIS2_PLACEMENT_3D('',#11736,#9356,#9357);
#7794=AXIS2_PLACEMENT_3D('',#11738,#9359,#9360);
#7795=AXIS2_PLACEMENT_3D('',#11740,#9361,#9362);
#7796=AXIS2_PLACEMENT_3D('',#11742,#9364,#9365);
#7797=AXIS2_PLACEMENT_3D('',#11743,#9366,#9367);
#7798=AXIS2_PLACEMENT_3D('',#11745,#9368,#9369);
#7799=AXIS2_PLACEMENT_3D('',#11748,#9371,#9372);
#7800=AXIS2_PLACEMENT_3D('',#11749,#9373,#9374);
#7801=AXIS2_PLACEMENT_3D('',#11751,#9375,#9376);
#7802=AXIS2_PLACEMENT_3D('',#11752,#9377,#9378);
#7803=AXIS2_PLACEMENT_3D('',#11754,#9379,#9380);
#7804=AXIS2_PLACEMENT_3D('',#11756,#9382,#9383);
#7805=AXIS2_PLACEMENT_3D('',#11758,#9384,#9385);
#7806=AXIS2_PLACEMENT_3D('',#11760,#9387,#9388);
#7807=AXIS2_PLACEMENT_3D('',#11761,#9389,#9390);
#7808=AXIS2_PLACEMENT_3D('',#11763,#9391,#9392);
#7809=AXIS2_PLACEMENT_3D('',#11766,#9394,#9395);
#7810=AXIS2_PLACEMENT_3D('',#11767,#9396,#9397);
#7811=AXIS2_PLACEMENT_3D('',#11769,#9398,#9399);
#7812=AXIS2_PLACEMENT_3D('',#11770,#9400,#9401);
#7813=AXIS2_PLACEMENT_3D('',#11772,#9402,#9403);
#7814=AXIS2_PLACEMENT_3D('',#11774,#9405,#9406);
#7815=AXIS2_PLACEMENT_3D('',#11776,#9407,#9408);
#7816=AXIS2_PLACEMENT_3D('',#11778,#9410,#9411);
#7817=AXIS2_PLACEMENT_3D('',#11779,#9412,#9413);
#7818=AXIS2_PLACEMENT_3D('',#11781,#9414,#9415);
#7819=AXIS2_PLACEMENT_3D('',#11784,#9417,#9418);
#7820=AXIS2_PLACEMENT_3D('',#11785,#9419,#9420);
#7821=AXIS2_PLACEMENT_3D('',#11787,#9421,#9422);
#7822=AXIS2_PLACEMENT_3D('',#11788,#9423,#9424);
#7823=AXIS2_PLACEMENT_3D('',#11790,#9425,#9426);
#7824=AXIS2_PLACEMENT_3D('',#11792,#9428,#9429);
#7825=AXIS2_PLACEMENT_3D('',#11794,#9430,#9431);
#7826=AXIS2_PLACEMENT_3D('',#11796,#9433,#9434);
#7827=AXIS2_PLACEMENT_3D('',#11797,#9435,#9436);
#7828=AXIS2_PLACEMENT_3D('',#11799,#9437,#9438);
#7829=AXIS2_PLACEMENT_3D('',#11802,#9440,#9441);
#7830=AXIS2_PLACEMENT_3D('',#11803,#9442,#9443);
#7831=AXIS2_PLACEMENT_3D('',#11805,#9444,#9445);
#7832=AXIS2_PLACEMENT_3D('',#11806,#9446,#9447);
#7833=AXIS2_PLACEMENT_3D('',#11808,#9448,#9449);
#7834=AXIS2_PLACEMENT_3D('',#11810,#9451,#9452);
#7835=AXIS2_PLACEMENT_3D('',#11812,#9453,#9454);
#7836=AXIS2_PLACEMENT_3D('',#11814,#9456,#9457);
#7837=AXIS2_PLACEMENT_3D('',#11815,#9458,#9459);
#7838=AXIS2_PLACEMENT_3D('',#11817,#9460,#9461);
#7839=AXIS2_PLACEMENT_3D('',#11820,#9463,#9464);
#7840=AXIS2_PLACEMENT_3D('',#11821,#9465,#9466);
#7841=AXIS2_PLACEMENT_3D('',#11823,#9467,#9468);
#7842=AXIS2_PLACEMENT_3D('',#11824,#9469,#9470);
#7843=AXIS2_PLACEMENT_3D('',#11826,#9471,#9472);
#7844=AXIS2_PLACEMENT_3D('',#11828,#9474,#9475);
#7845=AXIS2_PLACEMENT_3D('',#11830,#9476,#9477);
#7846=AXIS2_PLACEMENT_3D('',#11832,#9479,#9480);
#7847=AXIS2_PLACEMENT_3D('',#11833,#9481,#9482);
#7848=AXIS2_PLACEMENT_3D('',#11835,#9483,#9484);
#7849=AXIS2_PLACEMENT_3D('',#11838,#9486,#9487);
#7850=AXIS2_PLACEMENT_3D('',#11839,#9488,#9489);
#7851=AXIS2_PLACEMENT_3D('',#11841,#9490,#9491);
#7852=AXIS2_PLACEMENT_3D('',#11842,#9492,#9493);
#7853=AXIS2_PLACEMENT_3D('',#11844,#9494,#9495);
#7854=AXIS2_PLACEMENT_3D('',#11846,#9497,#9498);
#7855=AXIS2_PLACEMENT_3D('',#11848,#9499,#9500);
#7856=AXIS2_PLACEMENT_3D('',#11850,#9502,#9503);
#7857=AXIS2_PLACEMENT_3D('',#11851,#9504,#9505);
#7858=AXIS2_PLACEMENT_3D('',#11853,#9506,#9507);
#7859=AXIS2_PLACEMENT_3D('',#11856,#9509,#9510);
#7860=AXIS2_PLACEMENT_3D('',#11857,#9511,#9512);
#7861=AXIS2_PLACEMENT_3D('',#11859,#9513,#9514);
#7862=AXIS2_PLACEMENT_3D('',#11860,#9515,#9516);
#7863=AXIS2_PLACEMENT_3D('',#11862,#9517,#9518);
#7864=AXIS2_PLACEMENT_3D('',#11864,#9520,#9521);
#7865=AXIS2_PLACEMENT_3D('',#11866,#9522,#9523);
#7866=AXIS2_PLACEMENT_3D('',#11868,#9525,#9526);
#7867=AXIS2_PLACEMENT_3D('',#11869,#9527,#9528);
#7868=AXIS2_PLACEMENT_3D('',#11871,#9529,#9530);
#7869=AXIS2_PLACEMENT_3D('',#11874,#9532,#9533);
#7870=AXIS2_PLACEMENT_3D('',#11875,#9534,#9535);
#7871=AXIS2_PLACEMENT_3D('',#11877,#9536,#9537);
#7872=AXIS2_PLACEMENT_3D('',#11878,#9538,#9539);
#7873=AXIS2_PLACEMENT_3D('',#11880,#9540,#9541);
#7874=AXIS2_PLACEMENT_3D('',#11882,#9543,#9544);
#7875=AXIS2_PLACEMENT_3D('',#11884,#9545,#9546);
#7876=AXIS2_PLACEMENT_3D('',#11886,#9548,#9549);
#7877=AXIS2_PLACEMENT_3D('',#11887,#9550,#9551);
#7878=AXIS2_PLACEMENT_3D('',#11889,#9552,#9553);
#7879=AXIS2_PLACEMENT_3D('',#11892,#9555,#9556);
#7880=AXIS2_PLACEMENT_3D('',#11893,#9557,#9558);
#7881=AXIS2_PLACEMENT_3D('',#11895,#9559,#9560);
#7882=AXIS2_PLACEMENT_3D('',#11896,#9561,#9562);
#7883=AXIS2_PLACEMENT_3D('',#11898,#9563,#9564);
#7884=AXIS2_PLACEMENT_3D('',#11900,#9566,#9567);
#7885=AXIS2_PLACEMENT_3D('',#11902,#9568,#9569);
#7886=AXIS2_PLACEMENT_3D('',#11904,#9571,#9572);
#7887=AXIS2_PLACEMENT_3D('',#11905,#9573,#9574);
#7888=AXIS2_PLACEMENT_3D('',#11907,#9575,#9576);
#7889=AXIS2_PLACEMENT_3D('',#11910,#9578,#9579);
#7890=AXIS2_PLACEMENT_3D('',#11911,#9580,#9581);
#7891=AXIS2_PLACEMENT_3D('',#11913,#9582,#9583);
#7892=AXIS2_PLACEMENT_3D('',#11914,#9584,#9585);
#7893=AXIS2_PLACEMENT_3D('',#11916,#9586,#9587);
#7894=AXIS2_PLACEMENT_3D('',#11918,#9589,#9590);
#7895=AXIS2_PLACEMENT_3D('',#11920,#9591,#9592);
#7896=AXIS2_PLACEMENT_3D('',#11922,#9594,#9595);
#7897=AXIS2_PLACEMENT_3D('',#11923,#9596,#9597);
#7898=AXIS2_PLACEMENT_3D('',#11925,#9598,#9599);
#7899=AXIS2_PLACEMENT_3D('',#11928,#9601,#9602);
#7900=AXIS2_PLACEMENT_3D('',#11929,#9603,#9604);
#7901=AXIS2_PLACEMENT_3D('',#11931,#9605,#9606);
#7902=AXIS2_PLACEMENT_3D('',#11932,#9607,#9608);
#7903=AXIS2_PLACEMENT_3D('',#11934,#9609,#9610);
#7904=AXIS2_PLACEMENT_3D('',#11936,#9612,#9613);
#7905=AXIS2_PLACEMENT_3D('',#11938,#9614,#9615);
#7906=AXIS2_PLACEMENT_3D('',#11940,#9617,#9618);
#7907=AXIS2_PLACEMENT_3D('',#11941,#9619,#9620);
#7908=AXIS2_PLACEMENT_3D('',#11943,#9621,#9622);
#7909=AXIS2_PLACEMENT_3D('',#11946,#9624,#9625);
#7910=AXIS2_PLACEMENT_3D('',#11947,#9626,#9627);
#7911=AXIS2_PLACEMENT_3D('',#11949,#9628,#9629);
#7912=AXIS2_PLACEMENT_3D('',#11950,#9630,#9631);
#7913=AXIS2_PLACEMENT_3D('',#11952,#9632,#9633);
#7914=AXIS2_PLACEMENT_3D('',#11954,#9635,#9636);
#7915=AXIS2_PLACEMENT_3D('',#11956,#9637,#9638);
#7916=AXIS2_PLACEMENT_3D('',#11958,#9640,#9641);
#7917=AXIS2_PLACEMENT_3D('',#11959,#9642,#9643);
#7918=AXIS2_PLACEMENT_3D('',#11961,#9644,#9645);
#7919=AXIS2_PLACEMENT_3D('',#11964,#9647,#9648);
#7920=AXIS2_PLACEMENT_3D('',#11965,#9649,#9650);
#7921=AXIS2_PLACEMENT_3D('',#11967,#9651,#9652);
#7922=AXIS2_PLACEMENT_3D('',#11968,#9653,#9654);
#7923=AXIS2_PLACEMENT_3D('',#11970,#9655,#9656);
#7924=AXIS2_PLACEMENT_3D('',#11972,#9658,#9659);
#7925=AXIS2_PLACEMENT_3D('',#11974,#9660,#9661);
#7926=AXIS2_PLACEMENT_3D('',#11976,#9663,#9664);
#7927=AXIS2_PLACEMENT_3D('',#11977,#9665,#9666);
#7928=AXIS2_PLACEMENT_3D('',#11979,#9667,#9668);
#7929=AXIS2_PLACEMENT_3D('',#11982,#9670,#9671);
#7930=AXIS2_PLACEMENT_3D('',#11983,#9672,#9673);
#7931=AXIS2_PLACEMENT_3D('',#11985,#9674,#9675);
#7932=AXIS2_PLACEMENT_3D('',#11986,#9676,#9677);
#7933=AXIS2_PLACEMENT_3D('',#11988,#9678,#9679);
#7934=AXIS2_PLACEMENT_3D('',#11990,#9681,#9682);
#7935=AXIS2_PLACEMENT_3D('',#11992,#9683,#9684);
#7936=AXIS2_PLACEMENT_3D('',#11994,#9686,#9687);
#7937=AXIS2_PLACEMENT_3D('',#11995,#9688,#9689);
#7938=AXIS2_PLACEMENT_3D('',#11997,#9690,#9691);
#7939=AXIS2_PLACEMENT_3D('',#12000,#9693,#9694);
#7940=AXIS2_PLACEMENT_3D('',#12001,#9695,#9696);
#7941=AXIS2_PLACEMENT_3D('',#12003,#9697,#9698);
#7942=AXIS2_PLACEMENT_3D('',#12004,#9699,#9700);
#7943=AXIS2_PLACEMENT_3D('',#12006,#9701,#9702);
#7944=AXIS2_PLACEMENT_3D('',#12008,#9704,#9705);
#7945=AXIS2_PLACEMENT_3D('',#12010,#9706,#9707);
#7946=AXIS2_PLACEMENT_3D('',#12012,#9709,#9710);
#7947=AXIS2_PLACEMENT_3D('',#12013,#9711,#9712);
#7948=AXIS2_PLACEMENT_3D('',#12015,#9713,#9714);
#7949=AXIS2_PLACEMENT_3D('',#12018,#9716,#9717);
#7950=AXIS2_PLACEMENT_3D('',#12019,#9718,#9719);
#7951=AXIS2_PLACEMENT_3D('',#12021,#9720,#9721);
#7952=AXIS2_PLACEMENT_3D('',#12022,#9722,#9723);
#7953=AXIS2_PLACEMENT_3D('',#12024,#9724,#9725);
#7954=AXIS2_PLACEMENT_3D('',#12026,#9727,#9728);
#7955=AXIS2_PLACEMENT_3D('',#12028,#9729,#9730);
#7956=AXIS2_PLACEMENT_3D('',#12030,#9732,#9733);
#7957=AXIS2_PLACEMENT_3D('',#12031,#9734,#9735);
#7958=AXIS2_PLACEMENT_3D('',#12033,#9736,#9737);
#7959=AXIS2_PLACEMENT_3D('',#12036,#9739,#9740);
#7960=AXIS2_PLACEMENT_3D('',#12037,#9741,#9742);
#7961=AXIS2_PLACEMENT_3D('',#12039,#9743,#9744);
#7962=AXIS2_PLACEMENT_3D('',#12040,#9745,#9746);
#7963=AXIS2_PLACEMENT_3D('',#12042,#9747,#9748);
#7964=AXIS2_PLACEMENT_3D('',#12044,#9750,#9751);
#7965=AXIS2_PLACEMENT_3D('',#12046,#9752,#9753);
#7966=AXIS2_PLACEMENT_3D('',#12048,#9755,#9756);
#7967=AXIS2_PLACEMENT_3D('',#12049,#9757,#9758);
#7968=AXIS2_PLACEMENT_3D('',#12051,#9759,#9760);
#7969=AXIS2_PLACEMENT_3D('',#12054,#9762,#9763);
#7970=AXIS2_PLACEMENT_3D('',#12055,#9764,#9765);
#7971=AXIS2_PLACEMENT_3D('',#12057,#9766,#9767);
#7972=AXIS2_PLACEMENT_3D('',#12058,#9768,#9769);
#7973=AXIS2_PLACEMENT_3D('',#12060,#9770,#9771);
#7974=AXIS2_PLACEMENT_3D('',#12062,#9773,#9774);
#7975=AXIS2_PLACEMENT_3D('',#12064,#9775,#9776);
#7976=AXIS2_PLACEMENT_3D('',#12066,#9778,#9779);
#7977=AXIS2_PLACEMENT_3D('',#12067,#9780,#9781);
#7978=AXIS2_PLACEMENT_3D('',#12069,#9782,#9783);
#7979=AXIS2_PLACEMENT_3D('',#12072,#9785,#9786);
#7980=AXIS2_PLACEMENT_3D('',#12073,#9787,#9788);
#7981=AXIS2_PLACEMENT_3D('',#12075,#9789,#9790);
#7982=AXIS2_PLACEMENT_3D('',#12076,#9791,#9792);
#7983=AXIS2_PLACEMENT_3D('',#12078,#9793,#9794);
#7984=AXIS2_PLACEMENT_3D('',#12080,#9796,#9797);
#7985=AXIS2_PLACEMENT_3D('',#12082,#9798,#9799);
#7986=AXIS2_PLACEMENT_3D('',#12084,#9801,#9802);
#7987=AXIS2_PLACEMENT_3D('',#12085,#9803,#9804);
#7988=AXIS2_PLACEMENT_3D('',#12087,#9805,#9806);
#7989=AXIS2_PLACEMENT_3D('',#12090,#9808,#9809);
#7990=AXIS2_PLACEMENT_3D('',#12091,#9810,#9811);
#7991=AXIS2_PLACEMENT_3D('',#12093,#9812,#9813);
#7992=AXIS2_PLACEMENT_3D('',#12094,#9814,#9815);
#7993=AXIS2_PLACEMENT_3D('',#12096,#9816,#9817);
#7994=AXIS2_PLACEMENT_3D('',#12098,#9819,#9820);
#7995=AXIS2_PLACEMENT_3D('',#12100,#9821,#9822);
#7996=AXIS2_PLACEMENT_3D('',#12102,#9824,#9825);
#7997=AXIS2_PLACEMENT_3D('',#12103,#9826,#9827);
#7998=AXIS2_PLACEMENT_3D('',#12105,#9828,#9829);
#7999=AXIS2_PLACEMENT_3D('',#12108,#9831,#9832);
#8000=AXIS2_PLACEMENT_3D('',#12109,#9833,#9834);
#8001=AXIS2_PLACEMENT_3D('',#12111,#9835,#9836);
#8002=AXIS2_PLACEMENT_3D('',#12112,#9837,#9838);
#8003=AXIS2_PLACEMENT_3D('',#12114,#9839,#9840);
#8004=AXIS2_PLACEMENT_3D('',#12116,#9842,#9843);
#8005=AXIS2_PLACEMENT_3D('',#12118,#9844,#9845);
#8006=AXIS2_PLACEMENT_3D('',#12120,#9847,#9848);
#8007=AXIS2_PLACEMENT_3D('',#12121,#9849,#9850);
#8008=AXIS2_PLACEMENT_3D('',#12123,#9851,#9852);
#8009=AXIS2_PLACEMENT_3D('',#12126,#9854,#9855);
#8010=AXIS2_PLACEMENT_3D('',#12127,#9856,#9857);
#8011=AXIS2_PLACEMENT_3D('',#12129,#9858,#9859);
#8012=AXIS2_PLACEMENT_3D('',#12130,#9860,#9861);
#8013=AXIS2_PLACEMENT_3D('',#12132,#9862,#9863);
#8014=AXIS2_PLACEMENT_3D('',#12134,#9865,#9866);
#8015=AXIS2_PLACEMENT_3D('',#12136,#9867,#9868);
#8016=AXIS2_PLACEMENT_3D('',#12138,#9870,#9871);
#8017=AXIS2_PLACEMENT_3D('',#12139,#9872,#9873);
#8018=AXIS2_PLACEMENT_3D('',#12141,#9874,#9875);
#8019=AXIS2_PLACEMENT_3D('',#12144,#9877,#9878);
#8020=AXIS2_PLACEMENT_3D('',#12145,#9879,#9880);
#8021=AXIS2_PLACEMENT_3D('',#12147,#9881,#9882);
#8022=AXIS2_PLACEMENT_3D('',#12148,#9883,#9884);
#8023=AXIS2_PLACEMENT_3D('',#12150,#9885,#9886);
#8024=AXIS2_PLACEMENT_3D('',#12152,#9888,#9889);
#8025=AXIS2_PLACEMENT_3D('',#12154,#9890,#9891);
#8026=AXIS2_PLACEMENT_3D('',#12156,#9893,#9894);
#8027=AXIS2_PLACEMENT_3D('',#12157,#9895,#9896);
#8028=AXIS2_PLACEMENT_3D('',#12159,#9897,#9898);
#8029=AXIS2_PLACEMENT_3D('',#12162,#9900,#9901);
#8030=AXIS2_PLACEMENT_3D('',#12163,#9902,#9903);
#8031=AXIS2_PLACEMENT_3D('',#12165,#9904,#9905);
#8032=AXIS2_PLACEMENT_3D('',#12166,#9906,#9907);
#8033=AXIS2_PLACEMENT_3D('',#12168,#9908,#9909);
#8034=AXIS2_PLACEMENT_3D('',#12170,#9911,#9912);
#8035=AXIS2_PLACEMENT_3D('',#12172,#9913,#9914);
#8036=AXIS2_PLACEMENT_3D('',#12174,#9916,#9917);
#8037=AXIS2_PLACEMENT_3D('',#12175,#9918,#9919);
#8038=AXIS2_PLACEMENT_3D('',#12177,#9920,#9921);
#8039=AXIS2_PLACEMENT_3D('',#12180,#9923,#9924);
#8040=AXIS2_PLACEMENT_3D('',#12181,#9925,#9926);
#8041=AXIS2_PLACEMENT_3D('',#12183,#9927,#9928);
#8042=AXIS2_PLACEMENT_3D('',#12184,#9929,#9930);
#8043=AXIS2_PLACEMENT_3D('',#12186,#9931,#9932);
#8044=AXIS2_PLACEMENT_3D('',#12188,#9934,#9935);
#8045=AXIS2_PLACEMENT_3D('',#12190,#9936,#9937);
#8046=AXIS2_PLACEMENT_3D('',#12192,#9939,#9940);
#8047=AXIS2_PLACEMENT_3D('',#12193,#9941,#9942);
#8048=AXIS2_PLACEMENT_3D('',#12195,#9943,#9944);
#8049=AXIS2_PLACEMENT_3D('',#12198,#9946,#9947);
#8050=AXIS2_PLACEMENT_3D('',#12199,#9948,#9949);
#8051=AXIS2_PLACEMENT_3D('',#12201,#9950,#9951);
#8052=AXIS2_PLACEMENT_3D('',#12202,#9952,#9953);
#8053=AXIS2_PLACEMENT_3D('',#12204,#9954,#9955);
#8054=AXIS2_PLACEMENT_3D('',#12206,#9957,#9958);
#8055=AXIS2_PLACEMENT_3D('',#12208,#9959,#9960);
#8056=AXIS2_PLACEMENT_3D('',#12210,#9962,#9963);
#8057=AXIS2_PLACEMENT_3D('',#12211,#9964,#9965);
#8058=AXIS2_PLACEMENT_3D('',#12213,#9966,#9967);
#8059=AXIS2_PLACEMENT_3D('',#12216,#9969,#9970);
#8060=AXIS2_PLACEMENT_3D('',#12217,#9971,#9972);
#8061=AXIS2_PLACEMENT_3D('',#12219,#9973,#9974);
#8062=AXIS2_PLACEMENT_3D('',#12220,#9975,#9976);
#8063=AXIS2_PLACEMENT_3D('',#12222,#9977,#9978);
#8064=AXIS2_PLACEMENT_3D('',#12224,#9980,#9981);
#8065=AXIS2_PLACEMENT_3D('',#12226,#9982,#9983);
#8066=AXIS2_PLACEMENT_3D('',#12228,#9985,#9986);
#8067=AXIS2_PLACEMENT_3D('',#12229,#9987,#9988);
#8068=AXIS2_PLACEMENT_3D('',#12231,#9989,#9990);
#8069=AXIS2_PLACEMENT_3D('',#12234,#9992,#9993);
#8070=AXIS2_PLACEMENT_3D('',#12235,#9994,#9995);
#8071=AXIS2_PLACEMENT_3D('',#12237,#9996,#9997);
#8072=AXIS2_PLACEMENT_3D('',#12238,#9998,#9999);
#8073=AXIS2_PLACEMENT_3D('',#12240,#10000,#10001);
#8074=AXIS2_PLACEMENT_3D('',#12242,#10003,#10004);
#8075=AXIS2_PLACEMENT_3D('',#12244,#10005,#10006);
#8076=AXIS2_PLACEMENT_3D('',#12246,#10008,#10009);
#8077=AXIS2_PLACEMENT_3D('',#12247,#10010,#10011);
#8078=AXIS2_PLACEMENT_3D('',#12249,#10012,#10013);
#8079=AXIS2_PLACEMENT_3D('',#12252,#10015,#10016);
#8080=AXIS2_PLACEMENT_3D('',#12253,#10017,#10018);
#8081=AXIS2_PLACEMENT_3D('',#12255,#10019,#10020);
#8082=AXIS2_PLACEMENT_3D('',#12256,#10021,#10022);
#8083=AXIS2_PLACEMENT_3D('',#12258,#10023,#10024);
#8084=AXIS2_PLACEMENT_3D('',#12260,#10026,#10027);
#8085=AXIS2_PLACEMENT_3D('',#12262,#10028,#10029);
#8086=AXIS2_PLACEMENT_3D('',#12264,#10031,#10032);
#8087=AXIS2_PLACEMENT_3D('',#12265,#10033,#10034);
#8088=AXIS2_PLACEMENT_3D('',#12267,#10035,#10036);
#8089=AXIS2_PLACEMENT_3D('',#12270,#10038,#10039);
#8090=AXIS2_PLACEMENT_3D('',#12271,#10040,#10041);
#8091=AXIS2_PLACEMENT_3D('',#12273,#10042,#10043);
#8092=AXIS2_PLACEMENT_3D('',#12274,#10044,#10045);
#8093=AXIS2_PLACEMENT_3D('',#12276,#10046,#10047);
#8094=AXIS2_PLACEMENT_3D('',#12278,#10049,#10050);
#8095=AXIS2_PLACEMENT_3D('',#12280,#10051,#10052);
#8096=AXIS2_PLACEMENT_3D('',#12282,#10054,#10055);
#8097=AXIS2_PLACEMENT_3D('',#12283,#10056,#10057);
#8098=AXIS2_PLACEMENT_3D('',#12285,#10058,#10059);
#8099=AXIS2_PLACEMENT_3D('',#12288,#10061,#10062);
#8100=AXIS2_PLACEMENT_3D('',#12289,#10063,#10064);
#8101=AXIS2_PLACEMENT_3D('',#12291,#10065,#10066);
#8102=AXIS2_PLACEMENT_3D('',#12292,#10067,#10068);
#8103=AXIS2_PLACEMENT_3D('',#12294,#10069,#10070);
#8104=AXIS2_PLACEMENT_3D('',#12296,#10072,#10073);
#8105=AXIS2_PLACEMENT_3D('',#12298,#10074,#10075);
#8106=AXIS2_PLACEMENT_3D('',#12300,#10077,#10078);
#8107=AXIS2_PLACEMENT_3D('',#12301,#10079,#10080);
#8108=AXIS2_PLACEMENT_3D('',#12303,#10081,#10082);
#8109=AXIS2_PLACEMENT_3D('',#12306,#10084,#10085);
#8110=AXIS2_PLACEMENT_3D('',#12307,#10086,#10087);
#8111=AXIS2_PLACEMENT_3D('',#12309,#10088,#10089);
#8112=AXIS2_PLACEMENT_3D('',#12310,#10090,#10091);
#8113=AXIS2_PLACEMENT_3D('',#12312,#10092,#10093);
#8114=AXIS2_PLACEMENT_3D('',#12314,#10095,#10096);
#8115=AXIS2_PLACEMENT_3D('',#12316,#10097,#10098);
#8116=AXIS2_PLACEMENT_3D('',#12318,#10100,#10101);
#8117=AXIS2_PLACEMENT_3D('',#12319,#10102,#10103);
#8118=AXIS2_PLACEMENT_3D('',#12321,#10104,#10105);
#8119=AXIS2_PLACEMENT_3D('',#12324,#10107,#10108);
#8120=AXIS2_PLACEMENT_3D('',#12325,#10109,#10110);
#8121=AXIS2_PLACEMENT_3D('',#12327,#10111,#10112);
#8122=AXIS2_PLACEMENT_3D('',#12328,#10113,#10114);
#8123=AXIS2_PLACEMENT_3D('',#12330,#10115,#10116);
#8124=AXIS2_PLACEMENT_3D('',#12332,#10118,#10119);
#8125=AXIS2_PLACEMENT_3D('',#12334,#10120,#10121);
#8126=AXIS2_PLACEMENT_3D('',#12336,#10123,#10124);
#8127=AXIS2_PLACEMENT_3D('',#12337,#10125,#10126);
#8128=AXIS2_PLACEMENT_3D('',#12339,#10127,#10128);
#8129=AXIS2_PLACEMENT_3D('',#12342,#10130,#10131);
#8130=AXIS2_PLACEMENT_3D('',#12343,#10132,#10133);
#8131=AXIS2_PLACEMENT_3D('',#12345,#10134,#10135);
#8132=AXIS2_PLACEMENT_3D('',#12346,#10136,#10137);
#8133=AXIS2_PLACEMENT_3D('',#12348,#10138,#10139);
#8134=AXIS2_PLACEMENT_3D('',#12350,#10141,#10142);
#8135=AXIS2_PLACEMENT_3D('',#12352,#10143,#10144);
#8136=AXIS2_PLACEMENT_3D('',#12354,#10146,#10147);
#8137=AXIS2_PLACEMENT_3D('',#12355,#10148,#10149);
#8138=AXIS2_PLACEMENT_3D('',#12357,#10150,#10151);
#8139=AXIS2_PLACEMENT_3D('',#12360,#10153,#10154);
#8140=AXIS2_PLACEMENT_3D('',#12361,#10155,#10156);
#8141=AXIS2_PLACEMENT_3D('',#12363,#10157,#10158);
#8142=AXIS2_PLACEMENT_3D('',#12364,#10159,#10160);
#8143=AXIS2_PLACEMENT_3D('',#12366,#10161,#10162);
#8144=AXIS2_PLACEMENT_3D('',#12368,#10164,#10165);
#8145=AXIS2_PLACEMENT_3D('',#12370,#10166,#10167);
#8146=AXIS2_PLACEMENT_3D('',#12372,#10169,#10170);
#8147=AXIS2_PLACEMENT_3D('',#12373,#10171,#10172);
#8148=AXIS2_PLACEMENT_3D('',#12375,#10173,#10174);
#8149=AXIS2_PLACEMENT_3D('',#12378,#10176,#10177);
#8150=AXIS2_PLACEMENT_3D('',#12379,#10178,#10179);
#8151=AXIS2_PLACEMENT_3D('',#12381,#10180,#10181);
#8152=AXIS2_PLACEMENT_3D('',#12382,#10182,#10183);
#8153=AXIS2_PLACEMENT_3D('',#12384,#10184,#10185);
#8154=AXIS2_PLACEMENT_3D('',#12386,#10187,#10188);
#8155=AXIS2_PLACEMENT_3D('',#12388,#10189,#10190);
#8156=AXIS2_PLACEMENT_3D('',#12390,#10192,#10193);
#8157=AXIS2_PLACEMENT_3D('',#12391,#10194,#10195);
#8158=AXIS2_PLACEMENT_3D('',#12393,#10196,#10197);
#8159=AXIS2_PLACEMENT_3D('',#12396,#10199,#10200);
#8160=AXIS2_PLACEMENT_3D('',#12397,#10201,#10202);
#8161=AXIS2_PLACEMENT_3D('',#12399,#10203,#10204);
#8162=AXIS2_PLACEMENT_3D('',#12400,#10205,#10206);
#8163=AXIS2_PLACEMENT_3D('',#12402,#10207,#10208);
#8164=AXIS2_PLACEMENT_3D('',#12404,#10210,#10211);
#8165=AXIS2_PLACEMENT_3D('',#12406,#10212,#10213);
#8166=AXIS2_PLACEMENT_3D('',#12408,#10215,#10216);
#8167=AXIS2_PLACEMENT_3D('',#12409,#10217,#10218);
#8168=AXIS2_PLACEMENT_3D('',#12411,#10219,#10220);
#8169=AXIS2_PLACEMENT_3D('',#12414,#10222,#10223);
#8170=AXIS2_PLACEMENT_3D('',#12415,#10224,#10225);
#8171=AXIS2_PLACEMENT_3D('',#12417,#10226,#10227);
#8172=AXIS2_PLACEMENT_3D('',#12418,#10228,#10229);
#8173=AXIS2_PLACEMENT_3D('',#12420,#10230,#10231);
#8174=AXIS2_PLACEMENT_3D('',#12422,#10233,#10234);
#8175=AXIS2_PLACEMENT_3D('',#12424,#10235,#10236);
#8176=AXIS2_PLACEMENT_3D('',#12426,#10238,#10239);
#8177=AXIS2_PLACEMENT_3D('',#12427,#10240,#10241);
#8178=AXIS2_PLACEMENT_3D('',#12429,#10242,#10243);
#8179=AXIS2_PLACEMENT_3D('',#12432,#10245,#10246);
#8180=AXIS2_PLACEMENT_3D('',#12433,#10247,#10248);
#8181=AXIS2_PLACEMENT_3D('',#12435,#10249,#10250);
#8182=AXIS2_PLACEMENT_3D('',#12436,#10251,#10252);
#8183=AXIS2_PLACEMENT_3D('',#12438,#10253,#10254);
#8184=AXIS2_PLACEMENT_3D('',#12440,#10256,#10257);
#8185=AXIS2_PLACEMENT_3D('',#12442,#10258,#10259);
#8186=AXIS2_PLACEMENT_3D('',#12444,#10261,#10262);
#8187=AXIS2_PLACEMENT_3D('',#12445,#10263,#10264);
#8188=AXIS2_PLACEMENT_3D('',#12447,#10265,#10266);
#8189=AXIS2_PLACEMENT_3D('',#12450,#10268,#10269);
#8190=AXIS2_PLACEMENT_3D('',#12451,#10270,#10271);
#8191=AXIS2_PLACEMENT_3D('',#12453,#10272,#10273);
#8192=AXIS2_PLACEMENT_3D('',#12454,#10274,#10275);
#8193=AXIS2_PLACEMENT_3D('',#12456,#10276,#10277);
#8194=AXIS2_PLACEMENT_3D('',#12458,#10279,#10280);
#8195=AXIS2_PLACEMENT_3D('',#12460,#10281,#10282);
#8196=AXIS2_PLACEMENT_3D('',#12462,#10284,#10285);
#8197=AXIS2_PLACEMENT_3D('',#12463,#10286,#10287);
#8198=AXIS2_PLACEMENT_3D('',#12465,#10288,#10289);
#8199=AXIS2_PLACEMENT_3D('',#12468,#10291,#10292);
#8200=AXIS2_PLACEMENT_3D('',#12469,#10293,#10294);
#8201=AXIS2_PLACEMENT_3D('',#12471,#10295,#10296);
#8202=AXIS2_PLACEMENT_3D('',#12472,#10297,#10298);
#8203=AXIS2_PLACEMENT_3D('',#12474,#10299,#10300);
#8204=AXIS2_PLACEMENT_3D('',#12476,#10302,#10303);
#8205=AXIS2_PLACEMENT_3D('',#12478,#10304,#10305);
#8206=AXIS2_PLACEMENT_3D('',#12480,#10307,#10308);
#8207=AXIS2_PLACEMENT_3D('',#12481,#10309,#10310);
#8208=AXIS2_PLACEMENT_3D('',#12483,#10311,#10312);
#8209=AXIS2_PLACEMENT_3D('',#12486,#10314,#10315);
#8210=AXIS2_PLACEMENT_3D('',#12487,#10316,#10317);
#8211=AXIS2_PLACEMENT_3D('',#12489,#10318,#10319);
#8212=AXIS2_PLACEMENT_3D('',#12490,#10320,#10321);
#8213=AXIS2_PLACEMENT_3D('',#12492,#10322,#10323);
#8214=AXIS2_PLACEMENT_3D('',#12494,#10325,#10326);
#8215=AXIS2_PLACEMENT_3D('',#12496,#10327,#10328);
#8216=AXIS2_PLACEMENT_3D('',#12498,#10330,#10331);
#8217=AXIS2_PLACEMENT_3D('',#12499,#10332,#10333);
#8218=AXIS2_PLACEMENT_3D('',#12501,#10334,#10335);
#8219=AXIS2_PLACEMENT_3D('',#12504,#10337,#10338);
#8220=AXIS2_PLACEMENT_3D('',#12505,#10339,#10340);
#8221=AXIS2_PLACEMENT_3D('',#12507,#10341,#10342);
#8222=AXIS2_PLACEMENT_3D('',#12508,#10343,#10344);
#8223=AXIS2_PLACEMENT_3D('',#12510,#10345,#10346);
#8224=AXIS2_PLACEMENT_3D('',#12512,#10348,#10349);
#8225=AXIS2_PLACEMENT_3D('',#12514,#10350,#10351);
#8226=AXIS2_PLACEMENT_3D('',#12516,#10353,#10354);
#8227=AXIS2_PLACEMENT_3D('',#12517,#10355,#10356);
#8228=AXIS2_PLACEMENT_3D('',#12519,#10357,#10358);
#8229=AXIS2_PLACEMENT_3D('',#12522,#10360,#10361);
#8230=AXIS2_PLACEMENT_3D('',#12523,#10362,#10363);
#8231=AXIS2_PLACEMENT_3D('',#12525,#10364,#10365);
#8232=AXIS2_PLACEMENT_3D('',#12526,#10366,#10367);
#8233=AXIS2_PLACEMENT_3D('',#12528,#10368,#10369);
#8234=AXIS2_PLACEMENT_3D('',#12530,#10371,#10372);
#8235=AXIS2_PLACEMENT_3D('',#12532,#10373,#10374);
#8236=AXIS2_PLACEMENT_3D('',#12534,#10376,#10377);
#8237=AXIS2_PLACEMENT_3D('',#12535,#10378,#10379);
#8238=AXIS2_PLACEMENT_3D('',#12537,#10380,#10381);
#8239=AXIS2_PLACEMENT_3D('',#12540,#10383,#10384);
#8240=AXIS2_PLACEMENT_3D('',#12541,#10385,#10386);
#8241=AXIS2_PLACEMENT_3D('',#12543,#10387,#10388);
#8242=AXIS2_PLACEMENT_3D('',#12544,#10389,#10390);
#8243=AXIS2_PLACEMENT_3D('',#12546,#10391,#10392);
#8244=AXIS2_PLACEMENT_3D('',#12548,#10394,#10395);
#8245=AXIS2_PLACEMENT_3D('',#12550,#10396,#10397);
#8246=AXIS2_PLACEMENT_3D('',#12552,#10399,#10400);
#8247=AXIS2_PLACEMENT_3D('',#12553,#10401,#10402);
#8248=AXIS2_PLACEMENT_3D('',#12555,#10403,#10404);
#8249=AXIS2_PLACEMENT_3D('',#12558,#10406,#10407);
#8250=AXIS2_PLACEMENT_3D('',#12559,#10408,#10409);
#8251=AXIS2_PLACEMENT_3D('',#12561,#10410,#10411);
#8252=AXIS2_PLACEMENT_3D('',#12562,#10412,#10413);
#8253=AXIS2_PLACEMENT_3D('',#12564,#10414,#10415);
#8254=AXIS2_PLACEMENT_3D('',#12566,#10417,#10418);
#8255=AXIS2_PLACEMENT_3D('',#12568,#10419,#10420);
#8256=AXIS2_PLACEMENT_3D('',#12570,#10422,#10423);
#8257=AXIS2_PLACEMENT_3D('',#12571,#10424,#10425);
#8258=AXIS2_PLACEMENT_3D('',#12573,#10426,#10427);
#8259=AXIS2_PLACEMENT_3D('',#12576,#10429,#10430);
#8260=AXIS2_PLACEMENT_3D('',#12577,#10431,#10432);
#8261=AXIS2_PLACEMENT_3D('',#12579,#10433,#10434);
#8262=AXIS2_PLACEMENT_3D('',#12580,#10435,#10436);
#8263=AXIS2_PLACEMENT_3D('',#12582,#10437,#10438);
#8264=AXIS2_PLACEMENT_3D('',#12584,#10440,#10441);
#8265=AXIS2_PLACEMENT_3D('',#12586,#10442,#10443);
#8266=AXIS2_PLACEMENT_3D('',#12588,#10445,#10446);
#8267=AXIS2_PLACEMENT_3D('',#12589,#10447,#10448);
#8268=AXIS2_PLACEMENT_3D('',#12591,#10449,#10450);
#8269=AXIS2_PLACEMENT_3D('',#12594,#10452,#10453);
#8270=AXIS2_PLACEMENT_3D('',#12595,#10454,#10455);
#8271=AXIS2_PLACEMENT_3D('',#12597,#10456,#10457);
#8272=AXIS2_PLACEMENT_3D('',#12598,#10458,#10459);
#8273=AXIS2_PLACEMENT_3D('',#12600,#10460,#10461);
#8274=AXIS2_PLACEMENT_3D('',#12602,#10463,#10464);
#8275=AXIS2_PLACEMENT_3D('',#12604,#10465,#10466);
#8276=AXIS2_PLACEMENT_3D('',#12606,#10468,#10469);
#8277=AXIS2_PLACEMENT_3D('',#12607,#10470,#10471);
#8278=AXIS2_PLACEMENT_3D('',#12609,#10472,#10473);
#8279=AXIS2_PLACEMENT_3D('',#12612,#10475,#10476);
#8280=AXIS2_PLACEMENT_3D('',#12613,#10477,#10478);
#8281=AXIS2_PLACEMENT_3D('',#12615,#10479,#10480);
#8282=AXIS2_PLACEMENT_3D('',#12616,#10481,#10482);
#8283=AXIS2_PLACEMENT_3D('',#12618,#10483,#10484);
#8284=AXIS2_PLACEMENT_3D('',#12620,#10486,#10487);
#8285=AXIS2_PLACEMENT_3D('',#12622,#10488,#10489);
#8286=AXIS2_PLACEMENT_3D('',#12624,#10491,#10492);
#8287=AXIS2_PLACEMENT_3D('',#12625,#10493,#10494);
#8288=AXIS2_PLACEMENT_3D('',#12627,#10495,#10496);
#8289=AXIS2_PLACEMENT_3D('',#12630,#10498,#10499);
#8290=AXIS2_PLACEMENT_3D('',#12631,#10500,#10501);
#8291=AXIS2_PLACEMENT_3D('',#12633,#10502,#10503);
#8292=AXIS2_PLACEMENT_3D('',#12634,#10504,#10505);
#8293=AXIS2_PLACEMENT_3D('',#12636,#10506,#10507);
#8294=AXIS2_PLACEMENT_3D('',#12638,#10509,#10510);
#8295=AXIS2_PLACEMENT_3D('',#12640,#10511,#10512);
#8296=AXIS2_PLACEMENT_3D('',#12642,#10514,#10515);
#8297=AXIS2_PLACEMENT_3D('',#12643,#10516,#10517);
#8298=AXIS2_PLACEMENT_3D('',#12645,#10518,#10519);
#8299=AXIS2_PLACEMENT_3D('',#12648,#10521,#10522);
#8300=AXIS2_PLACEMENT_3D('',#12649,#10523,#10524);
#8301=AXIS2_PLACEMENT_3D('',#12651,#10525,#10526);
#8302=AXIS2_PLACEMENT_3D('',#12652,#10527,#10528);
#8303=AXIS2_PLACEMENT_3D('',#12654,#10529,#10530);
#8304=AXIS2_PLACEMENT_3D('',#12656,#10532,#10533);
#8305=AXIS2_PLACEMENT_3D('',#12658,#10534,#10535);
#8306=AXIS2_PLACEMENT_3D('',#12660,#10537,#10538);
#8307=AXIS2_PLACEMENT_3D('',#12661,#10539,#10540);
#8308=AXIS2_PLACEMENT_3D('',#12663,#10541,#10542);
#8309=AXIS2_PLACEMENT_3D('',#12666,#10544,#10545);
#8310=AXIS2_PLACEMENT_3D('',#12667,#10546,#10547);
#8311=AXIS2_PLACEMENT_3D('',#12669,#10548,#10549);
#8312=AXIS2_PLACEMENT_3D('',#12670,#10550,#10551);
#8313=AXIS2_PLACEMENT_3D('',#12672,#10552,#10553);
#8314=AXIS2_PLACEMENT_3D('',#12674,#10555,#10556);
#8315=AXIS2_PLACEMENT_3D('',#12676,#10557,#10558);
#8316=AXIS2_PLACEMENT_3D('',#12678,#10560,#10561);
#8317=AXIS2_PLACEMENT_3D('',#12679,#10562,#10563);
#8318=AXIS2_PLACEMENT_3D('',#12681,#10564,#10565);
#8319=AXIS2_PLACEMENT_3D('',#12684,#10567,#10568);
#8320=AXIS2_PLACEMENT_3D('',#12685,#10569,#10570);
#8321=AXIS2_PLACEMENT_3D('',#12687,#10571,#10572);
#8322=AXIS2_PLACEMENT_3D('',#12688,#10573,#10574);
#8323=AXIS2_PLACEMENT_3D('',#12690,#10575,#10576);
#8324=AXIS2_PLACEMENT_3D('',#12692,#10578,#10579);
#8325=AXIS2_PLACEMENT_3D('',#12694,#10580,#10581);
#8326=AXIS2_PLACEMENT_3D('',#12696,#10583,#10584);
#8327=AXIS2_PLACEMENT_3D('',#12697,#10585,#10586);
#8328=AXIS2_PLACEMENT_3D('',#12699,#10587,#10588);
#8329=AXIS2_PLACEMENT_3D('',#12702,#10590,#10591);
#8330=AXIS2_PLACEMENT_3D('',#12703,#10592,#10593);
#8331=AXIS2_PLACEMENT_3D('',#12705,#10594,#10595);
#8332=AXIS2_PLACEMENT_3D('',#12706,#10596,#10597);
#8333=AXIS2_PLACEMENT_3D('',#12708,#10598,#10599);
#8334=AXIS2_PLACEMENT_3D('',#12710,#10601,#10602);
#8335=AXIS2_PLACEMENT_3D('',#12712,#10603,#10604);
#8336=AXIS2_PLACEMENT_3D('',#12714,#10606,#10607);
#8337=AXIS2_PLACEMENT_3D('',#12715,#10608,#10609);
#8338=AXIS2_PLACEMENT_3D('',#12717,#10610,#10611);
#8339=AXIS2_PLACEMENT_3D('',#12720,#10613,#10614);
#8340=AXIS2_PLACEMENT_3D('',#12721,#10615,#10616);
#8341=AXIS2_PLACEMENT_3D('',#12723,#10617,#10618);
#8342=AXIS2_PLACEMENT_3D('',#12724,#10619,#10620);
#8343=AXIS2_PLACEMENT_3D('',#12726,#10621,#10622);
#8344=AXIS2_PLACEMENT_3D('',#12728,#10624,#10625);
#8345=AXIS2_PLACEMENT_3D('',#12730,#10626,#10627);
#8346=AXIS2_PLACEMENT_3D('',#12732,#10629,#10630);
#8347=AXIS2_PLACEMENT_3D('',#12733,#10631,#10632);
#8348=AXIS2_PLACEMENT_3D('',#12735,#10633,#10634);
#8349=AXIS2_PLACEMENT_3D('',#12738,#10636,#10637);
#8350=AXIS2_PLACEMENT_3D('',#12739,#10638,#10639);
#8351=AXIS2_PLACEMENT_3D('',#12741,#10640,#10641);
#8352=AXIS2_PLACEMENT_3D('',#12742,#10642,#10643);
#8353=AXIS2_PLACEMENT_3D('',#12744,#10644,#10645);
#8354=AXIS2_PLACEMENT_3D('',#12746,#10647,#10648);
#8355=AXIS2_PLACEMENT_3D('',#12748,#10649,#10650);
#8356=AXIS2_PLACEMENT_3D('',#12750,#10652,#10653);
#8357=AXIS2_PLACEMENT_3D('',#12751,#10654,#10655);
#8358=AXIS2_PLACEMENT_3D('',#12753,#10656,#10657);
#8359=AXIS2_PLACEMENT_3D('',#12756,#10659,#10660);
#8360=AXIS2_PLACEMENT_3D('',#12757,#10661,#10662);
#8361=AXIS2_PLACEMENT_3D('',#12759,#10663,#10664);
#8362=AXIS2_PLACEMENT_3D('',#12760,#10665,#10666);
#8363=AXIS2_PLACEMENT_3D('',#12762,#10667,#10668);
#8364=AXIS2_PLACEMENT_3D('',#12764,#10670,#10671);
#8365=AXIS2_PLACEMENT_3D('',#12766,#10672,#10673);
#8366=AXIS2_PLACEMENT_3D('',#12768,#10675,#10676);
#8367=AXIS2_PLACEMENT_3D('',#12769,#10677,#10678);
#8368=AXIS2_PLACEMENT_3D('',#12771,#10679,#10680);
#8369=AXIS2_PLACEMENT_3D('',#12774,#10682,#10683);
#8370=AXIS2_PLACEMENT_3D('',#12775,#10684,#10685);
#8371=AXIS2_PLACEMENT_3D('',#12777,#10686,#10687);
#8372=AXIS2_PLACEMENT_3D('',#12778,#10688,#10689);
#8373=AXIS2_PLACEMENT_3D('',#12780,#10690,#10691);
#8374=AXIS2_PLACEMENT_3D('',#12782,#10693,#10694);
#8375=AXIS2_PLACEMENT_3D('',#12784,#10695,#10696);
#8376=AXIS2_PLACEMENT_3D('',#12786,#10698,#10699);
#8377=AXIS2_PLACEMENT_3D('',#12787,#10700,#10701);
#8378=AXIS2_PLACEMENT_3D('',#12789,#10702,#10703);
#8379=AXIS2_PLACEMENT_3D('',#12792,#10705,#10706);
#8380=AXIS2_PLACEMENT_3D('',#12793,#10707,#10708);
#8381=AXIS2_PLACEMENT_3D('',#12795,#10709,#10710);
#8382=AXIS2_PLACEMENT_3D('',#12796,#10711,#10712);
#8383=AXIS2_PLACEMENT_3D('',#12798,#10713,#10714);
#8384=AXIS2_PLACEMENT_3D('',#12800,#10716,#10717);
#8385=AXIS2_PLACEMENT_3D('',#12802,#10718,#10719);
#8386=AXIS2_PLACEMENT_3D('',#12804,#10721,#10722);
#8387=AXIS2_PLACEMENT_3D('',#12805,#10723,#10724);
#8388=AXIS2_PLACEMENT_3D('',#12807,#10725,#10726);
#8389=AXIS2_PLACEMENT_3D('',#12810,#10728,#10729);
#8390=AXIS2_PLACEMENT_3D('',#12811,#10730,#10731);
#8391=AXIS2_PLACEMENT_3D('',#12813,#10732,#10733);
#8392=AXIS2_PLACEMENT_3D('',#12814,#10734,#10735);
#8393=AXIS2_PLACEMENT_3D('',#12816,#10736,#10737);
#8394=AXIS2_PLACEMENT_3D('',#12818,#10739,#10740);
#8395=AXIS2_PLACEMENT_3D('',#12820,#10741,#10742);
#8396=AXIS2_PLACEMENT_3D('',#12822,#10744,#10745);
#8397=AXIS2_PLACEMENT_3D('',#12823,#10746,#10747);
#8398=AXIS2_PLACEMENT_3D('',#12825,#10748,#10749);
#8399=AXIS2_PLACEMENT_3D('',#12828,#10751,#10752);
#8400=AXIS2_PLACEMENT_3D('',#12829,#10753,#10754);
#8401=AXIS2_PLACEMENT_3D('',#12831,#10755,#10756);
#8402=AXIS2_PLACEMENT_3D('',#12832,#10757,#10758);
#8403=AXIS2_PLACEMENT_3D('',#12834,#10759,#10760);
#8404=AXIS2_PLACEMENT_3D('',#12836,#10762,#10763);
#8405=AXIS2_PLACEMENT_3D('',#12838,#10764,#10765);
#8406=AXIS2_PLACEMENT_3D('',#12840,#10767,#10768);
#8407=AXIS2_PLACEMENT_3D('',#12841,#10769,#10770);
#8408=AXIS2_PLACEMENT_3D('',#12843,#10771,#10772);
#8409=AXIS2_PLACEMENT_3D('',#12846,#10774,#10775);
#8410=AXIS2_PLACEMENT_3D('',#12847,#10776,#10777);
#8411=AXIS2_PLACEMENT_3D('',#12849,#10778,#10779);
#8412=AXIS2_PLACEMENT_3D('',#12850,#10780,#10781);
#8413=AXIS2_PLACEMENT_3D('',#12852,#10782,#10783);
#8414=AXIS2_PLACEMENT_3D('',#12854,#10785,#10786);
#8415=AXIS2_PLACEMENT_3D('',#12856,#10787,#10788);
#8416=AXIS2_PLACEMENT_3D('',#12858,#10790,#10791);
#8417=AXIS2_PLACEMENT_3D('',#12859,#10792,#10793);
#8418=AXIS2_PLACEMENT_3D('',#12861,#10794,#10795);
#8419=AXIS2_PLACEMENT_3D('',#12864,#10797,#10798);
#8420=AXIS2_PLACEMENT_3D('',#12865,#10799,#10800);
#8421=AXIS2_PLACEMENT_3D('',#12867,#10801,#10802);
#8422=AXIS2_PLACEMENT_3D('',#12868,#10803,#10804);
#8423=AXIS2_PLACEMENT_3D('',#12870,#10805,#10806);
#8424=AXIS2_PLACEMENT_3D('',#12872,#10808,#10809);
#8425=AXIS2_PLACEMENT_3D('',#12874,#10810,#10811);
#8426=AXIS2_PLACEMENT_3D('',#12876,#10813,#10814);
#8427=AXIS2_PLACEMENT_3D('',#12877,#10815,#10816);
#8428=AXIS2_PLACEMENT_3D('',#12879,#10817,#10818);
#8429=AXIS2_PLACEMENT_3D('',#12882,#10820,#10821);
#8430=AXIS2_PLACEMENT_3D('',#12883,#10822,#10823);
#8431=AXIS2_PLACEMENT_3D('',#12885,#10824,#10825);
#8432=AXIS2_PLACEMENT_3D('',#12886,#10826,#10827);
#8433=AXIS2_PLACEMENT_3D('',#12888,#10828,#10829);
#8434=AXIS2_PLACEMENT_3D('',#12890,#10831,#10832);
#8435=AXIS2_PLACEMENT_3D('',#12892,#10833,#10834);
#8436=AXIS2_PLACEMENT_3D('',#12894,#10836,#10837);
#8437=AXIS2_PLACEMENT_3D('',#12895,#10838,#10839);
#8438=AXIS2_PLACEMENT_3D('',#12897,#10840,#10841);
#8439=AXIS2_PLACEMENT_3D('',#12900,#10843,#10844);
#8440=AXIS2_PLACEMENT_3D('',#12901,#10845,#10846);
#8441=AXIS2_PLACEMENT_3D('',#12903,#10847,#10848);
#8442=AXIS2_PLACEMENT_3D('',#12904,#10849,#10850);
#8443=AXIS2_PLACEMENT_3D('',#12906,#10851,#10852);
#8444=AXIS2_PLACEMENT_3D('',#12908,#10854,#10855);
#8445=AXIS2_PLACEMENT_3D('',#12910,#10856,#10857);
#8446=AXIS2_PLACEMENT_3D('',#12912,#10859,#10860);
#8447=AXIS2_PLACEMENT_3D('',#12913,#10861,#10862);
#8448=AXIS2_PLACEMENT_3D('',#12915,#10863,#10864);
#8449=AXIS2_PLACEMENT_3D('',#12918,#10866,#10867);
#8450=AXIS2_PLACEMENT_3D('',#12919,#10868,#10869);
#8451=AXIS2_PLACEMENT_3D('',#12921,#10870,#10871);
#8452=AXIS2_PLACEMENT_3D('',#12922,#10872,#10873);
#8453=AXIS2_PLACEMENT_3D('',#12924,#10874,#10875);
#8454=AXIS2_PLACEMENT_3D('',#12926,#10877,#10878);
#8455=AXIS2_PLACEMENT_3D('',#12928,#10879,#10880);
#8456=AXIS2_PLACEMENT_3D('',#12930,#10882,#10883);
#8457=AXIS2_PLACEMENT_3D('',#12931,#10884,#10885);
#8458=AXIS2_PLACEMENT_3D('',#12933,#10886,#10887);
#8459=AXIS2_PLACEMENT_3D('',#12936,#10889,#10890);
#8460=AXIS2_PLACEMENT_3D('',#12937,#10891,#10892);
#8461=AXIS2_PLACEMENT_3D('',#12939,#10893,#10894);
#8462=AXIS2_PLACEMENT_3D('',#12940,#10895,#10896);
#8463=AXIS2_PLACEMENT_3D('',#12942,#10897,#10898);
#8464=AXIS2_PLACEMENT_3D('',#12944,#10900,#10901);
#8465=AXIS2_PLACEMENT_3D('',#12946,#10902,#10903);
#8466=AXIS2_PLACEMENT_3D('',#12948,#10905,#10906);
#8467=AXIS2_PLACEMENT_3D('',#12949,#10907,#10908);
#8468=AXIS2_PLACEMENT_3D('',#12951,#10909,#10910);
#8469=AXIS2_PLACEMENT_3D('',#12954,#10912,#10913);
#8470=AXIS2_PLACEMENT_3D('',#12955,#10914,#10915);
#8471=AXIS2_PLACEMENT_3D('',#12957,#10916,#10917);
#8472=AXIS2_PLACEMENT_3D('',#12958,#10918,#10919);
#8473=AXIS2_PLACEMENT_3D('',#12960,#10920,#10921);
#8474=AXIS2_PLACEMENT_3D('',#12962,#10923,#10924);
#8475=AXIS2_PLACEMENT_3D('',#12964,#10925,#10926);
#8476=AXIS2_PLACEMENT_3D('',#12966,#10928,#10929);
#8477=AXIS2_PLACEMENT_3D('',#12967,#10930,#10931);
#8478=AXIS2_PLACEMENT_3D('',#12969,#10932,#10933);
#8479=AXIS2_PLACEMENT_3D('',#12972,#10935,#10936);
#8480=AXIS2_PLACEMENT_3D('',#12973,#10937,#10938);
#8481=AXIS2_PLACEMENT_3D('',#12976,#10940,#10941);
#8482=AXIS2_PLACEMENT_3D('',#12977,#10942,#10943);
#8483=AXIS2_PLACEMENT_3D('',#12978,#10944,#10945);
#8484=AXIS2_PLACEMENT_3D('',#12980,#10946,#10947);
#8485=AXIS2_PLACEMENT_3D('',#12983,#10949,#10950);
#8486=AXIS2_PLACEMENT_3D('',#12984,#10951,#10952);
#8487=AXIS2_PLACEMENT_3D('',#12987,#10954,#10955);
#8488=AXIS2_PLACEMENT_3D('',#12988,#10956,#10957);
#8489=AXIS2_PLACEMENT_3D('',#12989,#10958,#10959);
#8490=AXIS2_PLACEMENT_3D('',#12991,#10960,#10961);
#8491=AXIS2_PLACEMENT_3D('',#12994,#10963,#10964);
#8492=AXIS2_PLACEMENT_3D('',#12995,#10965,#10966);
#8493=AXIS2_PLACEMENT_3D('',#12998,#10968,#10969);
#8494=AXIS2_PLACEMENT_3D('',#12999,#10970,#10971);
#8495=AXIS2_PLACEMENT_3D('',#13000,#10972,#10973);
#8496=AXIS2_PLACEMENT_3D('',#13002,#10974,#10975);
#8497=AXIS2_PLACEMENT_3D('',#13005,#10977,#10978);
#8498=AXIS2_PLACEMENT_3D('',#13006,#10979,#10980);
#8499=AXIS2_PLACEMENT_3D('',#13009,#10982,#10983);
#8500=AXIS2_PLACEMENT_3D('',#13010,#10984,#10985);
#8501=AXIS2_PLACEMENT_3D('',#13011,#10986,#10987);
#8502=AXIS2_PLACEMENT_3D('',#13017,#10991,#10992);
#8503=AXIS2_PLACEMENT_3D('',#13021,#10995,#10996);
#8504=AXIS2_PLACEMENT_3D('',#13025,#10999,#11000);
#8505=AXIS2_PLACEMENT_3D('',#13027,#11002,#11003);
#8506=AXIS2_PLACEMENT_3D('',#13036,#11008,#11009);
#8507=AXIS2_PLACEMENT_3D('',#13042,#11013,#11014);
#8508=AXIS2_PLACEMENT_3D('',#13048,#11018,#11019);
#8509=AXIS2_PLACEMENT_3D('',#13051,#11022,#11023);
#8510=AXIS2_PLACEMENT_3D('',#13052,#11024,#11025);
#8511=AXIS2_PLACEMENT_3D('',#13053,#11026,#11027);
#8512=DIRECTION('axis',(0.,0.,1.));
#8513=DIRECTION('refdir',(1.,0.,0.));
#8514=DIRECTION('axis',(0.,0.,1.));
#8515=DIRECTION('refdir',(1.,0.,0.));
#8516=DIRECTION('center_axis',(0.,1.,0.));
#8517=DIRECTION('ref_axis',(1.,0.,0.));
#8518=DIRECTION('center_axis',(0.,1.,0.));
#8519=DIRECTION('ref_axis',(1.,0.,0.));
#8520=DIRECTION('',(0.,1.,0.));
#8521=DIRECTION('center_axis',(0.,1.,0.));
#8522=DIRECTION('ref_axis',(1.,0.,0.));
#8523=DIRECTION('center_axis',(0.,-1.,0.));
#8524=DIRECTION('ref_axis',(1.,0.,0.));
#8525=DIRECTION('center_axis',(0.,-1.,0.));
#8526=DIRECTION('ref_axis',(-1.,0.,0.));
#8527=DIRECTION('center_axis',(0.,1.,0.));
#8528=DIRECTION('ref_axis',(-1.,0.,0.));
#8529=DIRECTION('center_axis',(0.,-1.,0.));
#8530=DIRECTION('ref_axis',(-1.,0.,0.));
#8531=DIRECTION('',(0.,-1.,0.));
#8532=DIRECTION('center_axis',(0.,1.,0.));
#8533=DIRECTION('ref_axis',(-1.,0.,0.));
#8534=DIRECTION('center_axis',(0.,1.,0.));
#8535=DIRECTION('ref_axis',(-1.,0.,0.));
#8536=DIRECTION('',(0.,-1.,0.));
#8537=DIRECTION('center_axis',(0.,-1.,0.));
#8538=DIRECTION('ref_axis',(-1.,0.,0.));
#8539=DIRECTION('center_axis',(0.,1.,0.));
#8540=DIRECTION('ref_axis',(-1.,0.,0.));
#8541=DIRECTION('center_axis',(0.,-1.,0.));
#8542=DIRECTION('ref_axis',(0.,0.,-1.));
#8543=DIRECTION('',(-3.66916634745725E-17,0.,-1.));
#8544=DIRECTION('',(-1.,0.,0.));
#8545=DIRECTION('',(0.,0.,1.));
#8546=DIRECTION('',(1.,0.,0.));
#8547=DIRECTION('center_axis',(0.,-1.,0.));
#8548=DIRECTION('ref_axis',(-1.,0.,0.));
#8549=DIRECTION('center_axis',(0.,-1.,0.));
#8550=DIRECTION('ref_axis',(-1.,0.,0.));
#8551=DIRECTION('center_axis',(0.,-1.,0.));
#8552=DIRECTION('ref_axis',(-1.,0.,0.));
#8553=DIRECTION('center_axis',(0.,-1.,0.));
#8554=DIRECTION('ref_axis',(-1.,0.,0.));
#8555=DIRECTION('center_axis',(0.,-1.,0.));
#8556=DIRECTION('ref_axis',(-1.,0.,0.));
#8557=DIRECTION('center_axis',(0.,-1.,0.));
#8558=DIRECTION('ref_axis',(-1.,0.,0.));
#8559=DIRECTION('center_axis',(0.,-1.,0.));
#8560=DIRECTION('ref_axis',(-1.,0.,0.));
#8561=DIRECTION('center_axis',(0.,-1.,0.));
#8562=DIRECTION('ref_axis',(-1.,0.,0.));
#8563=DIRECTION('center_axis',(0.,-1.,0.));
#8564=DIRECTION('ref_axis',(-1.,0.,0.));
#8565=DIRECTION('center_axis',(0.,-1.,0.));
#8566=DIRECTION('ref_axis',(-1.,0.,0.));
#8567=DIRECTION('center_axis',(0.,-1.,0.));
#8568=DIRECTION('ref_axis',(-1.,0.,0.));
#8569=DIRECTION('center_axis',(0.,-1.,0.));
#8570=DIRECTION('ref_axis',(-1.,0.,0.));
#8571=DIRECTION('center_axis',(0.,-1.,0.));
#8572=DIRECTION('ref_axis',(-1.,0.,0.));
#8573=DIRECTION('center_axis',(0.,-1.,0.));
#8574=DIRECTION('ref_axis',(-1.,0.,0.));
#8575=DIRECTION('center_axis',(0.,-1.,0.));
#8576=DIRECTION('ref_axis',(-1.,0.,0.));
#8577=DIRECTION('center_axis',(0.,-1.,0.));
#8578=DIRECTION('ref_axis',(-1.,0.,0.));
#8579=DIRECTION('center_axis',(0.,-1.,0.));
#8580=DIRECTION('ref_axis',(-1.,0.,0.));
#8581=DIRECTION('center_axis',(0.,-1.,0.));
#8582=DIRECTION('ref_axis',(-1.,0.,0.));
#8583=DIRECTION('center_axis',(0.,-1.,0.));
#8584=DIRECTION('ref_axis',(-1.,0.,0.));
#8585=DIRECTION('center_axis',(0.,-1.,0.));
#8586=DIRECTION('ref_axis',(-1.,0.,0.));
#8587=DIRECTION('center_axis',(0.,-1.,0.));
#8588=DIRECTION('ref_axis',(-1.,0.,0.));
#8589=DIRECTION('center_axis',(0.,-1.,0.));
#8590=DIRECTION('ref_axis',(-1.,0.,0.));
#8591=DIRECTION('center_axis',(0.,-1.,0.));
#8592=DIRECTION('ref_axis',(-1.,0.,0.));
#8593=DIRECTION('center_axis',(0.,-1.,0.));
#8594=DIRECTION('ref_axis',(-1.,0.,0.));
#8595=DIRECTION('center_axis',(0.,-1.,0.));
#8596=DIRECTION('ref_axis',(-1.,0.,0.));
#8597=DIRECTION('center_axis',(0.,-1.,0.));
#8598=DIRECTION('ref_axis',(-1.,0.,0.));
#8599=DIRECTION('center_axis',(0.,-1.,0.));
#8600=DIRECTION('ref_axis',(-1.,0.,0.));
#8601=DIRECTION('center_axis',(0.,-1.,0.));
#8602=DIRECTION('ref_axis',(-1.,0.,0.));
#8603=DIRECTION('center_axis',(0.,-1.,0.));
#8604=DIRECTION('ref_axis',(-1.,0.,0.));
#8605=DIRECTION('center_axis',(0.,-1.,0.));
#8606=DIRECTION('ref_axis',(-1.,0.,0.));
#8607=DIRECTION('center_axis',(0.,-1.,0.));
#8608=DIRECTION('ref_axis',(-1.,0.,0.));
#8609=DIRECTION('center_axis',(0.,-1.,0.));
#8610=DIRECTION('ref_axis',(-1.,0.,0.));
#8611=DIRECTION('center_axis',(0.,-1.,0.));
#8612=DIRECTION('ref_axis',(-1.,0.,0.));
#8613=DIRECTION('center_axis',(0.,-1.,0.));
#8614=DIRECTION('ref_axis',(-1.,0.,0.));
#8615=DIRECTION('center_axis',(0.,-1.,0.));
#8616=DIRECTION('ref_axis',(-1.,0.,0.));
#8617=DIRECTION('center_axis',(0.,-1.,0.));
#8618=DIRECTION('ref_axis',(-1.,0.,0.));
#8619=DIRECTION('center_axis',(0.,-1.,0.));
#8620=DIRECTION('ref_axis',(-1.,0.,0.));
#8621=DIRECTION('center_axis',(0.,-1.,0.));
#8622=DIRECTION('ref_axis',(-1.,0.,0.));
#8623=DIRECTION('center_axis',(0.,-1.,0.));
#8624=DIRECTION('ref_axis',(-1.,0.,0.));
#8625=DIRECTION('center_axis',(0.,-1.,0.));
#8626=DIRECTION('ref_axis',(-1.,0.,0.));
#8627=DIRECTION('center_axis',(0.,-1.,0.));
#8628=DIRECTION('ref_axis',(-1.,0.,0.));
#8629=DIRECTION('center_axis',(0.,-1.,0.));
#8630=DIRECTION('ref_axis',(-1.,0.,0.));
#8631=DIRECTION('center_axis',(0.,-1.,0.));
#8632=DIRECTION('ref_axis',(-1.,0.,0.));
#8633=DIRECTION('center_axis',(0.,-1.,0.));
#8634=DIRECTION('ref_axis',(-1.,0.,0.));
#8635=DIRECTION('center_axis',(0.,-1.,0.));
#8636=DIRECTION('ref_axis',(-1.,0.,0.));
#8637=DIRECTION('center_axis',(0.,-1.,0.));
#8638=DIRECTION('ref_axis',(-1.,0.,0.));
#8639=DIRECTION('center_axis',(0.,-1.,0.));
#8640=DIRECTION('ref_axis',(-1.,0.,0.));
#8641=DIRECTION('center_axis',(0.,-1.,0.));
#8642=DIRECTION('ref_axis',(-1.,0.,0.));
#8643=DIRECTION('center_axis',(0.,-1.,0.));
#8644=DIRECTION('ref_axis',(-1.,0.,0.));
#8645=DIRECTION('center_axis',(0.,-1.,0.));
#8646=DIRECTION('ref_axis',(-1.,0.,0.));
#8647=DIRECTION('center_axis',(0.,-1.,0.));
#8648=DIRECTION('ref_axis',(1.,0.,-7.33833269491451E-17));
#8649=DIRECTION('center_axis',(0.,-1.,0.));
#8650=DIRECTION('ref_axis',(1.,0.,7.33833269491451E-17));
#8651=DIRECTION('center_axis',(0.,-1.,0.));
#8652=DIRECTION('ref_axis',(-1.,0.,0.));
#8653=DIRECTION('center_axis',(0.,-1.,0.));
#8654=DIRECTION('ref_axis',(-1.,0.,0.));
#8655=DIRECTION('center_axis',(0.,-1.,0.));
#8656=DIRECTION('ref_axis',(-1.,0.,0.));
#8657=DIRECTION('center_axis',(0.,-1.,0.));
#8658=DIRECTION('ref_axis',(-1.,0.,0.));
#8659=DIRECTION('center_axis',(0.,-1.,0.));
#8660=DIRECTION('ref_axis',(-1.,0.,0.));
#8661=DIRECTION('center_axis',(0.,-1.,0.));
#8662=DIRECTION('ref_axis',(-1.,0.,0.));
#8663=DIRECTION('center_axis',(0.,-1.,0.));
#8664=DIRECTION('ref_axis',(-1.,0.,0.));
#8665=DIRECTION('center_axis',(0.,-1.,0.));
#8666=DIRECTION('ref_axis',(-1.,0.,0.));
#8667=DIRECTION('center_axis',(0.,-1.,0.));
#8668=DIRECTION('ref_axis',(-1.,0.,0.));
#8669=DIRECTION('center_axis',(0.,-1.,0.));
#8670=DIRECTION('ref_axis',(-1.,0.,0.));
#8671=DIRECTION('center_axis',(0.,-1.,0.));
#8672=DIRECTION('ref_axis',(-1.,0.,0.));
#8673=DIRECTION('center_axis',(0.,-1.,0.));
#8674=DIRECTION('ref_axis',(-1.,0.,0.));
#8675=DIRECTION('center_axis',(0.,-1.,0.));
#8676=DIRECTION('ref_axis',(-1.,0.,0.));
#8677=DIRECTION('center_axis',(0.,-1.,0.));
#8678=DIRECTION('ref_axis',(-1.,0.,0.));
#8679=DIRECTION('center_axis',(0.,-1.,0.));
#8680=DIRECTION('ref_axis',(-1.,0.,0.));
#8681=DIRECTION('center_axis',(0.,-1.,0.));
#8682=DIRECTION('ref_axis',(-1.,0.,0.));
#8683=DIRECTION('center_axis',(0.,-1.,0.));
#8684=DIRECTION('ref_axis',(-1.,0.,0.));
#8685=DIRECTION('center_axis',(0.,-1.,0.));
#8686=DIRECTION('ref_axis',(-1.,0.,0.));
#8687=DIRECTION('center_axis',(0.,-1.,0.));
#8688=DIRECTION('ref_axis',(-1.,0.,0.));
#8689=DIRECTION('center_axis',(0.,-1.,0.));
#8690=DIRECTION('ref_axis',(-1.,0.,0.));
#8691=DIRECTION('center_axis',(0.,-1.,0.));
#8692=DIRECTION('ref_axis',(-1.,0.,0.));
#8693=DIRECTION('center_axis',(0.,-1.,0.));
#8694=DIRECTION('ref_axis',(-1.,0.,0.));
#8695=DIRECTION('center_axis',(0.,-1.,0.));
#8696=DIRECTION('ref_axis',(-1.,0.,0.));
#8697=DIRECTION('center_axis',(0.,-1.,0.));
#8698=DIRECTION('ref_axis',(-1.,0.,0.));
#8699=DIRECTION('center_axis',(0.,-1.,0.));
#8700=DIRECTION('ref_axis',(-1.,0.,0.));
#8701=DIRECTION('center_axis',(0.,-1.,0.));
#8702=DIRECTION('ref_axis',(-1.,0.,0.));
#8703=DIRECTION('center_axis',(0.,-1.,0.));
#8704=DIRECTION('ref_axis',(-1.,0.,0.));
#8705=DIRECTION('center_axis',(0.,-1.,0.));
#8706=DIRECTION('ref_axis',(-1.,0.,0.));
#8707=DIRECTION('center_axis',(0.,-1.,0.));
#8708=DIRECTION('ref_axis',(-1.,0.,0.));
#8709=DIRECTION('center_axis',(0.,-1.,0.));
#8710=DIRECTION('ref_axis',(-1.,0.,0.));
#8711=DIRECTION('center_axis',(0.,-1.,0.));
#8712=DIRECTION('ref_axis',(-1.,0.,0.));
#8713=DIRECTION('center_axis',(0.,-1.,0.));
#8714=DIRECTION('ref_axis',(-1.,0.,0.));
#8715=DIRECTION('center_axis',(0.,-1.,0.));
#8716=DIRECTION('ref_axis',(-1.,0.,0.));
#8717=DIRECTION('center_axis',(0.,-1.,0.));
#8718=DIRECTION('ref_axis',(-1.,0.,0.));
#8719=DIRECTION('center_axis',(0.,-1.,0.));
#8720=DIRECTION('ref_axis',(-1.,0.,0.));
#8721=DIRECTION('center_axis',(0.,-1.,0.));
#8722=DIRECTION('ref_axis',(-1.,0.,0.));
#8723=DIRECTION('center_axis',(0.,-1.,0.));
#8724=DIRECTION('ref_axis',(-1.,0.,0.));
#8725=DIRECTION('center_axis',(0.,-1.,0.));
#8726=DIRECTION('ref_axis',(-1.,0.,0.));
#8727=DIRECTION('center_axis',(0.,-1.,0.));
#8728=DIRECTION('ref_axis',(-1.,0.,0.));
#8729=DIRECTION('center_axis',(0.,-1.,0.));
#8730=DIRECTION('ref_axis',(-1.,0.,0.));
#8731=DIRECTION('center_axis',(0.,-1.,0.));
#8732=DIRECTION('ref_axis',(-1.,0.,0.));
#8733=DIRECTION('center_axis',(0.,-1.,0.));
#8734=DIRECTION('ref_axis',(-1.,0.,0.));
#8735=DIRECTION('center_axis',(0.,-1.,0.));
#8736=DIRECTION('ref_axis',(-1.,0.,0.));
#8737=DIRECTION('center_axis',(0.,-1.,0.));
#8738=DIRECTION('ref_axis',(-1.,0.,0.));
#8739=DIRECTION('center_axis',(0.,-1.,0.));
#8740=DIRECTION('ref_axis',(-1.,0.,0.));
#8741=DIRECTION('center_axis',(0.,-1.,0.));
#8742=DIRECTION('ref_axis',(-1.,0.,0.));
#8743=DIRECTION('center_axis',(0.,-1.,0.));
#8744=DIRECTION('ref_axis',(-1.,0.,0.));
#8745=DIRECTION('center_axis',(0.,1.,0.));
#8746=DIRECTION('ref_axis',(1.,0.,0.));
#8747=DIRECTION('center_axis',(0.,1.,0.));
#8748=DIRECTION('ref_axis',(1.,0.,0.));
#8749=DIRECTION('',(0.,1.,0.));
#8750=DIRECTION('center_axis',(0.,1.,0.));
#8751=DIRECTION('ref_axis',(1.,0.,0.));
#8752=DIRECTION('center_axis',(0.,-1.,0.));
#8753=DIRECTION('ref_axis',(1.,0.,0.));
#8754=DIRECTION('center_axis',(0.,-1.,0.));
#8755=DIRECTION('ref_axis',(-1.,0.,0.));
#8756=DIRECTION('center_axis',(0.,1.,0.));
#8757=DIRECTION('ref_axis',(-1.,0.,0.));
#8758=DIRECTION('center_axis',(0.,-1.,0.));
#8759=DIRECTION('ref_axis',(-1.,0.,0.));
#8760=DIRECTION('',(0.,-1.,0.));
#8761=DIRECTION('center_axis',(0.,1.,0.));
#8762=DIRECTION('ref_axis',(-1.,0.,0.));
#8763=DIRECTION('center_axis',(0.,1.,0.));
#8764=DIRECTION('ref_axis',(-1.,0.,0.));
#8765=DIRECTION('',(0.,-1.,0.));
#8766=DIRECTION('center_axis',(0.,1.,0.));
#8767=DIRECTION('ref_axis',(-1.,0.,0.));
#8768=DIRECTION('center_axis',(0.,1.,0.));
#8769=DIRECTION('ref_axis',(1.,0.,0.));
#8770=DIRECTION('center_axis',(0.,1.,0.));
#8771=DIRECTION('ref_axis',(1.,0.,0.));
#8772=DIRECTION('',(0.,1.,0.));
#8773=DIRECTION('center_axis',(0.,1.,0.));
#8774=DIRECTION('ref_axis',(1.,0.,0.));
#8775=DIRECTION('center_axis',(0.,-1.,0.));
#8776=DIRECTION('ref_axis',(1.,0.,0.));
#8777=DIRECTION('center_axis',(0.,-1.,0.));
#8778=DIRECTION('ref_axis',(-1.,0.,0.));
#8779=DIRECTION('center_axis',(0.,1.,0.));
#8780=DIRECTION('ref_axis',(-1.,0.,0.));
#8781=DIRECTION('center_axis',(0.,-1.,0.));
#8782=DIRECTION('ref_axis',(-1.,0.,0.));
#8783=DIRECTION('',(0.,-1.,0.));
#8784=DIRECTION('center_axis',(0.,1.,0.));
#8785=DIRECTION('ref_axis',(-1.,0.,0.));
#8786=DIRECTION('center_axis',(0.,1.,0.));
#8787=DIRECTION('ref_axis',(-1.,0.,0.));
#8788=DIRECTION('',(0.,-1.,0.));
#8789=DIRECTION('center_axis',(0.,1.,0.));
#8790=DIRECTION('ref_axis',(-1.,0.,0.));
#8791=DIRECTION('center_axis',(0.,1.,0.));
#8792=DIRECTION('ref_axis',(1.,0.,0.));
#8793=DIRECTION('center_axis',(0.,1.,0.));
#8794=DIRECTION('ref_axis',(1.,0.,0.));
#8795=DIRECTION('',(0.,1.,0.));
#8796=DIRECTION('center_axis',(0.,1.,0.));
#8797=DIRECTION('ref_axis',(1.,0.,0.));
#8798=DIRECTION('center_axis',(0.,-1.,0.));
#8799=DIRECTION('ref_axis',(1.,0.,0.));
#8800=DIRECTION('center_axis',(0.,-1.,0.));
#8801=DIRECTION('ref_axis',(-1.,0.,0.));
#8802=DIRECTION('center_axis',(0.,1.,0.));
#8803=DIRECTION('ref_axis',(-1.,0.,0.));
#8804=DIRECTION('center_axis',(0.,-1.,0.));
#8805=DIRECTION('ref_axis',(-1.,0.,0.));
#8806=DIRECTION('',(0.,-1.,0.));
#8807=DIRECTION('center_axis',(0.,1.,0.));
#8808=DIRECTION('ref_axis',(-1.,0.,0.));
#8809=DIRECTION('center_axis',(0.,1.,0.));
#8810=DIRECTION('ref_axis',(-1.,0.,0.));
#8811=DIRECTION('',(0.,-1.,0.));
#8812=DIRECTION('center_axis',(0.,1.,0.));
#8813=DIRECTION('ref_axis',(-1.,0.,0.));
#8814=DIRECTION('center_axis',(0.,1.,0.));
#8815=DIRECTION('ref_axis',(1.,0.,0.));
#8816=DIRECTION('center_axis',(0.,1.,0.));
#8817=DIRECTION('ref_axis',(1.,0.,0.));
#8818=DIRECTION('',(0.,1.,0.));
#8819=DIRECTION('center_axis',(0.,1.,0.));
#8820=DIRECTION('ref_axis',(1.,0.,0.));
#8821=DIRECTION('center_axis',(0.,-1.,0.));
#8822=DIRECTION('ref_axis',(1.,0.,0.));
#8823=DIRECTION('center_axis',(0.,-1.,0.));
#8824=DIRECTION('ref_axis',(-1.,0.,0.));
#8825=DIRECTION('center_axis',(0.,1.,0.));
#8826=DIRECTION('ref_axis',(-1.,0.,0.));
#8827=DIRECTION('center_axis',(0.,-1.,0.));
#8828=DIRECTION('ref_axis',(-1.,0.,0.));
#8829=DIRECTION('',(0.,-1.,0.));
#8830=DIRECTION('center_axis',(0.,1.,0.));
#8831=DIRECTION('ref_axis',(-1.,0.,0.));
#8832=DIRECTION('center_axis',(0.,1.,0.));
#8833=DIRECTION('ref_axis',(-1.,0.,0.));
#8834=DIRECTION('',(0.,-1.,0.));
#8835=DIRECTION('center_axis',(0.,1.,0.));
#8836=DIRECTION('ref_axis',(-1.,0.,0.));
#8837=DIRECTION('center_axis',(0.,1.,0.));
#8838=DIRECTION('ref_axis',(1.,0.,0.));
#8839=DIRECTION('center_axis',(0.,1.,0.));
#8840=DIRECTION('ref_axis',(1.,0.,0.));
#8841=DIRECTION('',(0.,1.,0.));
#8842=DIRECTION('center_axis',(0.,1.,0.));
#8843=DIRECTION('ref_axis',(1.,0.,0.));
#8844=DIRECTION('center_axis',(0.,-1.,0.));
#8845=DIRECTION('ref_axis',(1.,0.,0.));
#8846=DIRECTION('center_axis',(0.,-1.,0.));
#8847=DIRECTION('ref_axis',(-1.,0.,0.));
#8848=DIRECTION('center_axis',(0.,1.,0.));
#8849=DIRECTION('ref_axis',(-1.,0.,0.));
#8850=DIRECTION('center_axis',(0.,-1.,0.));
#8851=DIRECTION('ref_axis',(-1.,0.,0.));
#8852=DIRECTION('',(0.,-1.,0.));
#8853=DIRECTION('center_axis',(0.,1.,0.));
#8854=DIRECTION('ref_axis',(-1.,0.,0.));
#8855=DIRECTION('center_axis',(0.,1.,0.));
#8856=DIRECTION('ref_axis',(-1.,0.,0.));
#8857=DIRECTION('',(0.,-1.,0.));
#8858=DIRECTION('center_axis',(0.,1.,0.));
#8859=DIRECTION('ref_axis',(-1.,0.,0.));
#8860=DIRECTION('center_axis',(0.,1.,0.));
#8861=DIRECTION('ref_axis',(1.,0.,0.));
#8862=DIRECTION('center_axis',(0.,1.,0.));
#8863=DIRECTION('ref_axis',(1.,0.,0.));
#8864=DIRECTION('',(0.,1.,0.));
#8865=DIRECTION('center_axis',(0.,1.,0.));
#8866=DIRECTION('ref_axis',(1.,0.,0.));
#8867=DIRECTION('center_axis',(0.,-1.,0.));
#8868=DIRECTION('ref_axis',(1.,0.,0.));
#8869=DIRECTION('center_axis',(0.,-1.,0.));
#8870=DIRECTION('ref_axis',(-1.,0.,0.));
#8871=DIRECTION('center_axis',(0.,1.,0.));
#8872=DIRECTION('ref_axis',(-1.,0.,0.));
#8873=DIRECTION('center_axis',(0.,-1.,0.));
#8874=DIRECTION('ref_axis',(-1.,0.,0.));
#8875=DIRECTION('',(0.,-1.,0.));
#8876=DIRECTION('center_axis',(0.,1.,0.));
#8877=DIRECTION('ref_axis',(-1.,0.,0.));
#8878=DIRECTION('center_axis',(0.,1.,0.));
#8879=DIRECTION('ref_axis',(-1.,0.,0.));
#8880=DIRECTION('',(0.,-1.,0.));
#8881=DIRECTION('center_axis',(0.,1.,0.));
#8882=DIRECTION('ref_axis',(-1.,0.,0.));
#8883=DIRECTION('center_axis',(0.,1.,0.));
#8884=DIRECTION('ref_axis',(1.,0.,0.));
#8885=DIRECTION('center_axis',(0.,1.,0.));
#8886=DIRECTION('ref_axis',(1.,0.,0.));
#8887=DIRECTION('',(0.,1.,0.));
#8888=DIRECTION('center_axis',(0.,1.,0.));
#8889=DIRECTION('ref_axis',(1.,0.,0.));
#8890=DIRECTION('center_axis',(0.,-1.,0.));
#8891=DIRECTION('ref_axis',(1.,0.,0.));
#8892=DIRECTION('center_axis',(0.,-1.,0.));
#8893=DIRECTION('ref_axis',(-1.,0.,0.));
#8894=DIRECTION('center_axis',(0.,1.,0.));
#8895=DIRECTION('ref_axis',(-1.,0.,0.));
#8896=DIRECTION('center_axis',(0.,-1.,0.));
#8897=DIRECTION('ref_axis',(-1.,0.,0.));
#8898=DIRECTION('',(0.,-1.,0.));
#8899=DIRECTION('center_axis',(0.,1.,0.));
#8900=DIRECTION('ref_axis',(-1.,0.,0.));
#8901=DIRECTION('center_axis',(0.,1.,0.));
#8902=DIRECTION('ref_axis',(-1.,0.,0.));
#8903=DIRECTION('',(0.,-1.,0.));
#8904=DIRECTION('center_axis',(0.,1.,0.));
#8905=DIRECTION('ref_axis',(-1.,0.,0.));
#8906=DIRECTION('center_axis',(0.,1.,0.));
#8907=DIRECTION('ref_axis',(1.,0.,0.));
#8908=DIRECTION('center_axis',(0.,1.,0.));
#8909=DIRECTION('ref_axis',(1.,0.,0.));
#8910=DIRECTION('',(0.,1.,0.));
#8911=DIRECTION('center_axis',(0.,1.,0.));
#8912=DIRECTION('ref_axis',(1.,0.,0.));
#8913=DIRECTION('center_axis',(0.,-1.,0.));
#8914=DIRECTION('ref_axis',(1.,0.,0.));
#8915=DIRECTION('center_axis',(0.,-1.,0.));
#8916=DIRECTION('ref_axis',(-1.,0.,0.));
#8917=DIRECTION('center_axis',(0.,1.,0.));
#8918=DIRECTION('ref_axis',(-1.,0.,0.));
#8919=DIRECTION('center_axis',(0.,-1.,0.));
#8920=DIRECTION('ref_axis',(-1.,0.,0.));
#8921=DIRECTION('',(0.,-1.,0.));
#8922=DIRECTION('center_axis',(0.,1.,0.));
#8923=DIRECTION('ref_axis',(-1.,0.,0.));
#8924=DIRECTION('center_axis',(0.,1.,0.));
#8925=DIRECTION('ref_axis',(-1.,0.,0.));
#8926=DIRECTION('',(0.,-1.,0.));
#8927=DIRECTION('center_axis',(0.,1.,0.));
#8928=DIRECTION('ref_axis',(-1.,0.,0.));
#8929=DIRECTION('center_axis',(0.,1.,0.));
#8930=DIRECTION('ref_axis',(1.,0.,0.));
#8931=DIRECTION('center_axis',(0.,1.,0.));
#8932=DIRECTION('ref_axis',(1.,0.,0.));
#8933=DIRECTION('',(0.,1.,0.));
#8934=DIRECTION('center_axis',(0.,1.,0.));
#8935=DIRECTION('ref_axis',(1.,0.,0.));
#8936=DIRECTION('center_axis',(0.,-1.,0.));
#8937=DIRECTION('ref_axis',(1.,0.,0.));
#8938=DIRECTION('center_axis',(0.,-1.,0.));
#8939=DIRECTION('ref_axis',(-1.,0.,0.));
#8940=DIRECTION('center_axis',(0.,1.,0.));
#8941=DIRECTION('ref_axis',(-1.,0.,0.));
#8942=DIRECTION('center_axis',(0.,-1.,0.));
#8943=DIRECTION('ref_axis',(-1.,0.,0.));
#8944=DIRECTION('',(0.,-1.,0.));
#8945=DIRECTION('center_axis',(0.,1.,0.));
#8946=DIRECTION('ref_axis',(-1.,0.,0.));
#8947=DIRECTION('center_axis',(0.,1.,0.));
#8948=DIRECTION('ref_axis',(-1.,0.,0.));
#8949=DIRECTION('',(0.,-1.,0.));
#8950=DIRECTION('center_axis',(0.,1.,0.));
#8951=DIRECTION('ref_axis',(-1.,0.,0.));
#8952=DIRECTION('center_axis',(0.,1.,0.));
#8953=DIRECTION('ref_axis',(1.,0.,0.));
#8954=DIRECTION('center_axis',(0.,1.,0.));
#8955=DIRECTION('ref_axis',(1.,0.,0.));
#8956=DIRECTION('',(0.,1.,0.));
#8957=DIRECTION('center_axis',(0.,1.,0.));
#8958=DIRECTION('ref_axis',(1.,0.,0.));
#8959=DIRECTION('center_axis',(0.,-1.,0.));
#8960=DIRECTION('ref_axis',(1.,0.,0.));
#8961=DIRECTION('center_axis',(0.,-1.,0.));
#8962=DIRECTION('ref_axis',(-1.,0.,0.));
#8963=DIRECTION('center_axis',(0.,1.,0.));
#8964=DIRECTION('ref_axis',(-1.,0.,0.));
#8965=DIRECTION('center_axis',(0.,-1.,0.));
#8966=DIRECTION('ref_axis',(-1.,0.,0.));
#8967=DIRECTION('',(0.,-1.,0.));
#8968=DIRECTION('center_axis',(0.,1.,0.));
#8969=DIRECTION('ref_axis',(-1.,0.,0.));
#8970=DIRECTION('center_axis',(0.,1.,0.));
#8971=DIRECTION('ref_axis',(-1.,0.,0.));
#8972=DIRECTION('',(0.,-1.,0.));
#8973=DIRECTION('center_axis',(0.,1.,0.));
#8974=DIRECTION('ref_axis',(-1.,0.,0.));
#8975=DIRECTION('center_axis',(0.,1.,0.));
#8976=DIRECTION('ref_axis',(1.,0.,0.));
#8977=DIRECTION('center_axis',(0.,1.,0.));
#8978=DIRECTION('ref_axis',(1.,0.,0.));
#8979=DIRECTION('',(0.,1.,0.));
#8980=DIRECTION('center_axis',(0.,1.,0.));
#8981=DIRECTION('ref_axis',(1.,0.,0.));
#8982=DIRECTION('center_axis',(0.,-1.,0.));
#8983=DIRECTION('ref_axis',(1.,0.,0.));
#8984=DIRECTION('center_axis',(0.,-1.,0.));
#8985=DIRECTION('ref_axis',(-1.,0.,0.));
#8986=DIRECTION('center_axis',(0.,1.,0.));
#8987=DIRECTION('ref_axis',(-1.,0.,0.));
#8988=DIRECTION('center_axis',(0.,-1.,0.));
#8989=DIRECTION('ref_axis',(-1.,0.,0.));
#8990=DIRECTION('',(0.,-1.,0.));
#8991=DIRECTION('center_axis',(0.,1.,0.));
#8992=DIRECTION('ref_axis',(-1.,0.,0.));
#8993=DIRECTION('center_axis',(0.,1.,0.));
#8994=DIRECTION('ref_axis',(-1.,0.,0.));
#8995=DIRECTION('',(0.,-1.,0.));
#8996=DIRECTION('center_axis',(0.,1.,0.));
#8997=DIRECTION('ref_axis',(-1.,0.,0.));
#8998=DIRECTION('center_axis',(0.,1.,0.));
#8999=DIRECTION('ref_axis',(1.,0.,0.));
#9000=DIRECTION('center_axis',(0.,1.,0.));
#9001=DIRECTION('ref_axis',(1.,0.,0.));
#9002=DIRECTION('',(0.,1.,0.));
#9003=DIRECTION('center_axis',(0.,1.,0.));
#9004=DIRECTION('ref_axis',(1.,0.,0.));
#9005=DIRECTION('center_axis',(0.,-1.,0.));
#9006=DIRECTION('ref_axis',(1.,0.,0.));
#9007=DIRECTION('center_axis',(0.,-1.,0.));
#9008=DIRECTION('ref_axis',(-1.,0.,0.));
#9009=DIRECTION('center_axis',(0.,1.,0.));
#9010=DIRECTION('ref_axis',(-1.,0.,0.));
#9011=DIRECTION('center_axis',(0.,-1.,0.));
#9012=DIRECTION('ref_axis',(-1.,0.,0.));
#9013=DIRECTION('',(0.,-1.,0.));
#9014=DIRECTION('center_axis',(0.,1.,0.));
#9015=DIRECTION('ref_axis',(-1.,0.,0.));
#9016=DIRECTION('center_axis',(0.,1.,0.));
#9017=DIRECTION('ref_axis',(-1.,0.,0.));
#9018=DIRECTION('',(0.,-1.,0.));
#9019=DIRECTION('center_axis',(0.,1.,0.));
#9020=DIRECTION('ref_axis',(-1.,0.,0.));
#9021=DIRECTION('center_axis',(0.,1.,0.));
#9022=DIRECTION('ref_axis',(1.,0.,0.));
#9023=DIRECTION('center_axis',(0.,1.,0.));
#9024=DIRECTION('ref_axis',(1.,0.,0.));
#9025=DIRECTION('',(0.,1.,0.));
#9026=DIRECTION('center_axis',(0.,1.,0.));
#9027=DIRECTION('ref_axis',(1.,0.,0.));
#9028=DIRECTION('center_axis',(0.,-1.,0.));
#9029=DIRECTION('ref_axis',(1.,0.,0.));
#9030=DIRECTION('center_axis',(0.,-1.,0.));
#9031=DIRECTION('ref_axis',(-1.,0.,0.));
#9032=DIRECTION('center_axis',(0.,1.,0.));
#9033=DIRECTION('ref_axis',(-1.,0.,0.));
#9034=DIRECTION('center_axis',(0.,-1.,0.));
#9035=DIRECTION('ref_axis',(-1.,0.,0.));
#9036=DIRECTION('',(0.,-1.,0.));
#9037=DIRECTION('center_axis',(0.,1.,0.));
#9038=DIRECTION('ref_axis',(-1.,0.,0.));
#9039=DIRECTION('center_axis',(0.,1.,0.));
#9040=DIRECTION('ref_axis',(-1.,0.,0.));
#9041=DIRECTION('',(0.,-1.,0.));
#9042=DIRECTION('center_axis',(0.,1.,0.));
#9043=DIRECTION('ref_axis',(-1.,0.,0.));
#9044=DIRECTION('center_axis',(0.,1.,0.));
#9045=DIRECTION('ref_axis',(1.,0.,0.));
#9046=DIRECTION('center_axis',(0.,1.,0.));
#9047=DIRECTION('ref_axis',(1.,0.,0.));
#9048=DIRECTION('',(0.,1.,0.));
#9049=DIRECTION('center_axis',(0.,1.,0.));
#9050=DIRECTION('ref_axis',(1.,0.,0.));
#9051=DIRECTION('center_axis',(0.,-1.,0.));
#9052=DIRECTION('ref_axis',(1.,0.,0.));
#9053=DIRECTION('center_axis',(0.,-1.,0.));
#9054=DIRECTION('ref_axis',(-1.,0.,0.));
#9055=DIRECTION('center_axis',(0.,1.,0.));
#9056=DIRECTION('ref_axis',(-1.,0.,0.));
#9057=DIRECTION('center_axis',(0.,-1.,0.));
#9058=DIRECTION('ref_axis',(-1.,0.,0.));
#9059=DIRECTION('',(0.,-1.,0.));
#9060=DIRECTION('center_axis',(0.,1.,0.));
#9061=DIRECTION('ref_axis',(-1.,0.,0.));
#9062=DIRECTION('center_axis',(0.,1.,0.));
#9063=DIRECTION('ref_axis',(-1.,0.,0.));
#9064=DIRECTION('',(0.,-1.,0.));
#9065=DIRECTION('center_axis',(0.,1.,0.));
#9066=DIRECTION('ref_axis',(-1.,0.,0.));
#9067=DIRECTION('center_axis',(0.,1.,0.));
#9068=DIRECTION('ref_axis',(1.,0.,0.));
#9069=DIRECTION('center_axis',(0.,1.,0.));
#9070=DIRECTION('ref_axis',(1.,0.,0.));
#9071=DIRECTION('',(0.,1.,0.));
#9072=DIRECTION('center_axis',(0.,1.,0.));
#9073=DIRECTION('ref_axis',(1.,0.,0.));
#9074=DIRECTION('center_axis',(0.,-1.,0.));
#9075=DIRECTION('ref_axis',(1.,0.,0.));
#9076=DIRECTION('center_axis',(0.,-1.,0.));
#9077=DIRECTION('ref_axis',(-1.,0.,0.));
#9078=DIRECTION('center_axis',(0.,1.,0.));
#9079=DIRECTION('ref_axis',(-1.,0.,0.));
#9080=DIRECTION('center_axis',(0.,-1.,0.));
#9081=DIRECTION('ref_axis',(-1.,0.,0.));
#9082=DIRECTION('',(0.,-1.,0.));
#9083=DIRECTION('center_axis',(0.,1.,0.));
#9084=DIRECTION('ref_axis',(-1.,0.,0.));
#9085=DIRECTION('center_axis',(0.,1.,0.));
#9086=DIRECTION('ref_axis',(-1.,0.,0.));
#9087=DIRECTION('',(0.,-1.,0.));
#9088=DIRECTION('center_axis',(0.,1.,0.));
#9089=DIRECTION('ref_axis',(-1.,0.,0.));
#9090=DIRECTION('center_axis',(0.,1.,0.));
#9091=DIRECTION('ref_axis',(1.,0.,0.));
#9092=DIRECTION('center_axis',(0.,1.,0.));
#9093=DIRECTION('ref_axis',(1.,0.,0.));
#9094=DIRECTION('',(0.,1.,0.));
#9095=DIRECTION('center_axis',(0.,1.,0.));
#9096=DIRECTION('ref_axis',(1.,0.,0.));
#9097=DIRECTION('center_axis',(0.,-1.,0.));
#9098=DIRECTION('ref_axis',(1.,0.,0.));
#9099=DIRECTION('center_axis',(0.,-1.,0.));
#9100=DIRECTION('ref_axis',(-1.,0.,0.));
#9101=DIRECTION('center_axis',(0.,1.,0.));
#9102=DIRECTION('ref_axis',(-1.,0.,0.));
#9103=DIRECTION('center_axis',(0.,-1.,0.));
#9104=DIRECTION('ref_axis',(-1.,0.,0.));
#9105=DIRECTION('',(0.,-1.,0.));
#9106=DIRECTION('center_axis',(0.,1.,0.));
#9107=DIRECTION('ref_axis',(-1.,0.,0.));
#9108=DIRECTION('center_axis',(0.,1.,0.));
#9109=DIRECTION('ref_axis',(-1.,0.,0.));
#9110=DIRECTION('',(0.,-1.,0.));
#9111=DIRECTION('center_axis',(0.,1.,0.));
#9112=DIRECTION('ref_axis',(-1.,0.,0.));
#9113=DIRECTION('center_axis',(0.,1.,0.));
#9114=DIRECTION('ref_axis',(1.,0.,0.));
#9115=DIRECTION('center_axis',(0.,1.,0.));
#9116=DIRECTION('ref_axis',(1.,0.,0.));
#9117=DIRECTION('',(0.,1.,0.));
#9118=DIRECTION('center_axis',(0.,1.,0.));
#9119=DIRECTION('ref_axis',(1.,0.,0.));
#9120=DIRECTION('center_axis',(0.,-1.,0.));
#9121=DIRECTION('ref_axis',(1.,0.,0.));
#9122=DIRECTION('center_axis',(0.,-1.,0.));
#9123=DIRECTION('ref_axis',(-1.,0.,0.));
#9124=DIRECTION('center_axis',(0.,1.,0.));
#9125=DIRECTION('ref_axis',(-1.,0.,0.));
#9126=DIRECTION('center_axis',(0.,-1.,0.));
#9127=DIRECTION('ref_axis',(-1.,0.,0.));
#9128=DIRECTION('',(0.,-1.,0.));
#9129=DIRECTION('center_axis',(0.,1.,0.));
#9130=DIRECTION('ref_axis',(-1.,0.,0.));
#9131=DIRECTION('center_axis',(0.,1.,0.));
#9132=DIRECTION('ref_axis',(-1.,0.,0.));
#9133=DIRECTION('',(0.,-1.,0.));
#9134=DIRECTION('center_axis',(0.,1.,0.));
#9135=DIRECTION('ref_axis',(-1.,0.,0.));
#9136=DIRECTION('center_axis',(0.,1.,0.));
#9137=DIRECTION('ref_axis',(1.,0.,0.));
#9138=DIRECTION('center_axis',(0.,1.,0.));
#9139=DIRECTION('ref_axis',(1.,0.,0.));
#9140=DIRECTION('',(0.,1.,0.));
#9141=DIRECTION('center_axis',(0.,1.,0.));
#9142=DIRECTION('ref_axis',(1.,0.,0.));
#9143=DIRECTION('center_axis',(0.,-1.,0.));
#9144=DIRECTION('ref_axis',(1.,0.,0.));
#9145=DIRECTION('center_axis',(0.,-1.,0.));
#9146=DIRECTION('ref_axis',(-1.,0.,0.));
#9147=DIRECTION('center_axis',(0.,1.,0.));
#9148=DIRECTION('ref_axis',(-1.,0.,0.));
#9149=DIRECTION('center_axis',(0.,-1.,0.));
#9150=DIRECTION('ref_axis',(-1.,0.,0.));
#9151=DIRECTION('',(0.,-1.,0.));
#9152=DIRECTION('center_axis',(0.,1.,0.));
#9153=DIRECTION('ref_axis',(-1.,0.,0.));
#9154=DIRECTION('center_axis',(0.,1.,0.));
#9155=DIRECTION('ref_axis',(-1.,0.,0.));
#9156=DIRECTION('',(0.,-1.,0.));
#9157=DIRECTION('center_axis',(0.,1.,0.));
#9158=DIRECTION('ref_axis',(-1.,0.,0.));
#9159=DIRECTION('center_axis',(0.,1.,0.));
#9160=DIRECTION('ref_axis',(1.,0.,0.));
#9161=DIRECTION('center_axis',(0.,1.,0.));
#9162=DIRECTION('ref_axis',(1.,0.,0.));
#9163=DIRECTION('',(0.,1.,0.));
#9164=DIRECTION('center_axis',(0.,1.,0.));
#9165=DIRECTION('ref_axis',(1.,0.,0.));
#9166=DIRECTION('center_axis',(0.,-1.,0.));
#9167=DIRECTION('ref_axis',(1.,0.,0.));
#9168=DIRECTION('center_axis',(0.,-1.,0.));
#9169=DIRECTION('ref_axis',(-1.,0.,0.));
#9170=DIRECTION('center_axis',(0.,1.,0.));
#9171=DIRECTION('ref_axis',(-1.,0.,0.));
#9172=DIRECTION('center_axis',(0.,-1.,0.));
#9173=DIRECTION('ref_axis',(-1.,0.,0.));
#9174=DIRECTION('',(0.,-1.,0.));
#9175=DIRECTION('center_axis',(0.,1.,0.));
#9176=DIRECTION('ref_axis',(-1.,0.,0.));
#9177=DIRECTION('center_axis',(0.,1.,0.));
#9178=DIRECTION('ref_axis',(-1.,0.,0.));
#9179=DIRECTION('',(0.,-1.,0.));
#9180=DIRECTION('center_axis',(0.,1.,0.));
#9181=DIRECTION('ref_axis',(-1.,0.,0.));
#9182=DIRECTION('center_axis',(0.,1.,0.));
#9183=DIRECTION('ref_axis',(1.,0.,0.));
#9184=DIRECTION('center_axis',(0.,1.,0.));
#9185=DIRECTION('ref_axis',(1.,0.,0.));
#9186=DIRECTION('',(0.,1.,0.));
#9187=DIRECTION('center_axis',(0.,1.,0.));
#9188=DIRECTION('ref_axis',(1.,0.,0.));
#9189=DIRECTION('center_axis',(0.,-1.,0.));
#9190=DIRECTION('ref_axis',(1.,0.,0.));
#9191=DIRECTION('center_axis',(0.,-1.,0.));
#9192=DIRECTION('ref_axis',(-1.,0.,0.));
#9193=DIRECTION('center_axis',(0.,1.,0.));
#9194=DIRECTION('ref_axis',(-1.,0.,0.));
#9195=DIRECTION('center_axis',(0.,-1.,0.));
#9196=DIRECTION('ref_axis',(-1.,0.,0.));
#9197=DIRECTION('',(0.,-1.,0.));
#9198=DIRECTION('center_axis',(0.,1.,0.));
#9199=DIRECTION('ref_axis',(-1.,0.,0.));
#9200=DIRECTION('center_axis',(0.,1.,0.));
#9201=DIRECTION('ref_axis',(-1.,0.,0.));
#9202=DIRECTION('',(0.,-1.,0.));
#9203=DIRECTION('center_axis',(0.,1.,0.));
#9204=DIRECTION('ref_axis',(-1.,0.,0.));
#9205=DIRECTION('center_axis',(0.,1.,0.));
#9206=DIRECTION('ref_axis',(1.,0.,0.));
#9207=DIRECTION('center_axis',(0.,1.,0.));
#9208=DIRECTION('ref_axis',(1.,0.,0.));
#9209=DIRECTION('',(0.,1.,0.));
#9210=DIRECTION('center_axis',(0.,1.,0.));
#9211=DIRECTION('ref_axis',(1.,0.,0.));
#9212=DIRECTION('center_axis',(0.,-1.,0.));
#9213=DIRECTION('ref_axis',(1.,0.,0.));
#9214=DIRECTION('center_axis',(0.,-1.,0.));
#9215=DIRECTION('ref_axis',(-1.,0.,0.));
#9216=DIRECTION('center_axis',(0.,1.,0.));
#9217=DIRECTION('ref_axis',(-1.,0.,0.));
#9218=DIRECTION('center_axis',(0.,-1.,0.));
#9219=DIRECTION('ref_axis',(-1.,0.,0.));
#9220=DIRECTION('',(0.,-1.,0.));
#9221=DIRECTION('center_axis',(0.,1.,0.));
#9222=DIRECTION('ref_axis',(-1.,0.,0.));
#9223=DIRECTION('center_axis',(0.,1.,0.));
#9224=DIRECTION('ref_axis',(-1.,0.,0.));
#9225=DIRECTION('',(0.,-1.,0.));
#9226=DIRECTION('center_axis',(0.,1.,0.));
#9227=DIRECTION('ref_axis',(-1.,0.,0.));
#9228=DIRECTION('center_axis',(0.,1.,0.));
#9229=DIRECTION('ref_axis',(1.,0.,0.));
#9230=DIRECTION('center_axis',(0.,1.,0.));
#9231=DIRECTION('ref_axis',(1.,0.,0.));
#9232=DIRECTION('',(0.,1.,0.));
#9233=DIRECTION('center_axis',(0.,1.,0.));
#9234=DIRECTION('ref_axis',(1.,0.,0.));
#9235=DIRECTION('center_axis',(0.,-1.,0.));
#9236=DIRECTION('ref_axis',(1.,0.,0.));
#9237=DIRECTION('center_axis',(0.,-1.,0.));
#9238=DIRECTION('ref_axis',(-1.,0.,0.));
#9239=DIRECTION('center_axis',(0.,1.,0.));
#9240=DIRECTION('ref_axis',(-1.,0.,0.));
#9241=DIRECTION('center_axis',(0.,-1.,0.));
#9242=DIRECTION('ref_axis',(-1.,0.,0.));
#9243=DIRECTION('',(0.,-1.,0.));
#9244=DIRECTION('center_axis',(0.,1.,0.));
#9245=DIRECTION('ref_axis',(-1.,0.,0.));
#9246=DIRECTION('center_axis',(0.,1.,0.));
#9247=DIRECTION('ref_axis',(-1.,0.,0.));
#9248=DIRECTION('',(0.,-1.,0.));
#9249=DIRECTION('center_axis',(0.,1.,0.));
#9250=DIRECTION('ref_axis',(-1.,0.,0.));
#9251=DIRECTION('center_axis',(0.,1.,0.));
#9252=DIRECTION('ref_axis',(1.,0.,0.));
#9253=DIRECTION('center_axis',(0.,1.,0.));
#9254=DIRECTION('ref_axis',(1.,0.,0.));
#9255=DIRECTION('',(0.,1.,0.));
#9256=DIRECTION('center_axis',(0.,1.,0.));
#9257=DIRECTION('ref_axis',(1.,0.,0.));
#9258=DIRECTION('center_axis',(0.,-1.,0.));
#9259=DIRECTION('ref_axis',(1.,0.,0.));
#9260=DIRECTION('center_axis',(0.,-1.,0.));
#9261=DIRECTION('ref_axis',(-1.,0.,0.));
#9262=DIRECTION('center_axis',(0.,1.,0.));
#9263=DIRECTION('ref_axis',(-1.,0.,0.));
#9264=DIRECTION('center_axis',(0.,-1.,0.));
#9265=DIRECTION('ref_axis',(-1.,0.,0.));
#9266=DIRECTION('',(0.,-1.,0.));
#9267=DIRECTION('center_axis',(0.,1.,0.));
#9268=DIRECTION('ref_axis',(-1.,0.,0.));
#9269=DIRECTION('center_axis',(0.,1.,0.));
#9270=DIRECTION('ref_axis',(-1.,0.,0.));
#9271=DIRECTION('',(0.,-1.,0.));
#9272=DIRECTION('center_axis',(0.,1.,0.));
#9273=DIRECTION('ref_axis',(-1.,0.,0.));
#9274=DIRECTION('center_axis',(0.,1.,0.));
#9275=DIRECTION('ref_axis',(1.,0.,0.));
#9276=DIRECTION('center_axis',(0.,1.,0.));
#9277=DIRECTION('ref_axis',(1.,0.,0.));
#9278=DIRECTION('',(0.,1.,0.));
#9279=DIRECTION('center_axis',(0.,1.,0.));
#9280=DIRECTION('ref_axis',(1.,0.,0.));
#9281=DIRECTION('center_axis',(0.,-1.,0.));
#9282=DIRECTION('ref_axis',(1.,0.,0.));
#9283=DIRECTION('center_axis',(0.,-1.,0.));
#9284=DIRECTION('ref_axis',(-1.,0.,0.));
#9285=DIRECTION('center_axis',(0.,1.,0.));
#9286=DIRECTION('ref_axis',(-1.,0.,0.));
#9287=DIRECTION('center_axis',(0.,-1.,0.));
#9288=DIRECTION('ref_axis',(-1.,0.,0.));
#9289=DIRECTION('',(0.,-1.,0.));
#9290=DIRECTION('center_axis',(0.,1.,0.));
#9291=DIRECTION('ref_axis',(-1.,0.,0.));
#9292=DIRECTION('center_axis',(0.,1.,0.));
#9293=DIRECTION('ref_axis',(-1.,0.,0.));
#9294=DIRECTION('',(0.,-1.,0.));
#9295=DIRECTION('center_axis',(0.,1.,0.));
#9296=DIRECTION('ref_axis',(-1.,0.,0.));
#9297=DIRECTION('center_axis',(0.,1.,0.));
#9298=DIRECTION('ref_axis',(1.,0.,0.));
#9299=DIRECTION('center_axis',(0.,1.,0.));
#9300=DIRECTION('ref_axis',(1.,0.,0.));
#9301=DIRECTION('',(0.,1.,0.));
#9302=DIRECTION('center_axis',(0.,1.,0.));
#9303=DIRECTION('ref_axis',(1.,0.,0.));
#9304=DIRECTION('center_axis',(0.,-1.,0.));
#9305=DIRECTION('ref_axis',(1.,0.,0.));
#9306=DIRECTION('center_axis',(0.,-1.,0.));
#9307=DIRECTION('ref_axis',(-1.,0.,0.));
#9308=DIRECTION('center_axis',(0.,1.,0.));
#9309=DIRECTION('ref_axis',(-1.,0.,0.));
#9310=DIRECTION('center_axis',(0.,-1.,0.));
#9311=DIRECTION('ref_axis',(-1.,0.,0.));
#9312=DIRECTION('',(0.,-1.,0.));
#9313=DIRECTION('center_axis',(0.,1.,0.));
#9314=DIRECTION('ref_axis',(-1.,0.,0.));
#9315=DIRECTION('center_axis',(0.,1.,0.));
#9316=DIRECTION('ref_axis',(-1.,0.,0.));
#9317=DIRECTION('',(0.,-1.,0.));
#9318=DIRECTION('center_axis',(0.,1.,0.));
#9319=DIRECTION('ref_axis',(-1.,0.,0.));
#9320=DIRECTION('center_axis',(0.,1.,0.));
#9321=DIRECTION('ref_axis',(1.,0.,0.));
#9322=DIRECTION('center_axis',(0.,1.,0.));
#9323=DIRECTION('ref_axis',(1.,0.,0.));
#9324=DIRECTION('',(0.,1.,0.));
#9325=DIRECTION('center_axis',(0.,1.,0.));
#9326=DIRECTION('ref_axis',(1.,0.,0.));
#9327=DIRECTION('center_axis',(0.,-1.,0.));
#9328=DIRECTION('ref_axis',(1.,0.,0.));
#9329=DIRECTION('center_axis',(0.,-1.,0.));
#9330=DIRECTION('ref_axis',(-1.,0.,0.));
#9331=DIRECTION('center_axis',(0.,1.,0.));
#9332=DIRECTION('ref_axis',(-1.,0.,0.));
#9333=DIRECTION('center_axis',(0.,-1.,0.));
#9334=DIRECTION('ref_axis',(-1.,0.,0.));
#9335=DIRECTION('',(0.,-1.,0.));
#9336=DIRECTION('center_axis',(0.,1.,0.));
#9337=DIRECTION('ref_axis',(-1.,0.,0.));
#9338=DIRECTION('center_axis',(0.,1.,0.));
#9339=DIRECTION('ref_axis',(-1.,0.,0.));
#9340=DIRECTION('',(0.,-1.,0.));
#9341=DIRECTION('center_axis',(0.,1.,0.));
#9342=DIRECTION('ref_axis',(-1.,0.,0.));
#9343=DIRECTION('center_axis',(0.,1.,0.));
#9344=DIRECTION('ref_axis',(1.,0.,0.));
#9345=DIRECTION('center_axis',(0.,1.,0.));
#9346=DIRECTION('ref_axis',(1.,0.,0.));
#9347=DIRECTION('',(0.,1.,0.));
#9348=DIRECTION('center_axis',(0.,1.,0.));
#9349=DIRECTION('ref_axis',(1.,0.,0.));
#9350=DIRECTION('center_axis',(0.,-1.,0.));
#9351=DIRECTION('ref_axis',(1.,0.,0.));
#9352=DIRECTION('center_axis',(0.,-1.,0.));
#9353=DIRECTION('ref_axis',(-1.,0.,0.));
#9354=DIRECTION('center_axis',(0.,1.,0.));
#9355=DIRECTION('ref_axis',(-1.,0.,0.));
#9356=DIRECTION('center_axis',(0.,-1.,0.));
#9357=DIRECTION('ref_axis',(-1.,0.,0.));
#9358=DIRECTION('',(0.,-1.,0.));
#9359=DIRECTION('center_axis',(0.,1.,0.));
#9360=DIRECTION('ref_axis',(-1.,0.,0.));
#9361=DIRECTION('center_axis',(0.,1.,0.));
#9362=DIRECTION('ref_axis',(-1.,0.,0.));
#9363=DIRECTION('',(0.,-1.,0.));
#9364=DIRECTION('center_axis',(0.,1.,0.));
#9365=DIRECTION('ref_axis',(-1.,0.,0.));
#9366=DIRECTION('center_axis',(0.,1.,0.));
#9367=DIRECTION('ref_axis',(1.,0.,0.));
#9368=DIRECTION('center_axis',(0.,1.,0.));
#9369=DIRECTION('ref_axis',(1.,0.,0.));
#9370=DIRECTION('',(0.,1.,0.));
#9371=DIRECTION('center_axis',(0.,1.,0.));
#9372=DIRECTION('ref_axis',(1.,0.,0.));
#9373=DIRECTION('center_axis',(0.,-1.,0.));
#9374=DIRECTION('ref_axis',(1.,0.,0.));
#9375=DIRECTION('center_axis',(0.,-1.,0.));
#9376=DIRECTION('ref_axis',(-1.,0.,0.));
#9377=DIRECTION('center_axis',(0.,1.,0.));
#9378=DIRECTION('ref_axis',(-1.,0.,0.));
#9379=DIRECTION('center_axis',(0.,-1.,0.));
#9380=DIRECTION('ref_axis',(-1.,0.,0.));
#9381=DIRECTION('',(0.,-1.,0.));
#9382=DIRECTION('center_axis',(0.,1.,0.));
#9383=DIRECTION('ref_axis',(-1.,0.,0.));
#9384=DIRECTION('center_axis',(0.,1.,0.));
#9385=DIRECTION('ref_axis',(-1.,0.,0.));
#9386=DIRECTION('',(0.,-1.,0.));
#9387=DIRECTION('center_axis',(0.,1.,0.));
#9388=DIRECTION('ref_axis',(-1.,0.,0.));
#9389=DIRECTION('center_axis',(0.,1.,0.));
#9390=DIRECTION('ref_axis',(1.,0.,0.));
#9391=DIRECTION('center_axis',(0.,1.,0.));
#9392=DIRECTION('ref_axis',(1.,0.,0.));
#9393=DIRECTION('',(0.,1.,0.));
#9394=DIRECTION('center_axis',(0.,1.,0.));
#9395=DIRECTION('ref_axis',(1.,0.,0.));
#9396=DIRECTION('center_axis',(0.,-1.,0.));
#9397=DIRECTION('ref_axis',(1.,0.,0.));
#9398=DIRECTION('center_axis',(0.,-1.,0.));
#9399=DIRECTION('ref_axis',(-1.,0.,0.));
#9400=DIRECTION('center_axis',(0.,1.,0.));
#9401=DIRECTION('ref_axis',(-1.,0.,0.));
#9402=DIRECTION('center_axis',(0.,-1.,0.));
#9403=DIRECTION('ref_axis',(-1.,0.,0.));
#9404=DIRECTION('',(0.,-1.,0.));
#9405=DIRECTION('center_axis',(0.,1.,0.));
#9406=DIRECTION('ref_axis',(-1.,0.,0.));
#9407=DIRECTION('center_axis',(0.,1.,0.));
#9408=DIRECTION('ref_axis',(-1.,0.,0.));
#9409=DIRECTION('',(0.,-1.,0.));
#9410=DIRECTION('center_axis',(0.,1.,0.));
#9411=DIRECTION('ref_axis',(-1.,0.,0.));
#9412=DIRECTION('center_axis',(0.,1.,0.));
#9413=DIRECTION('ref_axis',(1.,0.,0.));
#9414=DIRECTION('center_axis',(0.,1.,0.));
#9415=DIRECTION('ref_axis',(1.,0.,0.));
#9416=DIRECTION('',(0.,1.,0.));
#9417=DIRECTION('center_axis',(0.,1.,0.));
#9418=DIRECTION('ref_axis',(1.,0.,0.));
#9419=DIRECTION('center_axis',(0.,-1.,0.));
#9420=DIRECTION('ref_axis',(1.,0.,0.));
#9421=DIRECTION('center_axis',(0.,-1.,0.));
#9422=DIRECTION('ref_axis',(-1.,0.,0.));
#9423=DIRECTION('center_axis',(0.,1.,0.));
#9424=DIRECTION('ref_axis',(-1.,0.,0.));
#9425=DIRECTION('center_axis',(0.,-1.,0.));
#9426=DIRECTION('ref_axis',(-1.,0.,0.));
#9427=DIRECTION('',(0.,-1.,0.));
#9428=DIRECTION('center_axis',(0.,1.,0.));
#9429=DIRECTION('ref_axis',(-1.,0.,0.));
#9430=DIRECTION('center_axis',(0.,1.,0.));
#9431=DIRECTION('ref_axis',(-1.,0.,0.));
#9432=DIRECTION('',(0.,-1.,0.));
#9433=DIRECTION('center_axis',(0.,1.,0.));
#9434=DIRECTION('ref_axis',(-1.,0.,0.));
#9435=DIRECTION('center_axis',(0.,1.,0.));
#9436=DIRECTION('ref_axis',(1.,0.,0.));
#9437=DIRECTION('center_axis',(0.,1.,0.));
#9438=DIRECTION('ref_axis',(1.,0.,0.));
#9439=DIRECTION('',(0.,1.,0.));
#9440=DIRECTION('center_axis',(0.,1.,0.));
#9441=DIRECTION('ref_axis',(1.,0.,0.));
#9442=DIRECTION('center_axis',(0.,-1.,0.));
#9443=DIRECTION('ref_axis',(1.,0.,0.));
#9444=DIRECTION('center_axis',(0.,-1.,0.));
#9445=DIRECTION('ref_axis',(-1.,0.,0.));
#9446=DIRECTION('center_axis',(0.,1.,0.));
#9447=DIRECTION('ref_axis',(-1.,0.,0.));
#9448=DIRECTION('center_axis',(0.,-1.,0.));
#9449=DIRECTION('ref_axis',(-1.,0.,0.));
#9450=DIRECTION('',(0.,-1.,0.));
#9451=DIRECTION('center_axis',(0.,1.,0.));
#9452=DIRECTION('ref_axis',(-1.,0.,0.));
#9453=DIRECTION('center_axis',(0.,1.,0.));
#9454=DIRECTION('ref_axis',(-1.,0.,0.));
#9455=DIRECTION('',(0.,-1.,0.));
#9456=DIRECTION('center_axis',(0.,1.,0.));
#9457=DIRECTION('ref_axis',(-1.,0.,0.));
#9458=DIRECTION('center_axis',(0.,1.,0.));
#9459=DIRECTION('ref_axis',(1.,0.,0.));
#9460=DIRECTION('center_axis',(0.,1.,0.));
#9461=DIRECTION('ref_axis',(1.,0.,0.));
#9462=DIRECTION('',(0.,1.,0.));
#9463=DIRECTION('center_axis',(0.,1.,0.));
#9464=DIRECTION('ref_axis',(1.,0.,0.));
#9465=DIRECTION('center_axis',(0.,-1.,0.));
#9466=DIRECTION('ref_axis',(1.,0.,0.));
#9467=DIRECTION('center_axis',(0.,-1.,0.));
#9468=DIRECTION('ref_axis',(-1.,0.,0.));
#9469=DIRECTION('center_axis',(0.,1.,0.));
#9470=DIRECTION('ref_axis',(-1.,0.,0.));
#9471=DIRECTION('center_axis',(0.,-1.,0.));
#9472=DIRECTION('ref_axis',(-1.,0.,0.));
#9473=DIRECTION('',(0.,-1.,0.));
#9474=DIRECTION('center_axis',(0.,1.,0.));
#9475=DIRECTION('ref_axis',(-1.,0.,0.));
#9476=DIRECTION('center_axis',(0.,1.,0.));
#9477=DIRECTION('ref_axis',(-1.,0.,0.));
#9478=DIRECTION('',(0.,-1.,0.));
#9479=DIRECTION('center_axis',(0.,1.,0.));
#9480=DIRECTION('ref_axis',(-1.,0.,0.));
#9481=DIRECTION('center_axis',(0.,1.,0.));
#9482=DIRECTION('ref_axis',(1.,0.,0.));
#9483=DIRECTION('center_axis',(0.,1.,0.));
#9484=DIRECTION('ref_axis',(1.,0.,0.));
#9485=DIRECTION('',(0.,1.,0.));
#9486=DIRECTION('center_axis',(0.,1.,0.));
#9487=DIRECTION('ref_axis',(1.,0.,0.));
#9488=DIRECTION('center_axis',(0.,-1.,0.));
#9489=DIRECTION('ref_axis',(1.,0.,0.));
#9490=DIRECTION('center_axis',(0.,-1.,0.));
#9491=DIRECTION('ref_axis',(-1.,0.,0.));
#9492=DIRECTION('center_axis',(0.,1.,0.));
#9493=DIRECTION('ref_axis',(-1.,0.,0.));
#9494=DIRECTION('center_axis',(0.,-1.,0.));
#9495=DIRECTION('ref_axis',(-1.,0.,0.));
#9496=DIRECTION('',(0.,-1.,0.));
#9497=DIRECTION('center_axis',(0.,1.,0.));
#9498=DIRECTION('ref_axis',(-1.,0.,0.));
#9499=DIRECTION('center_axis',(0.,1.,0.));
#9500=DIRECTION('ref_axis',(-1.,0.,0.));
#9501=DIRECTION('',(0.,-1.,0.));
#9502=DIRECTION('center_axis',(0.,1.,0.));
#9503=DIRECTION('ref_axis',(-1.,0.,0.));
#9504=DIRECTION('center_axis',(0.,1.,0.));
#9505=DIRECTION('ref_axis',(1.,0.,0.));
#9506=DIRECTION('center_axis',(0.,1.,0.));
#9507=DIRECTION('ref_axis',(1.,0.,0.));
#9508=DIRECTION('',(0.,1.,0.));
#9509=DIRECTION('center_axis',(0.,1.,0.));
#9510=DIRECTION('ref_axis',(1.,0.,0.));
#9511=DIRECTION('center_axis',(0.,-1.,0.));
#9512=DIRECTION('ref_axis',(1.,0.,0.));
#9513=DIRECTION('center_axis',(0.,-1.,0.));
#9514=DIRECTION('ref_axis',(-1.,0.,0.));
#9515=DIRECTION('center_axis',(0.,1.,0.));
#9516=DIRECTION('ref_axis',(-1.,0.,0.));
#9517=DIRECTION('center_axis',(0.,-1.,0.));
#9518=DIRECTION('ref_axis',(-1.,0.,0.));
#9519=DIRECTION('',(0.,-1.,0.));
#9520=DIRECTION('center_axis',(0.,1.,0.));
#9521=DIRECTION('ref_axis',(-1.,0.,0.));
#9522=DIRECTION('center_axis',(0.,1.,0.));
#9523=DIRECTION('ref_axis',(-1.,0.,0.));
#9524=DIRECTION('',(0.,-1.,0.));
#9525=DIRECTION('center_axis',(0.,1.,0.));
#9526=DIRECTION('ref_axis',(-1.,0.,0.));
#9527=DIRECTION('center_axis',(0.,1.,0.));
#9528=DIRECTION('ref_axis',(1.,0.,0.));
#9529=DIRECTION('center_axis',(0.,1.,0.));
#9530=DIRECTION('ref_axis',(1.,0.,0.));
#9531=DIRECTION('',(0.,1.,0.));
#9532=DIRECTION('center_axis',(0.,1.,0.));
#9533=DIRECTION('ref_axis',(1.,0.,0.));
#9534=DIRECTION('center_axis',(0.,-1.,0.));
#9535=DIRECTION('ref_axis',(1.,0.,0.));
#9536=DIRECTION('center_axis',(0.,-1.,0.));
#9537=DIRECTION('ref_axis',(-1.,0.,0.));
#9538=DIRECTION('center_axis',(0.,1.,0.));
#9539=DIRECTION('ref_axis',(-1.,0.,0.));
#9540=DIRECTION('center_axis',(0.,-1.,0.));
#9541=DIRECTION('ref_axis',(-1.,0.,0.));
#9542=DIRECTION('',(0.,-1.,0.));
#9543=DIRECTION('center_axis',(0.,1.,0.));
#9544=DIRECTION('ref_axis',(-1.,0.,0.));
#9545=DIRECTION('center_axis',(0.,1.,0.));
#9546=DIRECTION('ref_axis',(-1.,0.,0.));
#9547=DIRECTION('',(0.,-1.,0.));
#9548=DIRECTION('center_axis',(0.,1.,0.));
#9549=DIRECTION('ref_axis',(-1.,0.,0.));
#9550=DIRECTION('center_axis',(0.,1.,0.));
#9551=DIRECTION('ref_axis',(1.,0.,0.));
#9552=DIRECTION('center_axis',(0.,1.,0.));
#9553=DIRECTION('ref_axis',(1.,0.,0.));
#9554=DIRECTION('',(0.,1.,0.));
#9555=DIRECTION('center_axis',(0.,1.,0.));
#9556=DIRECTION('ref_axis',(1.,0.,0.));
#9557=DIRECTION('center_axis',(0.,-1.,0.));
#9558=DIRECTION('ref_axis',(1.,0.,0.));
#9559=DIRECTION('center_axis',(0.,-1.,0.));
#9560=DIRECTION('ref_axis',(-1.,0.,0.));
#9561=DIRECTION('center_axis',(0.,1.,0.));
#9562=DIRECTION('ref_axis',(-1.,0.,0.));
#9563=DIRECTION('center_axis',(0.,-1.,0.));
#9564=DIRECTION('ref_axis',(-1.,0.,0.));
#9565=DIRECTION('',(0.,-1.,0.));
#9566=DIRECTION('center_axis',(0.,1.,0.));
#9567=DIRECTION('ref_axis',(-1.,0.,0.));
#9568=DIRECTION('center_axis',(0.,1.,0.));
#9569=DIRECTION('ref_axis',(-1.,0.,0.));
#9570=DIRECTION('',(0.,-1.,0.));
#9571=DIRECTION('center_axis',(0.,1.,0.));
#9572=DIRECTION('ref_axis',(-1.,0.,0.));
#9573=DIRECTION('center_axis',(0.,1.,0.));
#9574=DIRECTION('ref_axis',(1.,0.,0.));
#9575=DIRECTION('center_axis',(0.,1.,0.));
#9576=DIRECTION('ref_axis',(1.,0.,0.));
#9577=DIRECTION('',(0.,1.,0.));
#9578=DIRECTION('center_axis',(0.,1.,0.));
#9579=DIRECTION('ref_axis',(1.,0.,0.));
#9580=DIRECTION('center_axis',(0.,-1.,0.));
#9581=DIRECTION('ref_axis',(1.,0.,0.));
#9582=DIRECTION('center_axis',(0.,-1.,0.));
#9583=DIRECTION('ref_axis',(-1.,0.,0.));
#9584=DIRECTION('center_axis',(0.,1.,0.));
#9585=DIRECTION('ref_axis',(-1.,0.,0.));
#9586=DIRECTION('center_axis',(0.,-1.,0.));
#9587=DIRECTION('ref_axis',(-1.,0.,0.));
#9588=DIRECTION('',(0.,-1.,0.));
#9589=DIRECTION('center_axis',(0.,1.,0.));
#9590=DIRECTION('ref_axis',(-1.,0.,0.));
#9591=DIRECTION('center_axis',(0.,1.,0.));
#9592=DIRECTION('ref_axis',(-1.,0.,0.));
#9593=DIRECTION('',(0.,-1.,0.));
#9594=DIRECTION('center_axis',(0.,1.,0.));
#9595=DIRECTION('ref_axis',(-1.,0.,0.));
#9596=DIRECTION('center_axis',(0.,1.,0.));
#9597=DIRECTION('ref_axis',(1.,0.,0.));
#9598=DIRECTION('center_axis',(0.,1.,0.));
#9599=DIRECTION('ref_axis',(1.,0.,0.));
#9600=DIRECTION('',(0.,1.,0.));
#9601=DIRECTION('center_axis',(0.,1.,0.));
#9602=DIRECTION('ref_axis',(1.,0.,0.));
#9603=DIRECTION('center_axis',(0.,-1.,0.));
#9604=DIRECTION('ref_axis',(1.,0.,0.));
#9605=DIRECTION('center_axis',(0.,-1.,0.));
#9606=DIRECTION('ref_axis',(-1.,0.,0.));
#9607=DIRECTION('center_axis',(0.,1.,0.));
#9608=DIRECTION('ref_axis',(-1.,0.,0.));
#9609=DIRECTION('center_axis',(0.,-1.,0.));
#9610=DIRECTION('ref_axis',(-1.,0.,0.));
#9611=DIRECTION('',(0.,-1.,0.));
#9612=DIRECTION('center_axis',(0.,1.,0.));
#9613=DIRECTION('ref_axis',(-1.,0.,0.));
#9614=DIRECTION('center_axis',(0.,1.,0.));
#9615=DIRECTION('ref_axis',(-1.,0.,0.));
#9616=DIRECTION('',(0.,-1.,0.));
#9617=DIRECTION('center_axis',(0.,1.,0.));
#9618=DIRECTION('ref_axis',(-1.,0.,0.));
#9619=DIRECTION('center_axis',(0.,1.,0.));
#9620=DIRECTION('ref_axis',(1.,0.,0.));
#9621=DIRECTION('center_axis',(0.,1.,0.));
#9622=DIRECTION('ref_axis',(1.,0.,0.));
#9623=DIRECTION('',(0.,1.,0.));
#9624=DIRECTION('center_axis',(0.,1.,0.));
#9625=DIRECTION('ref_axis',(1.,0.,0.));
#9626=DIRECTION('center_axis',(0.,-1.,0.));
#9627=DIRECTION('ref_axis',(1.,0.,0.));
#9628=DIRECTION('center_axis',(0.,-1.,0.));
#9629=DIRECTION('ref_axis',(-1.,0.,0.));
#9630=DIRECTION('center_axis',(0.,1.,0.));
#9631=DIRECTION('ref_axis',(-1.,0.,0.));
#9632=DIRECTION('center_axis',(0.,-1.,0.));
#9633=DIRECTION('ref_axis',(-1.,0.,0.));
#9634=DIRECTION('',(0.,-1.,0.));
#9635=DIRECTION('center_axis',(0.,1.,0.));
#9636=DIRECTION('ref_axis',(-1.,0.,0.));
#9637=DIRECTION('center_axis',(0.,1.,0.));
#9638=DIRECTION('ref_axis',(-1.,0.,0.));
#9639=DIRECTION('',(0.,-1.,0.));
#9640=DIRECTION('center_axis',(0.,1.,0.));
#9641=DIRECTION('ref_axis',(-1.,0.,0.));
#9642=DIRECTION('center_axis',(0.,1.,0.));
#9643=DIRECTION('ref_axis',(1.,0.,0.));
#9644=DIRECTION('center_axis',(0.,1.,0.));
#9645=DIRECTION('ref_axis',(1.,0.,0.));
#9646=DIRECTION('',(0.,1.,0.));
#9647=DIRECTION('center_axis',(0.,1.,0.));
#9648=DIRECTION('ref_axis',(1.,0.,0.));
#9649=DIRECTION('center_axis',(0.,-1.,0.));
#9650=DIRECTION('ref_axis',(1.,0.,0.));
#9651=DIRECTION('center_axis',(0.,-1.,0.));
#9652=DIRECTION('ref_axis',(-1.,0.,0.));
#9653=DIRECTION('center_axis',(0.,1.,0.));
#9654=DIRECTION('ref_axis',(-1.,0.,0.));
#9655=DIRECTION('center_axis',(0.,-1.,0.));
#9656=DIRECTION('ref_axis',(-1.,0.,0.));
#9657=DIRECTION('',(0.,-1.,0.));
#9658=DIRECTION('center_axis',(0.,1.,0.));
#9659=DIRECTION('ref_axis',(-1.,0.,0.));
#9660=DIRECTION('center_axis',(0.,1.,0.));
#9661=DIRECTION('ref_axis',(-1.,0.,0.));
#9662=DIRECTION('',(0.,-1.,0.));
#9663=DIRECTION('center_axis',(0.,1.,0.));
#9664=DIRECTION('ref_axis',(-1.,0.,0.));
#9665=DIRECTION('center_axis',(0.,1.,0.));
#9666=DIRECTION('ref_axis',(1.,0.,0.));
#9667=DIRECTION('center_axis',(0.,1.,0.));
#9668=DIRECTION('ref_axis',(1.,0.,0.));
#9669=DIRECTION('',(0.,1.,0.));
#9670=DIRECTION('center_axis',(0.,1.,0.));
#9671=DIRECTION('ref_axis',(1.,0.,0.));
#9672=DIRECTION('center_axis',(0.,-1.,0.));
#9673=DIRECTION('ref_axis',(1.,0.,0.));
#9674=DIRECTION('center_axis',(0.,-1.,0.));
#9675=DIRECTION('ref_axis',(-1.,0.,0.));
#9676=DIRECTION('center_axis',(0.,1.,0.));
#9677=DIRECTION('ref_axis',(-1.,0.,0.));
#9678=DIRECTION('center_axis',(0.,-1.,0.));
#9679=DIRECTION('ref_axis',(-1.,0.,0.));
#9680=DIRECTION('',(0.,-1.,0.));
#9681=DIRECTION('center_axis',(0.,1.,0.));
#9682=DIRECTION('ref_axis',(-1.,0.,0.));
#9683=DIRECTION('center_axis',(0.,1.,0.));
#9684=DIRECTION('ref_axis',(-1.,0.,0.));
#9685=DIRECTION('',(0.,-1.,0.));
#9686=DIRECTION('center_axis',(0.,1.,0.));
#9687=DIRECTION('ref_axis',(-1.,0.,0.));
#9688=DIRECTION('center_axis',(0.,1.,0.));
#9689=DIRECTION('ref_axis',(1.,0.,0.));
#9690=DIRECTION('center_axis',(0.,1.,0.));
#9691=DIRECTION('ref_axis',(1.,0.,0.));
#9692=DIRECTION('',(0.,1.,0.));
#9693=DIRECTION('center_axis',(0.,1.,0.));
#9694=DIRECTION('ref_axis',(1.,0.,0.));
#9695=DIRECTION('center_axis',(0.,-1.,0.));
#9696=DIRECTION('ref_axis',(1.,0.,0.));
#9697=DIRECTION('center_axis',(0.,-1.,0.));
#9698=DIRECTION('ref_axis',(-1.,0.,0.));
#9699=DIRECTION('center_axis',(0.,1.,0.));
#9700=DIRECTION('ref_axis',(-1.,0.,0.));
#9701=DIRECTION('center_axis',(0.,-1.,0.));
#9702=DIRECTION('ref_axis',(-1.,0.,0.));
#9703=DIRECTION('',(0.,-1.,0.));
#9704=DIRECTION('center_axis',(0.,1.,0.));
#9705=DIRECTION('ref_axis',(-1.,0.,0.));
#9706=DIRECTION('center_axis',(0.,1.,0.));
#9707=DIRECTION('ref_axis',(-1.,0.,0.));
#9708=DIRECTION('',(0.,-1.,0.));
#9709=DIRECTION('center_axis',(0.,1.,0.));
#9710=DIRECTION('ref_axis',(-1.,0.,0.));
#9711=DIRECTION('center_axis',(0.,1.,0.));
#9712=DIRECTION('ref_axis',(1.,0.,0.));
#9713=DIRECTION('center_axis',(0.,1.,0.));
#9714=DIRECTION('ref_axis',(1.,0.,0.));
#9715=DIRECTION('',(0.,1.,0.));
#9716=DIRECTION('center_axis',(0.,1.,0.));
#9717=DIRECTION('ref_axis',(1.,0.,0.));
#9718=DIRECTION('center_axis',(0.,-1.,0.));
#9719=DIRECTION('ref_axis',(1.,0.,0.));
#9720=DIRECTION('center_axis',(0.,-1.,0.));
#9721=DIRECTION('ref_axis',(-1.,0.,0.));
#9722=DIRECTION('center_axis',(0.,1.,0.));
#9723=DIRECTION('ref_axis',(-1.,0.,0.));
#9724=DIRECTION('center_axis',(0.,-1.,0.));
#9725=DIRECTION('ref_axis',(-1.,0.,0.));
#9726=DIRECTION('',(0.,-1.,0.));
#9727=DIRECTION('center_axis',(0.,1.,0.));
#9728=DIRECTION('ref_axis',(-1.,0.,0.));
#9729=DIRECTION('center_axis',(0.,1.,0.));
#9730=DIRECTION('ref_axis',(-1.,0.,0.));
#9731=DIRECTION('',(0.,-1.,0.));
#9732=DIRECTION('center_axis',(0.,1.,0.));
#9733=DIRECTION('ref_axis',(-1.,0.,0.));
#9734=DIRECTION('center_axis',(0.,1.,0.));
#9735=DIRECTION('ref_axis',(1.,0.,0.));
#9736=DIRECTION('center_axis',(0.,1.,0.));
#9737=DIRECTION('ref_axis',(1.,0.,0.));
#9738=DIRECTION('',(0.,1.,0.));
#9739=DIRECTION('center_axis',(0.,1.,0.));
#9740=DIRECTION('ref_axis',(1.,0.,0.));
#9741=DIRECTION('center_axis',(0.,-1.,0.));
#9742=DIRECTION('ref_axis',(1.,0.,0.));
#9743=DIRECTION('center_axis',(0.,-1.,0.));
#9744=DIRECTION('ref_axis',(-1.,0.,0.));
#9745=DIRECTION('center_axis',(0.,1.,0.));
#9746=DIRECTION('ref_axis',(-1.,0.,0.));
#9747=DIRECTION('center_axis',(0.,-1.,0.));
#9748=DIRECTION('ref_axis',(-1.,0.,0.));
#9749=DIRECTION('',(0.,-1.,0.));
#9750=DIRECTION('center_axis',(0.,1.,0.));
#9751=DIRECTION('ref_axis',(-1.,0.,0.));
#9752=DIRECTION('center_axis',(0.,1.,0.));
#9753=DIRECTION('ref_axis',(-1.,0.,0.));
#9754=DIRECTION('',(0.,-1.,0.));
#9755=DIRECTION('center_axis',(0.,1.,0.));
#9756=DIRECTION('ref_axis',(-1.,0.,0.));
#9757=DIRECTION('center_axis',(0.,1.,0.));
#9758=DIRECTION('ref_axis',(1.,0.,0.));
#9759=DIRECTION('center_axis',(0.,1.,0.));
#9760=DIRECTION('ref_axis',(1.,0.,0.));
#9761=DIRECTION('',(0.,1.,0.));
#9762=DIRECTION('center_axis',(0.,1.,0.));
#9763=DIRECTION('ref_axis',(1.,0.,0.));
#9764=DIRECTION('center_axis',(0.,-1.,0.));
#9765=DIRECTION('ref_axis',(1.,0.,0.));
#9766=DIRECTION('center_axis',(0.,-1.,0.));
#9767=DIRECTION('ref_axis',(-1.,0.,0.));
#9768=DIRECTION('center_axis',(0.,1.,0.));
#9769=DIRECTION('ref_axis',(-1.,0.,0.));
#9770=DIRECTION('center_axis',(0.,-1.,0.));
#9771=DIRECTION('ref_axis',(-1.,0.,0.));
#9772=DIRECTION('',(0.,-1.,0.));
#9773=DIRECTION('center_axis',(0.,1.,0.));
#9774=DIRECTION('ref_axis',(-1.,0.,0.));
#9775=DIRECTION('center_axis',(0.,1.,0.));
#9776=DIRECTION('ref_axis',(-1.,0.,0.));
#9777=DIRECTION('',(0.,-1.,0.));
#9778=DIRECTION('center_axis',(0.,1.,0.));
#9779=DIRECTION('ref_axis',(-1.,0.,0.));
#9780=DIRECTION('center_axis',(0.,1.,0.));
#9781=DIRECTION('ref_axis',(1.,0.,0.));
#9782=DIRECTION('center_axis',(0.,1.,0.));
#9783=DIRECTION('ref_axis',(1.,0.,0.));
#9784=DIRECTION('',(0.,1.,0.));
#9785=DIRECTION('center_axis',(0.,1.,0.));
#9786=DIRECTION('ref_axis',(1.,0.,0.));
#9787=DIRECTION('center_axis',(0.,-1.,0.));
#9788=DIRECTION('ref_axis',(1.,0.,0.));
#9789=DIRECTION('center_axis',(0.,-1.,0.));
#9790=DIRECTION('ref_axis',(-1.,0.,0.));
#9791=DIRECTION('center_axis',(0.,1.,0.));
#9792=DIRECTION('ref_axis',(-1.,0.,0.));
#9793=DIRECTION('center_axis',(0.,-1.,0.));
#9794=DIRECTION('ref_axis',(-1.,0.,0.));
#9795=DIRECTION('',(0.,-1.,0.));
#9796=DIRECTION('center_axis',(0.,1.,0.));
#9797=DIRECTION('ref_axis',(-1.,0.,0.));
#9798=DIRECTION('center_axis',(0.,1.,0.));
#9799=DIRECTION('ref_axis',(-1.,0.,0.));
#9800=DIRECTION('',(0.,-1.,0.));
#9801=DIRECTION('center_axis',(0.,1.,0.));
#9802=DIRECTION('ref_axis',(-1.,0.,0.));
#9803=DIRECTION('center_axis',(0.,1.,0.));
#9804=DIRECTION('ref_axis',(1.,0.,0.));
#9805=DIRECTION('center_axis',(0.,1.,0.));
#9806=DIRECTION('ref_axis',(1.,0.,0.));
#9807=DIRECTION('',(0.,1.,0.));
#9808=DIRECTION('center_axis',(0.,1.,0.));
#9809=DIRECTION('ref_axis',(1.,0.,0.));
#9810=DIRECTION('center_axis',(0.,-1.,0.));
#9811=DIRECTION('ref_axis',(1.,0.,0.));
#9812=DIRECTION('center_axis',(0.,-1.,0.));
#9813=DIRECTION('ref_axis',(-1.,0.,0.));
#9814=DIRECTION('center_axis',(0.,1.,0.));
#9815=DIRECTION('ref_axis',(-1.,0.,0.));
#9816=DIRECTION('center_axis',(0.,-1.,0.));
#9817=DIRECTION('ref_axis',(-1.,0.,0.));
#9818=DIRECTION('',(0.,-1.,0.));
#9819=DIRECTION('center_axis',(0.,1.,0.));
#9820=DIRECTION('ref_axis',(-1.,0.,0.));
#9821=DIRECTION('center_axis',(0.,1.,0.));
#9822=DIRECTION('ref_axis',(-1.,0.,0.));
#9823=DIRECTION('',(0.,-1.,0.));
#9824=DIRECTION('center_axis',(0.,1.,0.));
#9825=DIRECTION('ref_axis',(-1.,0.,0.));
#9826=DIRECTION('center_axis',(0.,1.,0.));
#9827=DIRECTION('ref_axis',(1.,0.,0.));
#9828=DIRECTION('center_axis',(0.,1.,0.));
#9829=DIRECTION('ref_axis',(1.,0.,0.));
#9830=DIRECTION('',(0.,1.,0.));
#9831=DIRECTION('center_axis',(0.,1.,0.));
#9832=DIRECTION('ref_axis',(1.,0.,0.));
#9833=DIRECTION('center_axis',(0.,-1.,0.));
#9834=DIRECTION('ref_axis',(1.,0.,0.));
#9835=DIRECTION('center_axis',(0.,-1.,0.));
#9836=DIRECTION('ref_axis',(-1.,0.,0.));
#9837=DIRECTION('center_axis',(0.,1.,0.));
#9838=DIRECTION('ref_axis',(-1.,0.,0.));
#9839=DIRECTION('center_axis',(0.,-1.,0.));
#9840=DIRECTION('ref_axis',(-1.,0.,0.));
#9841=DIRECTION('',(0.,-1.,0.));
#9842=DIRECTION('center_axis',(0.,1.,0.));
#9843=DIRECTION('ref_axis',(-1.,0.,0.));
#9844=DIRECTION('center_axis',(0.,1.,0.));
#9845=DIRECTION('ref_axis',(-1.,0.,0.));
#9846=DIRECTION('',(0.,-1.,0.));
#9847=DIRECTION('center_axis',(0.,1.,0.));
#9848=DIRECTION('ref_axis',(-1.,0.,0.));
#9849=DIRECTION('center_axis',(0.,1.,0.));
#9850=DIRECTION('ref_axis',(1.,0.,0.));
#9851=DIRECTION('center_axis',(0.,1.,0.));
#9852=DIRECTION('ref_axis',(1.,0.,0.));
#9853=DIRECTION('',(0.,1.,0.));
#9854=DIRECTION('center_axis',(0.,1.,0.));
#9855=DIRECTION('ref_axis',(1.,0.,0.));
#9856=DIRECTION('center_axis',(0.,-1.,0.));
#9857=DIRECTION('ref_axis',(1.,0.,0.));
#9858=DIRECTION('center_axis',(0.,-1.,0.));
#9859=DIRECTION('ref_axis',(-1.,0.,0.));
#9860=DIRECTION('center_axis',(0.,1.,0.));
#9861=DIRECTION('ref_axis',(-1.,0.,0.));
#9862=DIRECTION('center_axis',(0.,-1.,0.));
#9863=DIRECTION('ref_axis',(-1.,0.,0.));
#9864=DIRECTION('',(0.,-1.,0.));
#9865=DIRECTION('center_axis',(0.,1.,0.));
#9866=DIRECTION('ref_axis',(-1.,0.,0.));
#9867=DIRECTION('center_axis',(0.,1.,0.));
#9868=DIRECTION('ref_axis',(-1.,0.,0.));
#9869=DIRECTION('',(0.,-1.,0.));
#9870=DIRECTION('center_axis',(0.,1.,0.));
#9871=DIRECTION('ref_axis',(-1.,0.,0.));
#9872=DIRECTION('center_axis',(0.,1.,0.));
#9873=DIRECTION('ref_axis',(1.,0.,0.));
#9874=DIRECTION('center_axis',(0.,1.,0.));
#9875=DIRECTION('ref_axis',(1.,0.,0.));
#9876=DIRECTION('',(0.,1.,0.));
#9877=DIRECTION('center_axis',(0.,1.,0.));
#9878=DIRECTION('ref_axis',(1.,0.,0.));
#9879=DIRECTION('center_axis',(0.,-1.,0.));
#9880=DIRECTION('ref_axis',(1.,0.,0.));
#9881=DIRECTION('center_axis',(0.,-1.,0.));
#9882=DIRECTION('ref_axis',(-1.,0.,0.));
#9883=DIRECTION('center_axis',(0.,1.,0.));
#9884=DIRECTION('ref_axis',(-1.,0.,0.));
#9885=DIRECTION('center_axis',(0.,-1.,0.));
#9886=DIRECTION('ref_axis',(-1.,0.,0.));
#9887=DIRECTION('',(0.,-1.,0.));
#9888=DIRECTION('center_axis',(0.,1.,0.));
#9889=DIRECTION('ref_axis',(-1.,0.,0.));
#9890=DIRECTION('center_axis',(0.,1.,0.));
#9891=DIRECTION('ref_axis',(-1.,0.,0.));
#9892=DIRECTION('',(0.,-1.,0.));
#9893=DIRECTION('center_axis',(0.,1.,0.));
#9894=DIRECTION('ref_axis',(-1.,0.,0.));
#9895=DIRECTION('center_axis',(0.,1.,0.));
#9896=DIRECTION('ref_axis',(1.,0.,0.));
#9897=DIRECTION('center_axis',(0.,1.,0.));
#9898=DIRECTION('ref_axis',(1.,0.,0.));
#9899=DIRECTION('',(0.,1.,0.));
#9900=DIRECTION('center_axis',(0.,1.,0.));
#9901=DIRECTION('ref_axis',(1.,0.,0.));
#9902=DIRECTION('center_axis',(0.,-1.,0.));
#9903=DIRECTION('ref_axis',(1.,0.,0.));
#9904=DIRECTION('center_axis',(0.,-1.,0.));
#9905=DIRECTION('ref_axis',(-1.,0.,0.));
#9906=DIRECTION('center_axis',(0.,1.,0.));
#9907=DIRECTION('ref_axis',(-1.,0.,0.));
#9908=DIRECTION('center_axis',(0.,-1.,0.));
#9909=DIRECTION('ref_axis',(-1.,0.,0.));
#9910=DIRECTION('',(0.,-1.,0.));
#9911=DIRECTION('center_axis',(0.,1.,0.));
#9912=DIRECTION('ref_axis',(-1.,0.,0.));
#9913=DIRECTION('center_axis',(0.,1.,0.));
#9914=DIRECTION('ref_axis',(-1.,0.,0.));
#9915=DIRECTION('',(0.,-1.,0.));
#9916=DIRECTION('center_axis',(0.,1.,0.));
#9917=DIRECTION('ref_axis',(-1.,0.,0.));
#9918=DIRECTION('center_axis',(0.,1.,0.));
#9919=DIRECTION('ref_axis',(1.,0.,0.));
#9920=DIRECTION('center_axis',(0.,1.,0.));
#9921=DIRECTION('ref_axis',(1.,0.,0.));
#9922=DIRECTION('',(0.,1.,0.));
#9923=DIRECTION('center_axis',(0.,1.,0.));
#9924=DIRECTION('ref_axis',(1.,0.,0.));
#9925=DIRECTION('center_axis',(0.,-1.,0.));
#9926=DIRECTION('ref_axis',(1.,0.,0.));
#9927=DIRECTION('center_axis',(0.,-1.,0.));
#9928=DIRECTION('ref_axis',(-1.,0.,0.));
#9929=DIRECTION('center_axis',(0.,1.,0.));
#9930=DIRECTION('ref_axis',(-1.,0.,0.));
#9931=DIRECTION('center_axis',(0.,-1.,0.));
#9932=DIRECTION('ref_axis',(-1.,0.,0.));
#9933=DIRECTION('',(0.,-1.,0.));
#9934=DIRECTION('center_axis',(0.,1.,0.));
#9935=DIRECTION('ref_axis',(-1.,0.,0.));
#9936=DIRECTION('center_axis',(0.,1.,0.));
#9937=DIRECTION('ref_axis',(-1.,0.,0.));
#9938=DIRECTION('',(0.,-1.,0.));
#9939=DIRECTION('center_axis',(0.,1.,0.));
#9940=DIRECTION('ref_axis',(-1.,0.,0.));
#9941=DIRECTION('center_axis',(0.,1.,0.));
#9942=DIRECTION('ref_axis',(1.,0.,0.));
#9943=DIRECTION('center_axis',(0.,1.,0.));
#9944=DIRECTION('ref_axis',(1.,0.,0.));
#9945=DIRECTION('',(0.,1.,0.));
#9946=DIRECTION('center_axis',(0.,1.,0.));
#9947=DIRECTION('ref_axis',(1.,0.,0.));
#9948=DIRECTION('center_axis',(0.,-1.,0.));
#9949=DIRECTION('ref_axis',(1.,0.,0.));
#9950=DIRECTION('center_axis',(0.,-1.,0.));
#9951=DIRECTION('ref_axis',(-1.,0.,0.));
#9952=DIRECTION('center_axis',(0.,1.,0.));
#9953=DIRECTION('ref_axis',(-1.,0.,0.));
#9954=DIRECTION('center_axis',(0.,-1.,0.));
#9955=DIRECTION('ref_axis',(-1.,0.,0.));
#9956=DIRECTION('',(0.,-1.,0.));
#9957=DIRECTION('center_axis',(0.,1.,0.));
#9958=DIRECTION('ref_axis',(-1.,0.,0.));
#9959=DIRECTION('center_axis',(0.,1.,0.));
#9960=DIRECTION('ref_axis',(-1.,0.,0.));
#9961=DIRECTION('',(0.,-1.,0.));
#9962=DIRECTION('center_axis',(0.,1.,0.));
#9963=DIRECTION('ref_axis',(-1.,0.,0.));
#9964=DIRECTION('center_axis',(0.,1.,0.));
#9965=DIRECTION('ref_axis',(1.,0.,0.));
#9966=DIRECTION('center_axis',(0.,1.,0.));
#9967=DIRECTION('ref_axis',(1.,0.,0.));
#9968=DIRECTION('',(0.,1.,0.));
#9969=DIRECTION('center_axis',(0.,1.,0.));
#9970=DIRECTION('ref_axis',(1.,0.,0.));
#9971=DIRECTION('center_axis',(0.,-1.,0.));
#9972=DIRECTION('ref_axis',(1.,0.,0.));
#9973=DIRECTION('center_axis',(0.,-1.,0.));
#9974=DIRECTION('ref_axis',(-1.,0.,0.));
#9975=DIRECTION('center_axis',(0.,1.,0.));
#9976=DIRECTION('ref_axis',(-1.,0.,0.));
#9977=DIRECTION('center_axis',(0.,-1.,0.));
#9978=DIRECTION('ref_axis',(-1.,0.,0.));
#9979=DIRECTION('',(0.,-1.,0.));
#9980=DIRECTION('center_axis',(0.,1.,0.));
#9981=DIRECTION('ref_axis',(-1.,0.,0.));
#9982=DIRECTION('center_axis',(0.,1.,0.));
#9983=DIRECTION('ref_axis',(-1.,0.,0.));
#9984=DIRECTION('',(0.,-1.,0.));
#9985=DIRECTION('center_axis',(0.,1.,0.));
#9986=DIRECTION('ref_axis',(-1.,0.,0.));
#9987=DIRECTION('center_axis',(0.,1.,0.));
#9988=DIRECTION('ref_axis',(1.,0.,0.));
#9989=DIRECTION('center_axis',(0.,1.,0.));
#9990=DIRECTION('ref_axis',(1.,0.,0.));
#9991=DIRECTION('',(0.,1.,0.));
#9992=DIRECTION('center_axis',(0.,1.,0.));
#9993=DIRECTION('ref_axis',(1.,0.,0.));
#9994=DIRECTION('center_axis',(0.,-1.,0.));
#9995=DIRECTION('ref_axis',(1.,0.,0.));
#9996=DIRECTION('center_axis',(0.,-1.,0.));
#9997=DIRECTION('ref_axis',(-1.,0.,0.));
#9998=DIRECTION('center_axis',(0.,1.,0.));
#9999=DIRECTION('ref_axis',(-1.,0.,0.));
#10000=DIRECTION('center_axis',(0.,-1.,0.));
#10001=DIRECTION('ref_axis',(-1.,0.,0.));
#10002=DIRECTION('',(0.,-1.,0.));
#10003=DIRECTION('center_axis',(0.,1.,0.));
#10004=DIRECTION('ref_axis',(-1.,0.,0.));
#10005=DIRECTION('center_axis',(0.,1.,0.));
#10006=DIRECTION('ref_axis',(-1.,0.,0.));
#10007=DIRECTION('',(0.,-1.,0.));
#10008=DIRECTION('center_axis',(0.,1.,0.));
#10009=DIRECTION('ref_axis',(-1.,0.,0.));
#10010=DIRECTION('center_axis',(0.,1.,0.));
#10011=DIRECTION('ref_axis',(1.,0.,0.));
#10012=DIRECTION('center_axis',(0.,1.,0.));
#10013=DIRECTION('ref_axis',(1.,0.,0.));
#10014=DIRECTION('',(0.,1.,0.));
#10015=DIRECTION('center_axis',(0.,1.,0.));
#10016=DIRECTION('ref_axis',(1.,0.,0.));
#10017=DIRECTION('center_axis',(0.,-1.,0.));
#10018=DIRECTION('ref_axis',(1.,0.,0.));
#10019=DIRECTION('center_axis',(0.,-1.,0.));
#10020=DIRECTION('ref_axis',(-1.,0.,0.));
#10021=DIRECTION('center_axis',(0.,1.,0.));
#10022=DIRECTION('ref_axis',(-1.,0.,0.));
#10023=DIRECTION('center_axis',(0.,-1.,0.));
#10024=DIRECTION('ref_axis',(-1.,0.,0.));
#10025=DIRECTION('',(0.,-1.,0.));
#10026=DIRECTION('center_axis',(0.,1.,0.));
#10027=DIRECTION('ref_axis',(-1.,0.,0.));
#10028=DIRECTION('center_axis',(0.,1.,0.));
#10029=DIRECTION('ref_axis',(-1.,0.,0.));
#10030=DIRECTION('',(0.,-1.,0.));
#10031=DIRECTION('center_axis',(0.,1.,0.));
#10032=DIRECTION('ref_axis',(-1.,0.,0.));
#10033=DIRECTION('center_axis',(0.,1.,0.));
#10034=DIRECTION('ref_axis',(1.,0.,0.));
#10035=DIRECTION('center_axis',(0.,1.,0.));
#10036=DIRECTION('ref_axis',(1.,0.,0.));
#10037=DIRECTION('',(0.,1.,0.));
#10038=DIRECTION('center_axis',(0.,1.,0.));
#10039=DIRECTION('ref_axis',(1.,0.,0.));
#10040=DIRECTION('center_axis',(0.,-1.,0.));
#10041=DIRECTION('ref_axis',(1.,0.,0.));
#10042=DIRECTION('center_axis',(0.,-1.,0.));
#10043=DIRECTION('ref_axis',(-1.,0.,0.));
#10044=DIRECTION('center_axis',(0.,1.,0.));
#10045=DIRECTION('ref_axis',(-1.,0.,0.));
#10046=DIRECTION('center_axis',(0.,-1.,0.));
#10047=DIRECTION('ref_axis',(-1.,0.,0.));
#10048=DIRECTION('',(0.,-1.,0.));
#10049=DIRECTION('center_axis',(0.,1.,0.));
#10050=DIRECTION('ref_axis',(-1.,0.,0.));
#10051=DIRECTION('center_axis',(0.,1.,0.));
#10052=DIRECTION('ref_axis',(-1.,0.,0.));
#10053=DIRECTION('',(0.,-1.,0.));
#10054=DIRECTION('center_axis',(0.,1.,0.));
#10055=DIRECTION('ref_axis',(-1.,0.,0.));
#10056=DIRECTION('center_axis',(0.,1.,0.));
#10057=DIRECTION('ref_axis',(1.,0.,0.));
#10058=DIRECTION('center_axis',(0.,1.,0.));
#10059=DIRECTION('ref_axis',(1.,0.,0.));
#10060=DIRECTION('',(0.,1.,0.));
#10061=DIRECTION('center_axis',(0.,1.,0.));
#10062=DIRECTION('ref_axis',(1.,0.,0.));
#10063=DIRECTION('center_axis',(0.,-1.,0.));
#10064=DIRECTION('ref_axis',(1.,0.,0.));
#10065=DIRECTION('center_axis',(0.,-1.,0.));
#10066=DIRECTION('ref_axis',(-1.,0.,0.));
#10067=DIRECTION('center_axis',(0.,1.,0.));
#10068=DIRECTION('ref_axis',(-1.,0.,0.));
#10069=DIRECTION('center_axis',(0.,-1.,0.));
#10070=DIRECTION('ref_axis',(-1.,0.,0.));
#10071=DIRECTION('',(0.,-1.,0.));
#10072=DIRECTION('center_axis',(0.,1.,0.));
#10073=DIRECTION('ref_axis',(-1.,0.,0.));
#10074=DIRECTION('center_axis',(0.,1.,0.));
#10075=DIRECTION('ref_axis',(-1.,0.,0.));
#10076=DIRECTION('',(0.,-1.,0.));
#10077=DIRECTION('center_axis',(0.,1.,0.));
#10078=DIRECTION('ref_axis',(-1.,0.,0.));
#10079=DIRECTION('center_axis',(0.,1.,0.));
#10080=DIRECTION('ref_axis',(1.,0.,0.));
#10081=DIRECTION('center_axis',(0.,1.,0.));
#10082=DIRECTION('ref_axis',(1.,0.,0.));
#10083=DIRECTION('',(0.,1.,0.));
#10084=DIRECTION('center_axis',(0.,1.,0.));
#10085=DIRECTION('ref_axis',(1.,0.,0.));
#10086=DIRECTION('center_axis',(0.,-1.,0.));
#10087=DIRECTION('ref_axis',(1.,0.,0.));
#10088=DIRECTION('center_axis',(0.,-1.,0.));
#10089=DIRECTION('ref_axis',(-1.,0.,0.));
#10090=DIRECTION('center_axis',(0.,1.,0.));
#10091=DIRECTION('ref_axis',(-1.,0.,0.));
#10092=DIRECTION('center_axis',(0.,-1.,0.));
#10093=DIRECTION('ref_axis',(-1.,0.,0.));
#10094=DIRECTION('',(0.,-1.,0.));
#10095=DIRECTION('center_axis',(0.,1.,0.));
#10096=DIRECTION('ref_axis',(-1.,0.,0.));
#10097=DIRECTION('center_axis',(0.,1.,0.));
#10098=DIRECTION('ref_axis',(-1.,0.,0.));
#10099=DIRECTION('',(0.,-1.,0.));
#10100=DIRECTION('center_axis',(0.,1.,0.));
#10101=DIRECTION('ref_axis',(-1.,0.,0.));
#10102=DIRECTION('center_axis',(0.,1.,0.));
#10103=DIRECTION('ref_axis',(1.,0.,0.));
#10104=DIRECTION('center_axis',(0.,1.,0.));
#10105=DIRECTION('ref_axis',(1.,0.,0.));
#10106=DIRECTION('',(0.,1.,0.));
#10107=DIRECTION('center_axis',(0.,1.,0.));
#10108=DIRECTION('ref_axis',(1.,0.,0.));
#10109=DIRECTION('center_axis',(0.,-1.,0.));
#10110=DIRECTION('ref_axis',(1.,0.,0.));
#10111=DIRECTION('center_axis',(0.,-1.,0.));
#10112=DIRECTION('ref_axis',(-1.,0.,0.));
#10113=DIRECTION('center_axis',(0.,1.,0.));
#10114=DIRECTION('ref_axis',(-1.,0.,0.));
#10115=DIRECTION('center_axis',(0.,-1.,0.));
#10116=DIRECTION('ref_axis',(-1.,0.,0.));
#10117=DIRECTION('',(0.,-1.,0.));
#10118=DIRECTION('center_axis',(0.,1.,0.));
#10119=DIRECTION('ref_axis',(-1.,0.,0.));
#10120=DIRECTION('center_axis',(0.,1.,0.));
#10121=DIRECTION('ref_axis',(-1.,0.,0.));
#10122=DIRECTION('',(0.,-1.,0.));
#10123=DIRECTION('center_axis',(0.,1.,0.));
#10124=DIRECTION('ref_axis',(-1.,0.,0.));
#10125=DIRECTION('center_axis',(0.,1.,0.));
#10126=DIRECTION('ref_axis',(1.,0.,0.));
#10127=DIRECTION('center_axis',(0.,1.,0.));
#10128=DIRECTION('ref_axis',(1.,0.,0.));
#10129=DIRECTION('',(0.,1.,0.));
#10130=DIRECTION('center_axis',(0.,1.,0.));
#10131=DIRECTION('ref_axis',(1.,0.,0.));
#10132=DIRECTION('center_axis',(0.,-1.,0.));
#10133=DIRECTION('ref_axis',(1.,0.,0.));
#10134=DIRECTION('center_axis',(0.,-1.,0.));
#10135=DIRECTION('ref_axis',(-1.,0.,0.));
#10136=DIRECTION('center_axis',(0.,1.,0.));
#10137=DIRECTION('ref_axis',(-1.,0.,0.));
#10138=DIRECTION('center_axis',(0.,-1.,0.));
#10139=DIRECTION('ref_axis',(-1.,0.,0.));
#10140=DIRECTION('',(0.,-1.,0.));
#10141=DIRECTION('center_axis',(0.,1.,0.));
#10142=DIRECTION('ref_axis',(-1.,0.,0.));
#10143=DIRECTION('center_axis',(0.,1.,0.));
#10144=DIRECTION('ref_axis',(-1.,0.,0.));
#10145=DIRECTION('',(0.,-1.,0.));
#10146=DIRECTION('center_axis',(0.,1.,0.));
#10147=DIRECTION('ref_axis',(-1.,0.,0.));
#10148=DIRECTION('center_axis',(0.,1.,0.));
#10149=DIRECTION('ref_axis',(1.,0.,0.));
#10150=DIRECTION('center_axis',(0.,1.,0.));
#10151=DIRECTION('ref_axis',(1.,0.,0.));
#10152=DIRECTION('',(0.,1.,0.));
#10153=DIRECTION('center_axis',(0.,1.,0.));
#10154=DIRECTION('ref_axis',(1.,0.,0.));
#10155=DIRECTION('center_axis',(0.,-1.,0.));
#10156=DIRECTION('ref_axis',(1.,0.,0.));
#10157=DIRECTION('center_axis',(0.,-1.,0.));
#10158=DIRECTION('ref_axis',(-1.,0.,0.));
#10159=DIRECTION('center_axis',(0.,1.,0.));
#10160=DIRECTION('ref_axis',(-1.,0.,0.));
#10161=DIRECTION('center_axis',(0.,-1.,0.));
#10162=DIRECTION('ref_axis',(-1.,0.,0.));
#10163=DIRECTION('',(0.,-1.,0.));
#10164=DIRECTION('center_axis',(0.,1.,0.));
#10165=DIRECTION('ref_axis',(-1.,0.,0.));
#10166=DIRECTION('center_axis',(0.,1.,0.));
#10167=DIRECTION('ref_axis',(-1.,0.,0.));
#10168=DIRECTION('',(0.,-1.,0.));
#10169=DIRECTION('center_axis',(0.,1.,0.));
#10170=DIRECTION('ref_axis',(-1.,0.,0.));
#10171=DIRECTION('center_axis',(0.,1.,0.));
#10172=DIRECTION('ref_axis',(1.,0.,0.));
#10173=DIRECTION('center_axis',(0.,1.,0.));
#10174=DIRECTION('ref_axis',(1.,0.,0.));
#10175=DIRECTION('',(0.,1.,0.));
#10176=DIRECTION('center_axis',(0.,1.,0.));
#10177=DIRECTION('ref_axis',(1.,0.,0.));
#10178=DIRECTION('center_axis',(0.,-1.,0.));
#10179=DIRECTION('ref_axis',(1.,0.,0.));
#10180=DIRECTION('center_axis',(0.,-1.,0.));
#10181=DIRECTION('ref_axis',(-1.,0.,0.));
#10182=DIRECTION('center_axis',(0.,1.,0.));
#10183=DIRECTION('ref_axis',(-1.,0.,0.));
#10184=DIRECTION('center_axis',(0.,-1.,0.));
#10185=DIRECTION('ref_axis',(-1.,0.,0.));
#10186=DIRECTION('',(0.,-1.,0.));
#10187=DIRECTION('center_axis',(0.,1.,0.));
#10188=DIRECTION('ref_axis',(-1.,0.,0.));
#10189=DIRECTION('center_axis',(0.,1.,0.));
#10190=DIRECTION('ref_axis',(-1.,0.,0.));
#10191=DIRECTION('',(0.,-1.,0.));
#10192=DIRECTION('center_axis',(0.,1.,0.));
#10193=DIRECTION('ref_axis',(-1.,0.,0.));
#10194=DIRECTION('center_axis',(0.,1.,0.));
#10195=DIRECTION('ref_axis',(1.,0.,0.));
#10196=DIRECTION('center_axis',(0.,1.,0.));
#10197=DIRECTION('ref_axis',(1.,0.,0.));
#10198=DIRECTION('',(0.,1.,0.));
#10199=DIRECTION('center_axis',(0.,1.,0.));
#10200=DIRECTION('ref_axis',(1.,0.,0.));
#10201=DIRECTION('center_axis',(0.,-1.,0.));
#10202=DIRECTION('ref_axis',(1.,0.,0.));
#10203=DIRECTION('center_axis',(0.,-1.,0.));
#10204=DIRECTION('ref_axis',(-1.,0.,0.));
#10205=DIRECTION('center_axis',(0.,1.,0.));
#10206=DIRECTION('ref_axis',(-1.,0.,0.));
#10207=DIRECTION('center_axis',(0.,-1.,0.));
#10208=DIRECTION('ref_axis',(-1.,0.,0.));
#10209=DIRECTION('',(0.,-1.,0.));
#10210=DIRECTION('center_axis',(0.,1.,0.));
#10211=DIRECTION('ref_axis',(-1.,0.,0.));
#10212=DIRECTION('center_axis',(0.,1.,0.));
#10213=DIRECTION('ref_axis',(-1.,0.,0.));
#10214=DIRECTION('',(0.,-1.,0.));
#10215=DIRECTION('center_axis',(0.,1.,0.));
#10216=DIRECTION('ref_axis',(-1.,0.,0.));
#10217=DIRECTION('center_axis',(0.,1.,0.));
#10218=DIRECTION('ref_axis',(1.,0.,0.));
#10219=DIRECTION('center_axis',(0.,1.,0.));
#10220=DIRECTION('ref_axis',(1.,0.,0.));
#10221=DIRECTION('',(0.,1.,0.));
#10222=DIRECTION('center_axis',(0.,1.,0.));
#10223=DIRECTION('ref_axis',(1.,0.,0.));
#10224=DIRECTION('center_axis',(0.,-1.,0.));
#10225=DIRECTION('ref_axis',(1.,0.,0.));
#10226=DIRECTION('center_axis',(0.,-1.,0.));
#10227=DIRECTION('ref_axis',(-1.,0.,0.));
#10228=DIRECTION('center_axis',(0.,1.,0.));
#10229=DIRECTION('ref_axis',(-1.,0.,0.));
#10230=DIRECTION('center_axis',(0.,-1.,0.));
#10231=DIRECTION('ref_axis',(-1.,0.,0.));
#10232=DIRECTION('',(0.,-1.,0.));
#10233=DIRECTION('center_axis',(0.,1.,0.));
#10234=DIRECTION('ref_axis',(-1.,0.,0.));
#10235=DIRECTION('center_axis',(0.,1.,0.));
#10236=DIRECTION('ref_axis',(-1.,0.,0.));
#10237=DIRECTION('',(0.,-1.,0.));
#10238=DIRECTION('center_axis',(0.,1.,0.));
#10239=DIRECTION('ref_axis',(-1.,0.,0.));
#10240=DIRECTION('center_axis',(0.,1.,0.));
#10241=DIRECTION('ref_axis',(1.,0.,0.));
#10242=DIRECTION('center_axis',(0.,1.,0.));
#10243=DIRECTION('ref_axis',(1.,0.,0.));
#10244=DIRECTION('',(0.,1.,0.));
#10245=DIRECTION('center_axis',(0.,1.,0.));
#10246=DIRECTION('ref_axis',(1.,0.,0.));
#10247=DIRECTION('center_axis',(0.,-1.,0.));
#10248=DIRECTION('ref_axis',(1.,0.,0.));
#10249=DIRECTION('center_axis',(0.,-1.,0.));
#10250=DIRECTION('ref_axis',(-1.,0.,0.));
#10251=DIRECTION('center_axis',(0.,1.,0.));
#10252=DIRECTION('ref_axis',(-1.,0.,0.));
#10253=DIRECTION('center_axis',(0.,-1.,0.));
#10254=DIRECTION('ref_axis',(-1.,0.,0.));
#10255=DIRECTION('',(0.,-1.,0.));
#10256=DIRECTION('center_axis',(0.,1.,0.));
#10257=DIRECTION('ref_axis',(-1.,0.,0.));
#10258=DIRECTION('center_axis',(0.,1.,0.));
#10259=DIRECTION('ref_axis',(-1.,0.,0.));
#10260=DIRECTION('',(0.,-1.,0.));
#10261=DIRECTION('center_axis',(0.,1.,0.));
#10262=DIRECTION('ref_axis',(-1.,0.,0.));
#10263=DIRECTION('center_axis',(0.,1.,0.));
#10264=DIRECTION('ref_axis',(1.,0.,0.));
#10265=DIRECTION('center_axis',(0.,1.,0.));
#10266=DIRECTION('ref_axis',(1.,0.,0.));
#10267=DIRECTION('',(0.,1.,0.));
#10268=DIRECTION('center_axis',(0.,1.,0.));
#10269=DIRECTION('ref_axis',(1.,0.,0.));
#10270=DIRECTION('center_axis',(0.,-1.,0.));
#10271=DIRECTION('ref_axis',(1.,0.,0.));
#10272=DIRECTION('center_axis',(0.,-1.,0.));
#10273=DIRECTION('ref_axis',(-1.,0.,0.));
#10274=DIRECTION('center_axis',(0.,1.,0.));
#10275=DIRECTION('ref_axis',(-1.,0.,0.));
#10276=DIRECTION('center_axis',(0.,-1.,0.));
#10277=DIRECTION('ref_axis',(-1.,0.,0.));
#10278=DIRECTION('',(0.,-1.,0.));
#10279=DIRECTION('center_axis',(0.,1.,0.));
#10280=DIRECTION('ref_axis',(-1.,0.,0.));
#10281=DIRECTION('center_axis',(0.,1.,0.));
#10282=DIRECTION('ref_axis',(-1.,0.,0.));
#10283=DIRECTION('',(0.,-1.,0.));
#10284=DIRECTION('center_axis',(0.,1.,0.));
#10285=DIRECTION('ref_axis',(-1.,0.,0.));
#10286=DIRECTION('center_axis',(0.,1.,0.));
#10287=DIRECTION('ref_axis',(1.,0.,0.));
#10288=DIRECTION('center_axis',(0.,1.,0.));
#10289=DIRECTION('ref_axis',(1.,0.,0.));
#10290=DIRECTION('',(0.,1.,0.));
#10291=DIRECTION('center_axis',(0.,1.,0.));
#10292=DIRECTION('ref_axis',(1.,0.,0.));
#10293=DIRECTION('center_axis',(0.,-1.,0.));
#10294=DIRECTION('ref_axis',(1.,0.,0.));
#10295=DIRECTION('center_axis',(0.,-1.,0.));
#10296=DIRECTION('ref_axis',(-1.,0.,0.));
#10297=DIRECTION('center_axis',(0.,1.,0.));
#10298=DIRECTION('ref_axis',(-1.,0.,0.));
#10299=DIRECTION('center_axis',(0.,-1.,0.));
#10300=DIRECTION('ref_axis',(-1.,0.,0.));
#10301=DIRECTION('',(0.,-1.,0.));
#10302=DIRECTION('center_axis',(0.,1.,0.));
#10303=DIRECTION('ref_axis',(-1.,0.,0.));
#10304=DIRECTION('center_axis',(0.,1.,0.));
#10305=DIRECTION('ref_axis',(-1.,0.,0.));
#10306=DIRECTION('',(0.,-1.,0.));
#10307=DIRECTION('center_axis',(0.,1.,0.));
#10308=DIRECTION('ref_axis',(-1.,0.,0.));
#10309=DIRECTION('center_axis',(0.,1.,0.));
#10310=DIRECTION('ref_axis',(1.,0.,0.));
#10311=DIRECTION('center_axis',(0.,1.,0.));
#10312=DIRECTION('ref_axis',(1.,0.,0.));
#10313=DIRECTION('',(0.,1.,0.));
#10314=DIRECTION('center_axis',(0.,1.,0.));
#10315=DIRECTION('ref_axis',(1.,0.,0.));
#10316=DIRECTION('center_axis',(0.,-1.,0.));
#10317=DIRECTION('ref_axis',(1.,0.,0.));
#10318=DIRECTION('center_axis',(0.,-1.,0.));
#10319=DIRECTION('ref_axis',(-1.,0.,0.));
#10320=DIRECTION('center_axis',(0.,1.,0.));
#10321=DIRECTION('ref_axis',(-1.,0.,0.));
#10322=DIRECTION('center_axis',(0.,-1.,0.));
#10323=DIRECTION('ref_axis',(-1.,0.,0.));
#10324=DIRECTION('',(0.,-1.,0.));
#10325=DIRECTION('center_axis',(0.,1.,0.));
#10326=DIRECTION('ref_axis',(-1.,0.,0.));
#10327=DIRECTION('center_axis',(0.,1.,0.));
#10328=DIRECTION('ref_axis',(-1.,0.,0.));
#10329=DIRECTION('',(0.,-1.,0.));
#10330=DIRECTION('center_axis',(0.,1.,0.));
#10331=DIRECTION('ref_axis',(-1.,0.,0.));
#10332=DIRECTION('center_axis',(0.,1.,0.));
#10333=DIRECTION('ref_axis',(1.,0.,0.));
#10334=DIRECTION('center_axis',(0.,1.,0.));
#10335=DIRECTION('ref_axis',(1.,0.,0.));
#10336=DIRECTION('',(0.,1.,0.));
#10337=DIRECTION('center_axis',(0.,1.,0.));
#10338=DIRECTION('ref_axis',(1.,0.,0.));
#10339=DIRECTION('center_axis',(0.,-1.,0.));
#10340=DIRECTION('ref_axis',(1.,0.,0.));
#10341=DIRECTION('center_axis',(0.,-1.,0.));
#10342=DIRECTION('ref_axis',(-1.,0.,0.));
#10343=DIRECTION('center_axis',(0.,1.,0.));
#10344=DIRECTION('ref_axis',(-1.,0.,0.));
#10345=DIRECTION('center_axis',(0.,-1.,0.));
#10346=DIRECTION('ref_axis',(-1.,0.,0.));
#10347=DIRECTION('',(0.,-1.,0.));
#10348=DIRECTION('center_axis',(0.,1.,0.));
#10349=DIRECTION('ref_axis',(-1.,0.,0.));
#10350=DIRECTION('center_axis',(0.,1.,0.));
#10351=DIRECTION('ref_axis',(-1.,0.,0.));
#10352=DIRECTION('',(0.,-1.,0.));
#10353=DIRECTION('center_axis',(0.,1.,0.));
#10354=DIRECTION('ref_axis',(-1.,0.,0.));
#10355=DIRECTION('center_axis',(0.,1.,0.));
#10356=DIRECTION('ref_axis',(1.,0.,0.));
#10357=DIRECTION('center_axis',(0.,1.,0.));
#10358=DIRECTION('ref_axis',(1.,0.,0.));
#10359=DIRECTION('',(0.,1.,0.));
#10360=DIRECTION('center_axis',(0.,1.,0.));
#10361=DIRECTION('ref_axis',(1.,0.,0.));
#10362=DIRECTION('center_axis',(0.,-1.,0.));
#10363=DIRECTION('ref_axis',(1.,0.,0.));
#10364=DIRECTION('center_axis',(0.,-1.,0.));
#10365=DIRECTION('ref_axis',(-1.,0.,0.));
#10366=DIRECTION('center_axis',(0.,1.,0.));
#10367=DIRECTION('ref_axis',(-1.,0.,0.));
#10368=DIRECTION('center_axis',(0.,-1.,0.));
#10369=DIRECTION('ref_axis',(-1.,0.,0.));
#10370=DIRECTION('',(0.,-1.,0.));
#10371=DIRECTION('center_axis',(0.,1.,0.));
#10372=DIRECTION('ref_axis',(-1.,0.,0.));
#10373=DIRECTION('center_axis',(0.,1.,0.));
#10374=DIRECTION('ref_axis',(-1.,0.,0.));
#10375=DIRECTION('',(0.,-1.,0.));
#10376=DIRECTION('center_axis',(0.,1.,0.));
#10377=DIRECTION('ref_axis',(-1.,0.,0.));
#10378=DIRECTION('center_axis',(0.,1.,0.));
#10379=DIRECTION('ref_axis',(1.,0.,0.));
#10380=DIRECTION('center_axis',(0.,1.,0.));
#10381=DIRECTION('ref_axis',(1.,0.,0.));
#10382=DIRECTION('',(0.,1.,0.));
#10383=DIRECTION('center_axis',(0.,1.,0.));
#10384=DIRECTION('ref_axis',(1.,0.,0.));
#10385=DIRECTION('center_axis',(0.,-1.,0.));
#10386=DIRECTION('ref_axis',(1.,0.,0.));
#10387=DIRECTION('center_axis',(0.,-1.,0.));
#10388=DIRECTION('ref_axis',(-1.,0.,0.));
#10389=DIRECTION('center_axis',(0.,1.,0.));
#10390=DIRECTION('ref_axis',(-1.,0.,0.));
#10391=DIRECTION('center_axis',(0.,-1.,0.));
#10392=DIRECTION('ref_axis',(-1.,0.,0.));
#10393=DIRECTION('',(0.,-1.,0.));
#10394=DIRECTION('center_axis',(0.,1.,0.));
#10395=DIRECTION('ref_axis',(-1.,0.,0.));
#10396=DIRECTION('center_axis',(0.,1.,0.));
#10397=DIRECTION('ref_axis',(-1.,0.,0.));
#10398=DIRECTION('',(0.,-1.,0.));
#10399=DIRECTION('center_axis',(0.,1.,0.));
#10400=DIRECTION('ref_axis',(-1.,0.,0.));
#10401=DIRECTION('center_axis',(0.,1.,0.));
#10402=DIRECTION('ref_axis',(1.,0.,0.));
#10403=DIRECTION('center_axis',(0.,1.,0.));
#10404=DIRECTION('ref_axis',(1.,0.,0.));
#10405=DIRECTION('',(0.,1.,0.));
#10406=DIRECTION('center_axis',(0.,1.,0.));
#10407=DIRECTION('ref_axis',(1.,0.,0.));
#10408=DIRECTION('center_axis',(0.,-1.,0.));
#10409=DIRECTION('ref_axis',(1.,0.,0.));
#10410=DIRECTION('center_axis',(0.,-1.,0.));
#10411=DIRECTION('ref_axis',(-1.,0.,0.));
#10412=DIRECTION('center_axis',(0.,1.,0.));
#10413=DIRECTION('ref_axis',(-1.,0.,0.));
#10414=DIRECTION('center_axis',(0.,-1.,0.));
#10415=DIRECTION('ref_axis',(-1.,0.,0.));
#10416=DIRECTION('',(0.,-1.,0.));
#10417=DIRECTION('center_axis',(0.,1.,0.));
#10418=DIRECTION('ref_axis',(-1.,0.,0.));
#10419=DIRECTION('center_axis',(0.,1.,0.));
#10420=DIRECTION('ref_axis',(-1.,0.,0.));
#10421=DIRECTION('',(0.,-1.,0.));
#10422=DIRECTION('center_axis',(0.,1.,0.));
#10423=DIRECTION('ref_axis',(-1.,0.,0.));
#10424=DIRECTION('center_axis',(0.,1.,0.));
#10425=DIRECTION('ref_axis',(1.,0.,0.));
#10426=DIRECTION('center_axis',(0.,1.,0.));
#10427=DIRECTION('ref_axis',(1.,0.,0.));
#10428=DIRECTION('',(0.,1.,0.));
#10429=DIRECTION('center_axis',(0.,1.,0.));
#10430=DIRECTION('ref_axis',(1.,0.,0.));
#10431=DIRECTION('center_axis',(0.,-1.,0.));
#10432=DIRECTION('ref_axis',(1.,0.,0.));
#10433=DIRECTION('center_axis',(0.,-1.,0.));
#10434=DIRECTION('ref_axis',(-1.,0.,0.));
#10435=DIRECTION('center_axis',(0.,1.,0.));
#10436=DIRECTION('ref_axis',(-1.,0.,0.));
#10437=DIRECTION('center_axis',(0.,-1.,0.));
#10438=DIRECTION('ref_axis',(-1.,0.,0.));
#10439=DIRECTION('',(0.,-1.,0.));
#10440=DIRECTION('center_axis',(0.,1.,0.));
#10441=DIRECTION('ref_axis',(-1.,0.,0.));
#10442=DIRECTION('center_axis',(0.,1.,0.));
#10443=DIRECTION('ref_axis',(-1.,0.,0.));
#10444=DIRECTION('',(0.,-1.,0.));
#10445=DIRECTION('center_axis',(0.,1.,0.));
#10446=DIRECTION('ref_axis',(-1.,0.,0.));
#10447=DIRECTION('center_axis',(0.,1.,0.));
#10448=DIRECTION('ref_axis',(1.,0.,0.));
#10449=DIRECTION('center_axis',(0.,1.,0.));
#10450=DIRECTION('ref_axis',(1.,0.,0.));
#10451=DIRECTION('',(0.,1.,0.));
#10452=DIRECTION('center_axis',(0.,1.,0.));
#10453=DIRECTION('ref_axis',(1.,0.,0.));
#10454=DIRECTION('center_axis',(0.,-1.,0.));
#10455=DIRECTION('ref_axis',(1.,0.,0.));
#10456=DIRECTION('center_axis',(0.,-1.,0.));
#10457=DIRECTION('ref_axis',(-1.,0.,0.));
#10458=DIRECTION('center_axis',(0.,1.,0.));
#10459=DIRECTION('ref_axis',(-1.,0.,0.));
#10460=DIRECTION('center_axis',(0.,-1.,0.));
#10461=DIRECTION('ref_axis',(-1.,0.,0.));
#10462=DIRECTION('',(0.,-1.,0.));
#10463=DIRECTION('center_axis',(0.,1.,0.));
#10464=DIRECTION('ref_axis',(-1.,0.,0.));
#10465=DIRECTION('center_axis',(0.,1.,0.));
#10466=DIRECTION('ref_axis',(-1.,0.,0.));
#10467=DIRECTION('',(0.,-1.,0.));
#10468=DIRECTION('center_axis',(0.,1.,0.));
#10469=DIRECTION('ref_axis',(-1.,0.,0.));
#10470=DIRECTION('center_axis',(0.,1.,0.));
#10471=DIRECTION('ref_axis',(1.,0.,0.));
#10472=DIRECTION('center_axis',(0.,1.,0.));
#10473=DIRECTION('ref_axis',(1.,0.,0.));
#10474=DIRECTION('',(0.,1.,0.));
#10475=DIRECTION('center_axis',(0.,1.,0.));
#10476=DIRECTION('ref_axis',(1.,0.,0.));
#10477=DIRECTION('center_axis',(0.,-1.,0.));
#10478=DIRECTION('ref_axis',(1.,0.,0.));
#10479=DIRECTION('center_axis',(0.,-1.,0.));
#10480=DIRECTION('ref_axis',(-1.,0.,0.));
#10481=DIRECTION('center_axis',(0.,1.,0.));
#10482=DIRECTION('ref_axis',(-1.,0.,0.));
#10483=DIRECTION('center_axis',(0.,-1.,0.));
#10484=DIRECTION('ref_axis',(-1.,0.,0.));
#10485=DIRECTION('',(0.,-1.,0.));
#10486=DIRECTION('center_axis',(0.,1.,0.));
#10487=DIRECTION('ref_axis',(-1.,0.,0.));
#10488=DIRECTION('center_axis',(0.,1.,0.));
#10489=DIRECTION('ref_axis',(-1.,0.,0.));
#10490=DIRECTION('',(0.,-1.,0.));
#10491=DIRECTION('center_axis',(0.,1.,0.));
#10492=DIRECTION('ref_axis',(-1.,0.,0.));
#10493=DIRECTION('center_axis',(0.,1.,0.));
#10494=DIRECTION('ref_axis',(1.,0.,0.));
#10495=DIRECTION('center_axis',(0.,1.,0.));
#10496=DIRECTION('ref_axis',(1.,0.,0.));
#10497=DIRECTION('',(0.,1.,0.));
#10498=DIRECTION('center_axis',(0.,1.,0.));
#10499=DIRECTION('ref_axis',(1.,0.,0.));
#10500=DIRECTION('center_axis',(0.,-1.,0.));
#10501=DIRECTION('ref_axis',(1.,0.,0.));
#10502=DIRECTION('center_axis',(0.,-1.,0.));
#10503=DIRECTION('ref_axis',(-1.,0.,0.));
#10504=DIRECTION('center_axis',(0.,1.,0.));
#10505=DIRECTION('ref_axis',(-1.,0.,0.));
#10506=DIRECTION('center_axis',(0.,-1.,0.));
#10507=DIRECTION('ref_axis',(-1.,0.,0.));
#10508=DIRECTION('',(0.,-1.,0.));
#10509=DIRECTION('center_axis',(0.,1.,0.));
#10510=DIRECTION('ref_axis',(-1.,0.,0.));
#10511=DIRECTION('center_axis',(0.,1.,0.));
#10512=DIRECTION('ref_axis',(-1.,0.,0.));
#10513=DIRECTION('',(0.,-1.,0.));
#10514=DIRECTION('center_axis',(0.,1.,0.));
#10515=DIRECTION('ref_axis',(-1.,0.,0.));
#10516=DIRECTION('center_axis',(0.,1.,0.));
#10517=DIRECTION('ref_axis',(1.,0.,0.));
#10518=DIRECTION('center_axis',(0.,1.,0.));
#10519=DIRECTION('ref_axis',(1.,0.,0.));
#10520=DIRECTION('',(0.,1.,0.));
#10521=DIRECTION('center_axis',(0.,1.,0.));
#10522=DIRECTION('ref_axis',(1.,0.,0.));
#10523=DIRECTION('center_axis',(0.,-1.,0.));
#10524=DIRECTION('ref_axis',(1.,0.,0.));
#10525=DIRECTION('center_axis',(0.,-1.,0.));
#10526=DIRECTION('ref_axis',(-1.,0.,0.));
#10527=DIRECTION('center_axis',(0.,1.,0.));
#10528=DIRECTION('ref_axis',(-1.,0.,0.));
#10529=DIRECTION('center_axis',(0.,-1.,0.));
#10530=DIRECTION('ref_axis',(-1.,0.,0.));
#10531=DIRECTION('',(0.,-1.,0.));
#10532=DIRECTION('center_axis',(0.,1.,0.));
#10533=DIRECTION('ref_axis',(-1.,0.,0.));
#10534=DIRECTION('center_axis',(0.,1.,0.));
#10535=DIRECTION('ref_axis',(-1.,0.,0.));
#10536=DIRECTION('',(0.,-1.,0.));
#10537=DIRECTION('center_axis',(0.,1.,0.));
#10538=DIRECTION('ref_axis',(-1.,0.,0.));
#10539=DIRECTION('center_axis',(0.,1.,0.));
#10540=DIRECTION('ref_axis',(1.,0.,0.));
#10541=DIRECTION('center_axis',(0.,1.,0.));
#10542=DIRECTION('ref_axis',(1.,0.,0.));
#10543=DIRECTION('',(0.,1.,0.));
#10544=DIRECTION('center_axis',(0.,1.,0.));
#10545=DIRECTION('ref_axis',(1.,0.,0.));
#10546=DIRECTION('center_axis',(0.,-1.,0.));
#10547=DIRECTION('ref_axis',(1.,0.,0.));
#10548=DIRECTION('center_axis',(0.,-1.,0.));
#10549=DIRECTION('ref_axis',(-1.,0.,0.));
#10550=DIRECTION('center_axis',(0.,1.,0.));
#10551=DIRECTION('ref_axis',(-1.,0.,0.));
#10552=DIRECTION('center_axis',(0.,-1.,0.));
#10553=DIRECTION('ref_axis',(-1.,0.,0.));
#10554=DIRECTION('',(0.,-1.,0.));
#10555=DIRECTION('center_axis',(0.,1.,0.));
#10556=DIRECTION('ref_axis',(-1.,0.,0.));
#10557=DIRECTION('center_axis',(0.,1.,0.));
#10558=DIRECTION('ref_axis',(-1.,0.,0.));
#10559=DIRECTION('',(0.,-1.,0.));
#10560=DIRECTION('center_axis',(0.,1.,0.));
#10561=DIRECTION('ref_axis',(-1.,0.,0.));
#10562=DIRECTION('center_axis',(0.,1.,0.));
#10563=DIRECTION('ref_axis',(1.,0.,0.));
#10564=DIRECTION('center_axis',(0.,1.,0.));
#10565=DIRECTION('ref_axis',(1.,0.,0.));
#10566=DIRECTION('',(0.,1.,0.));
#10567=DIRECTION('center_axis',(0.,1.,0.));
#10568=DIRECTION('ref_axis',(1.,0.,0.));
#10569=DIRECTION('center_axis',(0.,-1.,0.));
#10570=DIRECTION('ref_axis',(1.,0.,0.));
#10571=DIRECTION('center_axis',(0.,-1.,0.));
#10572=DIRECTION('ref_axis',(-1.,0.,0.));
#10573=DIRECTION('center_axis',(0.,1.,0.));
#10574=DIRECTION('ref_axis',(-1.,0.,0.));
#10575=DIRECTION('center_axis',(0.,-1.,0.));
#10576=DIRECTION('ref_axis',(-1.,0.,0.));
#10577=DIRECTION('',(0.,-1.,0.));
#10578=DIRECTION('center_axis',(0.,1.,0.));
#10579=DIRECTION('ref_axis',(-1.,0.,0.));
#10580=DIRECTION('center_axis',(0.,1.,0.));
#10581=DIRECTION('ref_axis',(-1.,0.,0.));
#10582=DIRECTION('',(0.,-1.,0.));
#10583=DIRECTION('center_axis',(0.,1.,0.));
#10584=DIRECTION('ref_axis',(-1.,0.,0.));
#10585=DIRECTION('center_axis',(0.,1.,0.));
#10586=DIRECTION('ref_axis',(1.,0.,0.));
#10587=DIRECTION('center_axis',(0.,1.,0.));
#10588=DIRECTION('ref_axis',(1.,0.,0.));
#10589=DIRECTION('',(0.,1.,0.));
#10590=DIRECTION('center_axis',(0.,1.,0.));
#10591=DIRECTION('ref_axis',(1.,0.,0.));
#10592=DIRECTION('center_axis',(0.,-1.,0.));
#10593=DIRECTION('ref_axis',(1.,0.,0.));
#10594=DIRECTION('center_axis',(0.,-1.,0.));
#10595=DIRECTION('ref_axis',(-1.,0.,0.));
#10596=DIRECTION('center_axis',(0.,1.,0.));
#10597=DIRECTION('ref_axis',(-1.,0.,0.));
#10598=DIRECTION('center_axis',(0.,-1.,0.));
#10599=DIRECTION('ref_axis',(-1.,0.,0.));
#10600=DIRECTION('',(0.,-1.,0.));
#10601=DIRECTION('center_axis',(0.,1.,0.));
#10602=DIRECTION('ref_axis',(-1.,0.,0.));
#10603=DIRECTION('center_axis',(0.,1.,0.));
#10604=DIRECTION('ref_axis',(-1.,0.,0.));
#10605=DIRECTION('',(0.,-1.,0.));
#10606=DIRECTION('center_axis',(0.,1.,0.));
#10607=DIRECTION('ref_axis',(-1.,0.,0.));
#10608=DIRECTION('center_axis',(0.,1.,0.));
#10609=DIRECTION('ref_axis',(1.,0.,0.));
#10610=DIRECTION('center_axis',(0.,1.,0.));
#10611=DIRECTION('ref_axis',(1.,0.,0.));
#10612=DIRECTION('',(0.,1.,0.));
#10613=DIRECTION('center_axis',(0.,1.,0.));
#10614=DIRECTION('ref_axis',(1.,0.,0.));
#10615=DIRECTION('center_axis',(0.,-1.,0.));
#10616=DIRECTION('ref_axis',(1.,0.,0.));
#10617=DIRECTION('center_axis',(0.,-1.,0.));
#10618=DIRECTION('ref_axis',(-1.,0.,0.));
#10619=DIRECTION('center_axis',(0.,1.,0.));
#10620=DIRECTION('ref_axis',(-1.,0.,0.));
#10621=DIRECTION('center_axis',(0.,-1.,0.));
#10622=DIRECTION('ref_axis',(-1.,0.,0.));
#10623=DIRECTION('',(0.,-1.,0.));
#10624=DIRECTION('center_axis',(0.,1.,0.));
#10625=DIRECTION('ref_axis',(-1.,0.,0.));
#10626=DIRECTION('center_axis',(0.,1.,0.));
#10627=DIRECTION('ref_axis',(-1.,0.,0.));
#10628=DIRECTION('',(0.,-1.,0.));
#10629=DIRECTION('center_axis',(0.,1.,0.));
#10630=DIRECTION('ref_axis',(-1.,0.,0.));
#10631=DIRECTION('center_axis',(0.,1.,0.));
#10632=DIRECTION('ref_axis',(1.,0.,0.));
#10633=DIRECTION('center_axis',(0.,1.,0.));
#10634=DIRECTION('ref_axis',(1.,0.,0.));
#10635=DIRECTION('',(0.,1.,0.));
#10636=DIRECTION('center_axis',(0.,1.,0.));
#10637=DIRECTION('ref_axis',(1.,0.,0.));
#10638=DIRECTION('center_axis',(0.,-1.,0.));
#10639=DIRECTION('ref_axis',(1.,0.,0.));
#10640=DIRECTION('center_axis',(0.,-1.,0.));
#10641=DIRECTION('ref_axis',(-1.,0.,0.));
#10642=DIRECTION('center_axis',(0.,1.,0.));
#10643=DIRECTION('ref_axis',(-1.,0.,0.));
#10644=DIRECTION('center_axis',(0.,-1.,0.));
#10645=DIRECTION('ref_axis',(-1.,0.,0.));
#10646=DIRECTION('',(0.,-1.,0.));
#10647=DIRECTION('center_axis',(0.,1.,0.));
#10648=DIRECTION('ref_axis',(-1.,0.,0.));
#10649=DIRECTION('center_axis',(0.,1.,0.));
#10650=DIRECTION('ref_axis',(-1.,0.,0.));
#10651=DIRECTION('',(0.,-1.,0.));
#10652=DIRECTION('center_axis',(0.,1.,0.));
#10653=DIRECTION('ref_axis',(-1.,0.,0.));
#10654=DIRECTION('center_axis',(0.,1.,0.));
#10655=DIRECTION('ref_axis',(1.,0.,0.));
#10656=DIRECTION('center_axis',(0.,1.,0.));
#10657=DIRECTION('ref_axis',(1.,0.,0.));
#10658=DIRECTION('',(0.,1.,0.));
#10659=DIRECTION('center_axis',(0.,1.,0.));
#10660=DIRECTION('ref_axis',(1.,0.,0.));
#10661=DIRECTION('center_axis',(0.,-1.,0.));
#10662=DIRECTION('ref_axis',(1.,0.,0.));
#10663=DIRECTION('center_axis',(0.,-1.,0.));
#10664=DIRECTION('ref_axis',(-1.,0.,0.));
#10665=DIRECTION('center_axis',(0.,1.,0.));
#10666=DIRECTION('ref_axis',(-1.,0.,0.));
#10667=DIRECTION('center_axis',(0.,-1.,0.));
#10668=DIRECTION('ref_axis',(-1.,0.,0.));
#10669=DIRECTION('',(0.,-1.,0.));
#10670=DIRECTION('center_axis',(0.,1.,0.));
#10671=DIRECTION('ref_axis',(-1.,0.,0.));
#10672=DIRECTION('center_axis',(0.,1.,0.));
#10673=DIRECTION('ref_axis',(-1.,0.,0.));
#10674=DIRECTION('',(0.,-1.,0.));
#10675=DIRECTION('center_axis',(0.,1.,0.));
#10676=DIRECTION('ref_axis',(-1.,0.,0.));
#10677=DIRECTION('center_axis',(0.,1.,0.));
#10678=DIRECTION('ref_axis',(1.,0.,0.));
#10679=DIRECTION('center_axis',(0.,1.,0.));
#10680=DIRECTION('ref_axis',(1.,0.,0.));
#10681=DIRECTION('',(0.,1.,0.));
#10682=DIRECTION('center_axis',(0.,1.,0.));
#10683=DIRECTION('ref_axis',(1.,0.,0.));
#10684=DIRECTION('center_axis',(0.,-1.,0.));
#10685=DIRECTION('ref_axis',(1.,0.,0.));
#10686=DIRECTION('center_axis',(0.,-1.,0.));
#10687=DIRECTION('ref_axis',(-1.,0.,0.));
#10688=DIRECTION('center_axis',(0.,1.,0.));
#10689=DIRECTION('ref_axis',(-1.,0.,0.));
#10690=DIRECTION('center_axis',(0.,-1.,0.));
#10691=DIRECTION('ref_axis',(-1.,0.,0.));
#10692=DIRECTION('',(0.,-1.,0.));
#10693=DIRECTION('center_axis',(0.,1.,0.));
#10694=DIRECTION('ref_axis',(-1.,0.,0.));
#10695=DIRECTION('center_axis',(0.,1.,0.));
#10696=DIRECTION('ref_axis',(-1.,0.,0.));
#10697=DIRECTION('',(0.,-1.,0.));
#10698=DIRECTION('center_axis',(0.,1.,0.));
#10699=DIRECTION('ref_axis',(-1.,0.,0.));
#10700=DIRECTION('center_axis',(0.,1.,0.));
#10701=DIRECTION('ref_axis',(1.,0.,0.));
#10702=DIRECTION('center_axis',(0.,1.,0.));
#10703=DIRECTION('ref_axis',(1.,0.,0.));
#10704=DIRECTION('',(0.,1.,0.));
#10705=DIRECTION('center_axis',(0.,1.,0.));
#10706=DIRECTION('ref_axis',(1.,0.,0.));
#10707=DIRECTION('center_axis',(0.,-1.,0.));
#10708=DIRECTION('ref_axis',(1.,0.,0.));
#10709=DIRECTION('center_axis',(0.,-1.,0.));
#10710=DIRECTION('ref_axis',(-1.,0.,0.));
#10711=DIRECTION('center_axis',(0.,1.,0.));
#10712=DIRECTION('ref_axis',(-1.,0.,0.));
#10713=DIRECTION('center_axis',(0.,-1.,0.));
#10714=DIRECTION('ref_axis',(-1.,0.,0.));
#10715=DIRECTION('',(0.,-1.,0.));
#10716=DIRECTION('center_axis',(0.,1.,0.));
#10717=DIRECTION('ref_axis',(-1.,0.,0.));
#10718=DIRECTION('center_axis',(0.,1.,0.));
#10719=DIRECTION('ref_axis',(-1.,0.,0.));
#10720=DIRECTION('',(0.,-1.,0.));
#10721=DIRECTION('center_axis',(0.,1.,0.));
#10722=DIRECTION('ref_axis',(-1.,0.,0.));
#10723=DIRECTION('center_axis',(0.,1.,0.));
#10724=DIRECTION('ref_axis',(1.,0.,0.));
#10725=DIRECTION('center_axis',(0.,1.,0.));
#10726=DIRECTION('ref_axis',(1.,0.,0.));
#10727=DIRECTION('',(0.,1.,0.));
#10728=DIRECTION('center_axis',(0.,1.,0.));
#10729=DIRECTION('ref_axis',(1.,0.,0.));
#10730=DIRECTION('center_axis',(0.,-1.,0.));
#10731=DIRECTION('ref_axis',(1.,0.,0.));
#10732=DIRECTION('center_axis',(0.,-1.,0.));
#10733=DIRECTION('ref_axis',(-1.,0.,0.));
#10734=DIRECTION('center_axis',(0.,1.,0.));
#10735=DIRECTION('ref_axis',(-1.,0.,0.));
#10736=DIRECTION('center_axis',(0.,-1.,0.));
#10737=DIRECTION('ref_axis',(-1.,0.,0.));
#10738=DIRECTION('',(0.,-1.,0.));
#10739=DIRECTION('center_axis',(0.,1.,0.));
#10740=DIRECTION('ref_axis',(-1.,0.,0.));
#10741=DIRECTION('center_axis',(0.,1.,0.));
#10742=DIRECTION('ref_axis',(-1.,0.,0.));
#10743=DIRECTION('',(0.,-1.,0.));
#10744=DIRECTION('center_axis',(0.,1.,0.));
#10745=DIRECTION('ref_axis',(-1.,0.,0.));
#10746=DIRECTION('center_axis',(0.,1.,0.));
#10747=DIRECTION('ref_axis',(1.,0.,0.));
#10748=DIRECTION('center_axis',(0.,1.,0.));
#10749=DIRECTION('ref_axis',(1.,0.,0.));
#10750=DIRECTION('',(0.,1.,0.));
#10751=DIRECTION('center_axis',(0.,1.,0.));
#10752=DIRECTION('ref_axis',(1.,0.,0.));
#10753=DIRECTION('center_axis',(0.,-1.,0.));
#10754=DIRECTION('ref_axis',(1.,0.,0.));
#10755=DIRECTION('center_axis',(0.,-1.,0.));
#10756=DIRECTION('ref_axis',(-1.,0.,0.));
#10757=DIRECTION('center_axis',(0.,1.,0.));
#10758=DIRECTION('ref_axis',(-1.,0.,0.));
#10759=DIRECTION('center_axis',(0.,-1.,0.));
#10760=DIRECTION('ref_axis',(-1.,0.,0.));
#10761=DIRECTION('',(0.,-1.,0.));
#10762=DIRECTION('center_axis',(0.,1.,0.));
#10763=DIRECTION('ref_axis',(-1.,0.,0.));
#10764=DIRECTION('center_axis',(0.,1.,0.));
#10765=DIRECTION('ref_axis',(-1.,0.,0.));
#10766=DIRECTION('',(0.,-1.,0.));
#10767=DIRECTION('center_axis',(0.,1.,0.));
#10768=DIRECTION('ref_axis',(-1.,0.,0.));
#10769=DIRECTION('center_axis',(0.,1.,0.));
#10770=DIRECTION('ref_axis',(1.,0.,0.));
#10771=DIRECTION('center_axis',(0.,1.,0.));
#10772=DIRECTION('ref_axis',(1.,0.,0.));
#10773=DIRECTION('',(0.,1.,0.));
#10774=DIRECTION('center_axis',(0.,1.,0.));
#10775=DIRECTION('ref_axis',(1.,0.,0.));
#10776=DIRECTION('center_axis',(0.,-1.,0.));
#10777=DIRECTION('ref_axis',(1.,0.,0.));
#10778=DIRECTION('center_axis',(0.,-1.,0.));
#10779=DIRECTION('ref_axis',(-1.,0.,0.));
#10780=DIRECTION('center_axis',(0.,1.,0.));
#10781=DIRECTION('ref_axis',(-1.,0.,0.));
#10782=DIRECTION('center_axis',(0.,-1.,0.));
#10783=DIRECTION('ref_axis',(-1.,0.,0.));
#10784=DIRECTION('',(0.,-1.,0.));
#10785=DIRECTION('center_axis',(0.,1.,0.));
#10786=DIRECTION('ref_axis',(-1.,0.,0.));
#10787=DIRECTION('center_axis',(0.,1.,0.));
#10788=DIRECTION('ref_axis',(-1.,0.,0.));
#10789=DIRECTION('',(0.,-1.,0.));
#10790=DIRECTION('center_axis',(0.,1.,0.));
#10791=DIRECTION('ref_axis',(-1.,0.,0.));
#10792=DIRECTION('center_axis',(0.,1.,0.));
#10793=DIRECTION('ref_axis',(1.,0.,0.));
#10794=DIRECTION('center_axis',(0.,1.,0.));
#10795=DIRECTION('ref_axis',(1.,0.,0.));
#10796=DIRECTION('',(0.,1.,0.));
#10797=DIRECTION('center_axis',(0.,1.,0.));
#10798=DIRECTION('ref_axis',(1.,0.,0.));
#10799=DIRECTION('center_axis',(0.,-1.,0.));
#10800=DIRECTION('ref_axis',(1.,0.,0.));
#10801=DIRECTION('center_axis',(0.,-1.,0.));
#10802=DIRECTION('ref_axis',(-1.,0.,0.));
#10803=DIRECTION('center_axis',(0.,1.,0.));
#10804=DIRECTION('ref_axis',(-1.,0.,0.));
#10805=DIRECTION('center_axis',(0.,-1.,0.));
#10806=DIRECTION('ref_axis',(-1.,0.,0.));
#10807=DIRECTION('',(0.,-1.,0.));
#10808=DIRECTION('center_axis',(0.,1.,0.));
#10809=DIRECTION('ref_axis',(-1.,0.,0.));
#10810=DIRECTION('center_axis',(0.,1.,0.));
#10811=DIRECTION('ref_axis',(-1.,0.,0.));
#10812=DIRECTION('',(0.,-1.,0.));
#10813=DIRECTION('center_axis',(0.,1.,0.));
#10814=DIRECTION('ref_axis',(-1.,0.,0.));
#10815=DIRECTION('center_axis',(0.,1.,0.));
#10816=DIRECTION('ref_axis',(1.,0.,0.));
#10817=DIRECTION('center_axis',(0.,1.,0.));
#10818=DIRECTION('ref_axis',(1.,0.,0.));
#10819=DIRECTION('',(0.,1.,0.));
#10820=DIRECTION('center_axis',(0.,1.,0.));
#10821=DIRECTION('ref_axis',(1.,0.,0.));
#10822=DIRECTION('center_axis',(0.,-1.,0.));
#10823=DIRECTION('ref_axis',(1.,0.,0.));
#10824=DIRECTION('center_axis',(0.,-1.,0.));
#10825=DIRECTION('ref_axis',(-1.,0.,0.));
#10826=DIRECTION('center_axis',(0.,1.,0.));
#10827=DIRECTION('ref_axis',(-1.,0.,0.));
#10828=DIRECTION('center_axis',(0.,-1.,0.));
#10829=DIRECTION('ref_axis',(-1.,0.,0.));
#10830=DIRECTION('',(0.,-1.,0.));
#10831=DIRECTION('center_axis',(0.,1.,0.));
#10832=DIRECTION('ref_axis',(-1.,0.,0.));
#10833=DIRECTION('center_axis',(0.,1.,0.));
#10834=DIRECTION('ref_axis',(-1.,0.,0.));
#10835=DIRECTION('',(0.,-1.,0.));
#10836=DIRECTION('center_axis',(0.,1.,0.));
#10837=DIRECTION('ref_axis',(-1.,0.,0.));
#10838=DIRECTION('center_axis',(0.,1.,0.));
#10839=DIRECTION('ref_axis',(1.,0.,0.));
#10840=DIRECTION('center_axis',(0.,1.,0.));
#10841=DIRECTION('ref_axis',(1.,0.,0.));
#10842=DIRECTION('',(0.,1.,0.));
#10843=DIRECTION('center_axis',(0.,1.,0.));
#10844=DIRECTION('ref_axis',(1.,0.,0.));
#10845=DIRECTION('center_axis',(0.,-1.,0.));
#10846=DIRECTION('ref_axis',(1.,0.,0.));
#10847=DIRECTION('center_axis',(0.,-1.,0.));
#10848=DIRECTION('ref_axis',(-1.,0.,0.));
#10849=DIRECTION('center_axis',(0.,1.,0.));
#10850=DIRECTION('ref_axis',(-1.,0.,0.));
#10851=DIRECTION('center_axis',(0.,-1.,0.));
#10852=DIRECTION('ref_axis',(-1.,0.,0.));
#10853=DIRECTION('',(0.,-1.,0.));
#10854=DIRECTION('center_axis',(0.,1.,0.));
#10855=DIRECTION('ref_axis',(-1.,0.,0.));
#10856=DIRECTION('center_axis',(0.,1.,0.));
#10857=DIRECTION('ref_axis',(-1.,0.,0.));
#10858=DIRECTION('',(0.,-1.,0.));
#10859=DIRECTION('center_axis',(0.,1.,0.));
#10860=DIRECTION('ref_axis',(-1.,0.,0.));
#10861=DIRECTION('center_axis',(0.,1.,0.));
#10862=DIRECTION('ref_axis',(1.,0.,0.));
#10863=DIRECTION('center_axis',(0.,1.,0.));
#10864=DIRECTION('ref_axis',(1.,0.,0.));
#10865=DIRECTION('',(0.,1.,0.));
#10866=DIRECTION('center_axis',(0.,1.,0.));
#10867=DIRECTION('ref_axis',(1.,0.,0.));
#10868=DIRECTION('center_axis',(0.,-1.,0.));
#10869=DIRECTION('ref_axis',(1.,0.,0.));
#10870=DIRECTION('center_axis',(0.,-1.,0.));
#10871=DIRECTION('ref_axis',(-1.,0.,0.));
#10872=DIRECTION('center_axis',(0.,1.,0.));
#10873=DIRECTION('ref_axis',(-1.,0.,0.));
#10874=DIRECTION('center_axis',(0.,-1.,0.));
#10875=DIRECTION('ref_axis',(-1.,0.,0.));
#10876=DIRECTION('',(0.,-1.,0.));
#10877=DIRECTION('center_axis',(0.,1.,0.));
#10878=DIRECTION('ref_axis',(-1.,0.,0.));
#10879=DIRECTION('center_axis',(0.,1.,0.));
#10880=DIRECTION('ref_axis',(-1.,0.,0.));
#10881=DIRECTION('',(0.,-1.,0.));
#10882=DIRECTION('center_axis',(0.,1.,0.));
#10883=DIRECTION('ref_axis',(-1.,0.,0.));
#10884=DIRECTION('center_axis',(0.,1.,0.));
#10885=DIRECTION('ref_axis',(1.,0.,0.));
#10886=DIRECTION('center_axis',(0.,1.,0.));
#10887=DIRECTION('ref_axis',(1.,0.,0.));
#10888=DIRECTION('',(0.,1.,0.));
#10889=DIRECTION('center_axis',(0.,1.,0.));
#10890=DIRECTION('ref_axis',(1.,0.,0.));
#10891=DIRECTION('center_axis',(0.,-1.,0.));
#10892=DIRECTION('ref_axis',(1.,0.,0.));
#10893=DIRECTION('center_axis',(0.,-1.,0.));
#10894=DIRECTION('ref_axis',(-1.,0.,0.));
#10895=DIRECTION('center_axis',(0.,1.,0.));
#10896=DIRECTION('ref_axis',(-1.,0.,0.));
#10897=DIRECTION('center_axis',(0.,-1.,0.));
#10898=DIRECTION('ref_axis',(-1.,0.,0.));
#10899=DIRECTION('',(0.,-1.,0.));
#10900=DIRECTION('center_axis',(0.,1.,0.));
#10901=DIRECTION('ref_axis',(-1.,0.,0.));
#10902=DIRECTION('center_axis',(0.,1.,0.));
#10903=DIRECTION('ref_axis',(-1.,0.,0.));
#10904=DIRECTION('',(0.,-1.,0.));
#10905=DIRECTION('center_axis',(0.,1.,0.));
#10906=DIRECTION('ref_axis',(-1.,0.,0.));
#10907=DIRECTION('center_axis',(0.,1.,0.));
#10908=DIRECTION('ref_axis',(1.,0.,0.));
#10909=DIRECTION('center_axis',(0.,1.,0.));
#10910=DIRECTION('ref_axis',(1.,0.,0.));
#10911=DIRECTION('',(0.,1.,0.));
#10912=DIRECTION('center_axis',(0.,1.,0.));
#10913=DIRECTION('ref_axis',(1.,0.,0.));
#10914=DIRECTION('center_axis',(0.,-1.,0.));
#10915=DIRECTION('ref_axis',(1.,0.,0.));
#10916=DIRECTION('center_axis',(0.,-1.,0.));
#10917=DIRECTION('ref_axis',(-1.,0.,0.));
#10918=DIRECTION('center_axis',(0.,1.,0.));
#10919=DIRECTION('ref_axis',(-1.,0.,0.));
#10920=DIRECTION('center_axis',(0.,-1.,0.));
#10921=DIRECTION('ref_axis',(-1.,0.,0.));
#10922=DIRECTION('',(0.,-1.,0.));
#10923=DIRECTION('center_axis',(0.,1.,0.));
#10924=DIRECTION('ref_axis',(-1.,0.,0.));
#10925=DIRECTION('center_axis',(0.,1.,0.));
#10926=DIRECTION('ref_axis',(-1.,0.,0.));
#10927=DIRECTION('',(0.,-1.,0.));
#10928=DIRECTION('center_axis',(0.,1.,0.));
#10929=DIRECTION('ref_axis',(-1.,0.,0.));
#10930=DIRECTION('center_axis',(0.,-1.,0.));
#10931=DIRECTION('ref_axis',(1.,0.,7.33833269491451E-17));
#10932=DIRECTION('center_axis',(0.,1.,0.));
#10933=DIRECTION('ref_axis',(1.,0.,7.33833269491451E-17));
#10934=DIRECTION('',(0.,-1.,0.));
#10935=DIRECTION('center_axis',(0.,1.,0.));
#10936=DIRECTION('ref_axis',(1.,0.,7.33833269491451E-17));
#10937=DIRECTION('center_axis',(0.,-1.,0.));
#10938=DIRECTION('ref_axis',(1.,0.,7.33833269491451E-17));
#10939=DIRECTION('',(0.,-1.,0.));
#10940=DIRECTION('center_axis',(0.,-1.,0.));
#10941=DIRECTION('ref_axis',(1.,0.,7.33833269491451E-17));
#10942=DIRECTION('center_axis',(0.,1.,0.));
#10943=DIRECTION('ref_axis',(1.,0.,7.33833269491451E-17));
#10944=DIRECTION('center_axis',(0.,1.,0.));
#10945=DIRECTION('ref_axis',(-1.,0.,0.));
#10946=DIRECTION('center_axis',(0.,-1.,0.));
#10947=DIRECTION('ref_axis',(-1.,0.,0.));
#10948=DIRECTION('',(0.,-1.,0.));
#10949=DIRECTION('center_axis',(0.,1.,0.));
#10950=DIRECTION('ref_axis',(-1.,0.,0.));
#10951=DIRECTION('center_axis',(0.,1.,0.));
#10952=DIRECTION('ref_axis',(-1.,0.,0.));
#10953=DIRECTION('',(0.,-1.,0.));
#10954=DIRECTION('center_axis',(0.,1.,0.));
#10955=DIRECTION('ref_axis',(-1.,0.,0.));
#10956=DIRECTION('center_axis',(0.,-1.,0.));
#10957=DIRECTION('ref_axis',(-1.,0.,0.));
#10958=DIRECTION('center_axis',(0.,1.,0.));
#10959=DIRECTION('ref_axis',(1.,0.,-7.33833269491451E-17));
#10960=DIRECTION('center_axis',(0.,-1.,0.));
#10961=DIRECTION('ref_axis',(1.,0.,-7.33833269491451E-17));
#10962=DIRECTION('',(0.,-1.,0.));
#10963=DIRECTION('center_axis',(0.,1.,0.));
#10964=DIRECTION('ref_axis',(1.,0.,-7.33833269491451E-17));
#10965=DIRECTION('center_axis',(0.,1.,0.));
#10966=DIRECTION('ref_axis',(1.,0.,-7.33833269491451E-17));
#10967=DIRECTION('',(0.,-1.,0.));
#10968=DIRECTION('center_axis',(0.,1.,0.));
#10969=DIRECTION('ref_axis',(1.,0.,-7.33833269491451E-17));
#10970=DIRECTION('center_axis',(0.,-1.,0.));
#10971=DIRECTION('ref_axis',(1.,0.,-7.33833269491451E-17));
#10972=DIRECTION('center_axis',(0.,-1.,0.));
#10973=DIRECTION('ref_axis',(-1.,0.,0.));
#10974=DIRECTION('center_axis',(0.,1.,0.));
#10975=DIRECTION('ref_axis',(-1.,0.,0.));
#10976=DIRECTION('',(0.,-1.,0.));
#10977=DIRECTION('center_axis',(0.,1.,0.));
#10978=DIRECTION('ref_axis',(-1.,0.,0.));
#10979=DIRECTION('center_axis',(0.,-1.,0.));
#10980=DIRECTION('ref_axis',(-1.,0.,0.));
#10981=DIRECTION('',(0.,-1.,0.));
#10982=DIRECTION('center_axis',(0.,-1.,0.));
#10983=DIRECTION('ref_axis',(-1.,0.,0.));
#10984=DIRECTION('center_axis',(0.,1.,0.));
#10985=DIRECTION('ref_axis',(-1.,0.,0.));
#10986=DIRECTION('center_axis',(0.,0.,1.));
#10987=DIRECTION('ref_axis',(-1.,0.,0.));
#10988=DIRECTION('',(-1.,0.,0.));
#10989=DIRECTION('',(0.,-1.,0.));
#10990=DIRECTION('',(0.,-1.,0.));
#10991=DIRECTION('center_axis',(1.,0.,0.));
#10992=DIRECTION('ref_axis',(0.,0.,1.));
#10993=DIRECTION('',(0.,0.,1.));
#10994=DIRECTION('',(0.,-1.,0.));
#10995=DIRECTION('center_axis',(0.,0.,-1.));
#10996=DIRECTION('ref_axis',(1.,0.,0.));
#10997=DIRECTION('',(1.,0.,0.));
#10998=DIRECTION('',(0.,-1.,0.));
#10999=DIRECTION('center_axis',(-1.,0.,3.66916634745725E-17));
#11000=DIRECTION('ref_axis',(-3.66916634745725E-17,0.,-1.));
#11001=DIRECTION('',(-3.66916634745725E-17,0.,-1.));
#11002=DIRECTION('center_axis',(0.,0.,-1.));
#11003=DIRECTION('ref_axis',(-1.,0.,0.));
#11004=DIRECTION('',(-1.,0.,0.));
#11005=DIRECTION('',(0.,1.,0.));
#11006=DIRECTION('',(-1.,0.,0.));
#11007=DIRECTION('',(0.,1.,0.));
#11008=DIRECTION('center_axis',(1.,0.,0.));
#11009=DIRECTION('ref_axis',(0.,0.,-1.));
#11010=DIRECTION('',(0.,0.,-1.));
#11011=DIRECTION('',(0.,0.,-1.));
#11012=DIRECTION('',(0.,1.,0.));
#11013=DIRECTION('center_axis',(0.,0.,1.));
#11014=DIRECTION('ref_axis',(1.,0.,0.));
#11015=DIRECTION('',(1.,0.,0.));
#11016=DIRECTION('',(1.,0.,0.));
#11017=DIRECTION('',(0.,1.,0.));
#11018=DIRECTION('center_axis',(-1.,0.,0.));
#11019=DIRECTION('ref_axis',(0.,0.,1.));
#11020=DIRECTION('',(0.,0.,1.));
#11021=DIRECTION('',(0.,0.,1.));
#11022=DIRECTION('center_axis',(0.,1.,0.));
#11023=DIRECTION('ref_axis',(0.,0.,1.));
#11024=DIRECTION('center_axis',(0.,1.,0.));
#11025=DIRECTION('ref_axis',(1.,0.,0.));
#11026=DIRECTION('',(0.,0.,1.));
#11027=DIRECTION('',(1.,0.,0.));
#11028=CARTESIAN_POINT('',(0.,0.,0.));
#11029=CARTESIAN_POINT('',(0.,0.,0.));
#11030=CARTESIAN_POINT('Origin',(114.218,0.,-74.89));
#11031=CARTESIAN_POINT('',(110.27,0.,-74.89));
#11032=CARTESIAN_POINT('Origin',(114.218,0.,-74.89));
#11033=CARTESIAN_POINT('',(110.27,3.334,-74.89));
#11034=CARTESIAN_POINT('',(110.27,0.,-74.89));
#11035=CARTESIAN_POINT('Origin',(114.218,3.334,-74.89));
#11036=CARTESIAN_POINT('Origin',(114.218,3.334,-74.89));
#11037=CARTESIAN_POINT('',(116.744,3.334,-74.89));
#11038=CARTESIAN_POINT('Origin',(114.218,3.334,-74.89));
#11039=CARTESIAN_POINT('Origin',(114.218,4.254,-74.89));
#11040=CARTESIAN_POINT('',(116.744,6.172,-74.89));
#11041=CARTESIAN_POINT('Origin',(114.218,6.172,-74.89));
#11042=CARTESIAN_POINT('',(116.744,4.254,-74.89));
#11043=CARTESIAN_POINT('Origin',(114.218,4.254,-74.89));
#11044=CARTESIAN_POINT('',(117.518,6.172,-74.89));
#11045=CARTESIAN_POINT('Origin',(114.218,6.172,-74.89));
#11046=CARTESIAN_POINT('',(117.518,4.254,-74.89));
#11047=CARTESIAN_POINT('',(117.518,4.254,-74.89));
#11048=CARTESIAN_POINT('Origin',(114.218,4.254,-74.89));
#11049=CARTESIAN_POINT('Origin',(114.218,6.172,-74.89));
#11050=CARTESIAN_POINT('Origin',(65.015,4.254,-43.405));
#11051=CARTESIAN_POINT('',(1.8,4.254,-1.8));
#11052=CARTESIAN_POINT('',(1.8,4.254,-85.01));
#11053=CARTESIAN_POINT('',(1.8,4.254,-85.01));
#11054=CARTESIAN_POINT('',(128.23,4.254,-1.8));
#11055=CARTESIAN_POINT('',(1.8,4.254,-1.8));
#11056=CARTESIAN_POINT('',(128.23,4.254,-85.01));
#11057=CARTESIAN_POINT('',(128.23,4.254,-1.8));
#11058=CARTESIAN_POINT('',(128.23,4.254,-85.01));
#11059=CARTESIAN_POINT('',(117.518,4.254,-65.89));
#11060=CARTESIAN_POINT('Origin',(114.218,4.254,-65.89));
#11061=CARTESIAN_POINT('',(117.518,4.254,-47.89));
#11062=CARTESIAN_POINT('Origin',(114.218,4.254,-47.89));
#11063=CARTESIAN_POINT('',(117.518,4.254,-29.89));
#11064=CARTESIAN_POINT('Origin',(114.218,4.254,-29.89));
#11065=CARTESIAN_POINT('',(117.518,4.254,-11.89));
#11066=CARTESIAN_POINT('Origin',(114.218,4.254,-11.89));
#11067=CARTESIAN_POINT('',(108.518,4.254,-65.89));
#11068=CARTESIAN_POINT('Origin',(105.218,4.254,-65.89));
#11069=CARTESIAN_POINT('',(108.518,4.254,-47.89));
#11070=CARTESIAN_POINT('Origin',(105.218,4.254,-47.89));
#11071=CARTESIAN_POINT('',(108.518,4.254,-29.89));
#11072=CARTESIAN_POINT('Origin',(105.218,4.254,-29.89));
#11073=CARTESIAN_POINT('',(108.518,4.254,-11.89));
#11074=CARTESIAN_POINT('Origin',(105.218,4.254,-11.89));
#11075=CARTESIAN_POINT('',(99.518,4.254,-65.89));
#11076=CARTESIAN_POINT('Origin',(96.218,4.254,-65.89));
#11077=CARTESIAN_POINT('',(99.518,4.254,-47.89));
#11078=CARTESIAN_POINT('Origin',(96.218,4.254,-47.89));
#11079=CARTESIAN_POINT('',(99.518,4.254,-29.89));
#11080=CARTESIAN_POINT('Origin',(96.218,4.254,-29.89));
#11081=CARTESIAN_POINT('',(99.518,4.254,-11.89));
#11082=CARTESIAN_POINT('Origin',(96.218,4.254,-11.89));
#11083=CARTESIAN_POINT('',(90.518,4.254,-65.89));
#11084=CARTESIAN_POINT('Origin',(87.218,4.254,-65.89));
#11085=CARTESIAN_POINT('',(90.518,4.254,-47.89));
#11086=CARTESIAN_POINT('Origin',(87.218,4.254,-47.89));
#11087=CARTESIAN_POINT('',(90.518,4.254,-29.89));
#11088=CARTESIAN_POINT('Origin',(87.218,4.254,-29.89));
#11089=CARTESIAN_POINT('',(90.518,4.254,-11.89));
#11090=CARTESIAN_POINT('Origin',(87.218,4.254,-11.89));
#11091=CARTESIAN_POINT('',(81.518,4.254,-65.89));
#11092=CARTESIAN_POINT('Origin',(78.218,4.254,-65.89));
#11093=CARTESIAN_POINT('',(81.518,4.254,-47.89));
#11094=CARTESIAN_POINT('Origin',(78.218,4.254,-47.89));
#11095=CARTESIAN_POINT('',(81.518,4.254,-29.89));
#11096=CARTESIAN_POINT('Origin',(78.218,4.254,-29.89));
#11097=CARTESIAN_POINT('',(81.518,4.254,-11.89));
#11098=CARTESIAN_POINT('Origin',(78.218,4.254,-11.89));
#11099=CARTESIAN_POINT('',(72.518,4.254,-65.89));
#11100=CARTESIAN_POINT('Origin',(69.218,4.254,-65.89));
#11101=CARTESIAN_POINT('',(72.518,4.254,-47.89));
#11102=CARTESIAN_POINT('Origin',(69.218,4.254,-47.89));
#11103=CARTESIAN_POINT('',(72.518,4.254,-29.89));
#11104=CARTESIAN_POINT('Origin',(69.218,4.254,-29.89));
#11105=CARTESIAN_POINT('',(72.518,4.254,-11.89));
#11106=CARTESIAN_POINT('Origin',(69.218,4.254,-11.89));
#11107=CARTESIAN_POINT('',(63.518,4.254,-65.89));
#11108=CARTESIAN_POINT('Origin',(60.218,4.254,-65.89));
#11109=CARTESIAN_POINT('',(63.518,4.254,-47.89));
#11110=CARTESIAN_POINT('Origin',(60.218,4.254,-47.89));
#11111=CARTESIAN_POINT('',(63.518,4.254,-29.89));
#11112=CARTESIAN_POINT('Origin',(60.218,4.254,-29.89));
#11113=CARTESIAN_POINT('',(63.518,4.254,-11.89));
#11114=CARTESIAN_POINT('Origin',(60.218,4.254,-11.89));
#11115=CARTESIAN_POINT('',(54.518,4.254,-65.89));
#11116=CARTESIAN_POINT('Origin',(51.218,4.254,-65.89));
#11117=CARTESIAN_POINT('',(54.518,4.254,-47.89));
#11118=CARTESIAN_POINT('Origin',(51.218,4.254,-47.89));
#11119=CARTESIAN_POINT('',(54.518,4.254,-29.89));
#11120=CARTESIAN_POINT('Origin',(51.218,4.254,-29.89));
#11121=CARTESIAN_POINT('',(54.518,4.254,-11.89));
#11122=CARTESIAN_POINT('Origin',(51.218,4.254,-11.89));
#11123=CARTESIAN_POINT('',(45.518,4.254,-65.89));
#11124=CARTESIAN_POINT('Origin',(42.218,4.254,-65.89));
#11125=CARTESIAN_POINT('',(45.518,4.254,-47.89));
#11126=CARTESIAN_POINT('Origin',(42.218,4.254,-47.89));
#11127=CARTESIAN_POINT('',(45.518,4.254,-29.89));
#11128=CARTESIAN_POINT('Origin',(42.218,4.254,-29.89));
#11129=CARTESIAN_POINT('',(45.518,4.254,-11.89));
#11130=CARTESIAN_POINT('Origin',(42.218,4.254,-11.89));
#11131=CARTESIAN_POINT('',(36.518,4.254,-65.89));
#11132=CARTESIAN_POINT('Origin',(33.218,4.254,-65.89));
#11133=CARTESIAN_POINT('',(36.518,4.254,-47.89));
#11134=CARTESIAN_POINT('Origin',(33.218,4.254,-47.89));
#11135=CARTESIAN_POINT('',(36.518,4.254,-29.89));
#11136=CARTESIAN_POINT('Origin',(33.218,4.254,-29.89));
#11137=CARTESIAN_POINT('',(36.518,4.254,-11.89));
#11138=CARTESIAN_POINT('Origin',(33.218,4.254,-11.89));
#11139=CARTESIAN_POINT('',(27.518,4.254,-65.89));
#11140=CARTESIAN_POINT('Origin',(24.218,4.254,-65.89));
#11141=CARTESIAN_POINT('',(27.518,4.254,-47.89));
#11142=CARTESIAN_POINT('Origin',(24.218,4.254,-47.89));
#11143=CARTESIAN_POINT('',(27.518,4.254,-29.89));
#11144=CARTESIAN_POINT('Origin',(24.218,4.254,-29.89));
#11145=CARTESIAN_POINT('',(27.518,4.254,-11.89));
#11146=CARTESIAN_POINT('Origin',(24.218,4.254,-11.89));
#11147=CARTESIAN_POINT('',(18.518,4.254,-65.89));
#11148=CARTESIAN_POINT('Origin',(15.218,4.254,-65.89));
#11149=CARTESIAN_POINT('',(18.518,4.254,-47.89));
#11150=CARTESIAN_POINT('Origin',(15.218,4.254,-47.89));
#11151=CARTESIAN_POINT('',(18.518,4.254,-29.89));
#11152=CARTESIAN_POINT('Origin',(15.218,4.254,-29.89));
#11153=CARTESIAN_POINT('',(18.518,4.254,-11.89));
#11154=CARTESIAN_POINT('Origin',(15.218,4.254,-11.89));
#11155=CARTESIAN_POINT('',(9.77600000000001,4.254,-79.928));
#11156=CARTESIAN_POINT('Origin',(6.276,4.254,-79.928));
#11157=CARTESIAN_POINT('',(9.77600000000001,4.254,-6.882));
#11158=CARTESIAN_POINT('Origin',(6.276,4.254,-6.882));
#11159=CARTESIAN_POINT('',(120.254,4.254,-6.88200000000001));
#11160=CARTESIAN_POINT('Origin',(123.754,4.254,-6.88200000000001));
#11161=CARTESIAN_POINT('',(120.254,4.254,-79.928));
#11162=CARTESIAN_POINT('Origin',(123.754,4.254,-79.928));
#11163=CARTESIAN_POINT('',(18.518,4.254,-20.89));
#11164=CARTESIAN_POINT('Origin',(15.218,4.254,-20.89));
#11165=CARTESIAN_POINT('',(18.518,4.254,-38.89));
#11166=CARTESIAN_POINT('Origin',(15.218,4.254,-38.89));
#11167=CARTESIAN_POINT('',(18.518,4.254,-56.89));
#11168=CARTESIAN_POINT('Origin',(15.218,4.254,-56.89));
#11169=CARTESIAN_POINT('',(18.518,4.254,-74.89));
#11170=CARTESIAN_POINT('Origin',(15.218,4.254,-74.89));
#11171=CARTESIAN_POINT('',(27.518,4.254,-20.89));
#11172=CARTESIAN_POINT('Origin',(24.218,4.254,-20.89));
#11173=CARTESIAN_POINT('',(27.518,4.254,-38.89));
#11174=CARTESIAN_POINT('Origin',(24.218,4.254,-38.89));
#11175=CARTESIAN_POINT('',(27.518,4.254,-56.89));
#11176=CARTESIAN_POINT('Origin',(24.218,4.254,-56.89));
#11177=CARTESIAN_POINT('',(27.518,4.254,-74.89));
#11178=CARTESIAN_POINT('Origin',(24.218,4.254,-74.89));
#11179=CARTESIAN_POINT('',(36.518,4.254,-20.89));
#11180=CARTESIAN_POINT('Origin',(33.218,4.254,-20.89));
#11181=CARTESIAN_POINT('',(36.518,4.254,-38.89));
#11182=CARTESIAN_POINT('Origin',(33.218,4.254,-38.89));
#11183=CARTESIAN_POINT('',(36.518,4.254,-56.89));
#11184=CARTESIAN_POINT('Origin',(33.218,4.254,-56.89));
#11185=CARTESIAN_POINT('',(36.518,4.254,-74.89));
#11186=CARTESIAN_POINT('Origin',(33.218,4.254,-74.89));
#11187=CARTESIAN_POINT('',(45.518,4.254,-20.89));
#11188=CARTESIAN_POINT('Origin',(42.218,4.254,-20.89));
#11189=CARTESIAN_POINT('',(45.518,4.254,-38.89));
#11190=CARTESIAN_POINT('Origin',(42.218,4.254,-38.89));
#11191=CARTESIAN_POINT('',(45.518,4.254,-56.89));
#11192=CARTESIAN_POINT('Origin',(42.218,4.254,-56.89));
#11193=CARTESIAN_POINT('',(45.518,4.254,-74.89));
#11194=CARTESIAN_POINT('Origin',(42.218,4.254,-74.89));
#11195=CARTESIAN_POINT('',(54.518,4.254,-20.89));
#11196=CARTESIAN_POINT('Origin',(51.218,4.254,-20.89));
#11197=CARTESIAN_POINT('',(54.518,4.254,-38.89));
#11198=CARTESIAN_POINT('Origin',(51.218,4.254,-38.89));
#11199=CARTESIAN_POINT('',(54.518,4.254,-56.89));
#11200=CARTESIAN_POINT('Origin',(51.218,4.254,-56.89));
#11201=CARTESIAN_POINT('',(54.518,4.254,-74.89));
#11202=CARTESIAN_POINT('Origin',(51.218,4.254,-74.89));
#11203=CARTESIAN_POINT('',(63.518,4.254,-20.89));
#11204=CARTESIAN_POINT('Origin',(60.218,4.254,-20.89));
#11205=CARTESIAN_POINT('',(63.518,4.254,-38.89));
#11206=CARTESIAN_POINT('Origin',(60.218,4.254,-38.89));
#11207=CARTESIAN_POINT('',(63.518,4.254,-56.89));
#11208=CARTESIAN_POINT('Origin',(60.218,4.254,-56.89));
#11209=CARTESIAN_POINT('',(63.518,4.254,-74.89));
#11210=CARTESIAN_POINT('Origin',(60.218,4.254,-74.89));
#11211=CARTESIAN_POINT('',(72.518,4.254,-20.89));
#11212=CARTESIAN_POINT('Origin',(69.218,4.254,-20.89));
#11213=CARTESIAN_POINT('',(72.518,4.254,-38.89));
#11214=CARTESIAN_POINT('Origin',(69.218,4.254,-38.89));
#11215=CARTESIAN_POINT('',(72.518,4.254,-56.89));
#11216=CARTESIAN_POINT('Origin',(69.218,4.254,-56.89));
#11217=CARTESIAN_POINT('',(72.518,4.254,-74.89));
#11218=CARTESIAN_POINT('Origin',(69.218,4.254,-74.89));
#11219=CARTESIAN_POINT('',(81.518,4.254,-20.89));
#11220=CARTESIAN_POINT('Origin',(78.218,4.254,-20.89));
#11221=CARTESIAN_POINT('',(81.518,4.254,-38.89));
#11222=CARTESIAN_POINT('Origin',(78.218,4.254,-38.89));
#11223=CARTESIAN_POINT('',(81.518,4.254,-56.89));
#11224=CARTESIAN_POINT('Origin',(78.218,4.254,-56.89));
#11225=CARTESIAN_POINT('',(81.518,4.254,-74.89));
#11226=CARTESIAN_POINT('Origin',(78.218,4.254,-74.89));
#11227=CARTESIAN_POINT('',(90.518,4.254,-20.89));
#11228=CARTESIAN_POINT('Origin',(87.218,4.254,-20.89));
#11229=CARTESIAN_POINT('',(90.518,4.254,-38.89));
#11230=CARTESIAN_POINT('Origin',(87.218,4.254,-38.89));
#11231=CARTESIAN_POINT('',(90.518,4.254,-56.89));
#11232=CARTESIAN_POINT('Origin',(87.218,4.254,-56.89));
#11233=CARTESIAN_POINT('',(90.518,4.254,-74.89));
#11234=CARTESIAN_POINT('Origin',(87.218,4.254,-74.89));
#11235=CARTESIAN_POINT('',(99.518,4.254,-20.89));
#11236=CARTESIAN_POINT('Origin',(96.218,4.254,-20.89));
#11237=CARTESIAN_POINT('',(99.518,4.254,-38.89));
#11238=CARTESIAN_POINT('Origin',(96.218,4.254,-38.89));
#11239=CARTESIAN_POINT('',(99.518,4.254,-56.89));
#11240=CARTESIAN_POINT('Origin',(96.218,4.254,-56.89));
#11241=CARTESIAN_POINT('',(99.518,4.254,-74.89));
#11242=CARTESIAN_POINT('Origin',(96.218,4.254,-74.89));
#11243=CARTESIAN_POINT('',(108.518,4.254,-20.89));
#11244=CARTESIAN_POINT('Origin',(105.218,4.254,-20.89));
#11245=CARTESIAN_POINT('',(108.518,4.254,-38.89));
#11246=CARTESIAN_POINT('Origin',(105.218,4.254,-38.89));
#11247=CARTESIAN_POINT('',(108.518,4.254,-56.89));
#11248=CARTESIAN_POINT('Origin',(105.218,4.254,-56.89));
#11249=CARTESIAN_POINT('',(108.518,4.254,-74.89));
#11250=CARTESIAN_POINT('Origin',(105.218,4.254,-74.89));
#11251=CARTESIAN_POINT('',(117.518,4.254,-20.89));
#11252=CARTESIAN_POINT('Origin',(114.218,4.254,-20.89));
#11253=CARTESIAN_POINT('',(117.518,4.254,-38.89));
#11254=CARTESIAN_POINT('Origin',(114.218,4.254,-38.89));
#11255=CARTESIAN_POINT('',(117.518,4.254,-56.89));
#11256=CARTESIAN_POINT('Origin',(114.218,4.254,-56.89));
#11257=CARTESIAN_POINT('Origin',(114.218,0.,-65.89));
#11258=CARTESIAN_POINT('',(110.27,0.,-65.89));
#11259=CARTESIAN_POINT('Origin',(114.218,0.,-65.89));
#11260=CARTESIAN_POINT('',(110.27,3.334,-65.89));
#11261=CARTESIAN_POINT('',(110.27,0.,-65.89));
#11262=CARTESIAN_POINT('Origin',(114.218,3.334,-65.89));
#11263=CARTESIAN_POINT('Origin',(114.218,3.334,-65.89));
#11264=CARTESIAN_POINT('',(116.744,3.334,-65.89));
#11265=CARTESIAN_POINT('Origin',(114.218,3.334,-65.89));
#11266=CARTESIAN_POINT('Origin',(114.218,4.254,-65.89));
#11267=CARTESIAN_POINT('',(116.744,6.172,-65.89));
#11268=CARTESIAN_POINT('Origin',(114.218,6.172,-65.89));
#11269=CARTESIAN_POINT('',(116.744,4.254,-65.89));
#11270=CARTESIAN_POINT('Origin',(114.218,4.254,-65.89));
#11271=CARTESIAN_POINT('',(117.518,6.172,-65.89));
#11272=CARTESIAN_POINT('Origin',(114.218,6.172,-65.89));
#11273=CARTESIAN_POINT('',(117.518,4.254,-65.89));
#11274=CARTESIAN_POINT('Origin',(114.218,6.172,-65.89));
#11275=CARTESIAN_POINT('Origin',(114.218,0.,-56.89));
#11276=CARTESIAN_POINT('',(110.27,0.,-56.89));
#11277=CARTESIAN_POINT('Origin',(114.218,0.,-56.89));
#11278=CARTESIAN_POINT('',(110.27,3.334,-56.89));
#11279=CARTESIAN_POINT('',(110.27,0.,-56.89));
#11280=CARTESIAN_POINT('Origin',(114.218,3.334,-56.89));
#11281=CARTESIAN_POINT('Origin',(114.218,3.334,-56.89));
#11282=CARTESIAN_POINT('',(116.744,3.334,-56.89));
#11283=CARTESIAN_POINT('Origin',(114.218,3.334,-56.89));
#11284=CARTESIAN_POINT('Origin',(114.218,4.254,-56.89));
#11285=CARTESIAN_POINT('',(116.744,6.172,-56.89));
#11286=CARTESIAN_POINT('Origin',(114.218,6.172,-56.89));
#11287=CARTESIAN_POINT('',(116.744,4.254,-56.89));
#11288=CARTESIAN_POINT('Origin',(114.218,4.254,-56.89));
#11289=CARTESIAN_POINT('',(117.518,6.172,-56.89));
#11290=CARTESIAN_POINT('Origin',(114.218,6.172,-56.89));
#11291=CARTESIAN_POINT('',(117.518,4.254,-56.89));
#11292=CARTESIAN_POINT('Origin',(114.218,6.172,-56.89));
#11293=CARTESIAN_POINT('Origin',(114.218,0.,-47.89));
#11294=CARTESIAN_POINT('',(110.27,0.,-47.89));
#11295=CARTESIAN_POINT('Origin',(114.218,0.,-47.89));
#11296=CARTESIAN_POINT('',(110.27,3.334,-47.89));
#11297=CARTESIAN_POINT('',(110.27,0.,-47.89));
#11298=CARTESIAN_POINT('Origin',(114.218,3.334,-47.89));
#11299=CARTESIAN_POINT('Origin',(114.218,3.334,-47.89));
#11300=CARTESIAN_POINT('',(116.744,3.334,-47.89));
#11301=CARTESIAN_POINT('Origin',(114.218,3.334,-47.89));
#11302=CARTESIAN_POINT('Origin',(114.218,4.254,-47.89));
#11303=CARTESIAN_POINT('',(116.744,6.172,-47.89));
#11304=CARTESIAN_POINT('Origin',(114.218,6.172,-47.89));
#11305=CARTESIAN_POINT('',(116.744,4.254,-47.89));
#11306=CARTESIAN_POINT('Origin',(114.218,4.254,-47.89));
#11307=CARTESIAN_POINT('',(117.518,6.172,-47.89));
#11308=CARTESIAN_POINT('Origin',(114.218,6.172,-47.89));
#11309=CARTESIAN_POINT('',(117.518,4.254,-47.89));
#11310=CARTESIAN_POINT('Origin',(114.218,6.172,-47.89));
#11311=CARTESIAN_POINT('Origin',(114.218,0.,-38.89));
#11312=CARTESIAN_POINT('',(110.27,0.,-38.89));
#11313=CARTESIAN_POINT('Origin',(114.218,0.,-38.89));
#11314=CARTESIAN_POINT('',(110.27,3.334,-38.89));
#11315=CARTESIAN_POINT('',(110.27,0.,-38.89));
#11316=CARTESIAN_POINT('Origin',(114.218,3.334,-38.89));
#11317=CARTESIAN_POINT('Origin',(114.218,3.334,-38.89));
#11318=CARTESIAN_POINT('',(116.744,3.334,-38.89));
#11319=CARTESIAN_POINT('Origin',(114.218,3.334,-38.89));
#11320=CARTESIAN_POINT('Origin',(114.218,4.254,-38.89));
#11321=CARTESIAN_POINT('',(116.744,6.172,-38.89));
#11322=CARTESIAN_POINT('Origin',(114.218,6.172,-38.89));
#11323=CARTESIAN_POINT('',(116.744,4.254,-38.89));
#11324=CARTESIAN_POINT('Origin',(114.218,4.254,-38.89));
#11325=CARTESIAN_POINT('',(117.518,6.172,-38.89));
#11326=CARTESIAN_POINT('Origin',(114.218,6.172,-38.89));
#11327=CARTESIAN_POINT('',(117.518,4.254,-38.89));
#11328=CARTESIAN_POINT('Origin',(114.218,6.172,-38.89));
#11329=CARTESIAN_POINT('Origin',(114.218,0.,-29.89));
#11330=CARTESIAN_POINT('',(110.27,0.,-29.89));
#11331=CARTESIAN_POINT('Origin',(114.218,0.,-29.89));
#11332=CARTESIAN_POINT('',(110.27,3.334,-29.89));
#11333=CARTESIAN_POINT('',(110.27,0.,-29.89));
#11334=CARTESIAN_POINT('Origin',(114.218,3.334,-29.89));
#11335=CARTESIAN_POINT('Origin',(114.218,3.334,-29.89));
#11336=CARTESIAN_POINT('',(116.744,3.334,-29.89));
#11337=CARTESIAN_POINT('Origin',(114.218,3.334,-29.89));
#11338=CARTESIAN_POINT('Origin',(114.218,4.254,-29.89));
#11339=CARTESIAN_POINT('',(116.744,6.172,-29.89));
#11340=CARTESIAN_POINT('Origin',(114.218,6.172,-29.89));
#11341=CARTESIAN_POINT('',(116.744,4.254,-29.89));
#11342=CARTESIAN_POINT('Origin',(114.218,4.254,-29.89));
#11343=CARTESIAN_POINT('',(117.518,6.172,-29.89));
#11344=CARTESIAN_POINT('Origin',(114.218,6.172,-29.89));
#11345=CARTESIAN_POINT('',(117.518,4.254,-29.89));
#11346=CARTESIAN_POINT('Origin',(114.218,6.172,-29.89));
#11347=CARTESIAN_POINT('Origin',(114.218,0.,-20.89));
#11348=CARTESIAN_POINT('',(110.27,0.,-20.89));
#11349=CARTESIAN_POINT('Origin',(114.218,0.,-20.89));
#11350=CARTESIAN_POINT('',(110.27,3.334,-20.89));
#11351=CARTESIAN_POINT('',(110.27,0.,-20.89));
#11352=CARTESIAN_POINT('Origin',(114.218,3.334,-20.89));
#11353=CARTESIAN_POINT('Origin',(114.218,3.334,-20.89));
#11354=CARTESIAN_POINT('',(116.744,3.334,-20.89));
#11355=CARTESIAN_POINT('Origin',(114.218,3.334,-20.89));
#11356=CARTESIAN_POINT('Origin',(114.218,4.254,-20.89));
#11357=CARTESIAN_POINT('',(116.744,6.172,-20.89));
#11358=CARTESIAN_POINT('Origin',(114.218,6.172,-20.89));
#11359=CARTESIAN_POINT('',(116.744,4.254,-20.89));
#11360=CARTESIAN_POINT('Origin',(114.218,4.254,-20.89));
#11361=CARTESIAN_POINT('',(117.518,6.172,-20.89));
#11362=CARTESIAN_POINT('Origin',(114.218,6.172,-20.89));
#11363=CARTESIAN_POINT('',(117.518,4.254,-20.89));
#11364=CARTESIAN_POINT('Origin',(114.218,6.172,-20.89));
#11365=CARTESIAN_POINT('Origin',(114.218,0.,-11.89));
#11366=CARTESIAN_POINT('',(110.27,0.,-11.89));
#11367=CARTESIAN_POINT('Origin',(114.218,0.,-11.89));
#11368=CARTESIAN_POINT('',(110.27,3.334,-11.89));
#11369=CARTESIAN_POINT('',(110.27,0.,-11.89));
#11370=CARTESIAN_POINT('Origin',(114.218,3.334,-11.89));
#11371=CARTESIAN_POINT('Origin',(114.218,3.334,-11.89));
#11372=CARTESIAN_POINT('',(116.744,3.334,-11.89));
#11373=CARTESIAN_POINT('Origin',(114.218,3.334,-11.89));
#11374=CARTESIAN_POINT('Origin',(114.218,4.254,-11.89));
#11375=CARTESIAN_POINT('',(116.744,6.172,-11.89));
#11376=CARTESIAN_POINT('Origin',(114.218,6.172,-11.89));
#11377=CARTESIAN_POINT('',(116.744,4.254,-11.89));
#11378=CARTESIAN_POINT('Origin',(114.218,4.254,-11.89));
#11379=CARTESIAN_POINT('',(117.518,6.172,-11.89));
#11380=CARTESIAN_POINT('Origin',(114.218,6.172,-11.89));
#11381=CARTESIAN_POINT('',(117.518,4.254,-11.89));
#11382=CARTESIAN_POINT('Origin',(114.218,6.172,-11.89));
#11383=CARTESIAN_POINT('Origin',(105.218,0.,-74.89));
#11384=CARTESIAN_POINT('',(101.27,0.,-74.89));
#11385=CARTESIAN_POINT('Origin',(105.218,0.,-74.89));
#11386=CARTESIAN_POINT('',(101.27,3.334,-74.89));
#11387=CARTESIAN_POINT('',(101.27,0.,-74.89));
#11388=CARTESIAN_POINT('Origin',(105.218,3.334,-74.89));
#11389=CARTESIAN_POINT('Origin',(105.218,3.334,-74.89));
#11390=CARTESIAN_POINT('',(107.744,3.334,-74.89));
#11391=CARTESIAN_POINT('Origin',(105.218,3.334,-74.89));
#11392=CARTESIAN_POINT('Origin',(105.218,4.254,-74.89));
#11393=CARTESIAN_POINT('',(107.744,6.172,-74.89));
#11394=CARTESIAN_POINT('Origin',(105.218,6.172,-74.89));
#11395=CARTESIAN_POINT('',(107.744,4.254,-74.89));
#11396=CARTESIAN_POINT('Origin',(105.218,4.254,-74.89));
#11397=CARTESIAN_POINT('',(108.518,6.172,-74.89));
#11398=CARTESIAN_POINT('Origin',(105.218,6.172,-74.89));
#11399=CARTESIAN_POINT('',(108.518,4.254,-74.89));
#11400=CARTESIAN_POINT('Origin',(105.218,6.172,-74.89));
#11401=CARTESIAN_POINT('Origin',(105.218,0.,-65.89));
#11402=CARTESIAN_POINT('',(101.27,0.,-65.89));
#11403=CARTESIAN_POINT('Origin',(105.218,0.,-65.89));
#11404=CARTESIAN_POINT('',(101.27,3.334,-65.89));
#11405=CARTESIAN_POINT('',(101.27,0.,-65.89));
#11406=CARTESIAN_POINT('Origin',(105.218,3.334,-65.89));
#11407=CARTESIAN_POINT('Origin',(105.218,3.334,-65.89));
#11408=CARTESIAN_POINT('',(107.744,3.334,-65.89));
#11409=CARTESIAN_POINT('Origin',(105.218,3.334,-65.89));
#11410=CARTESIAN_POINT('Origin',(105.218,4.254,-65.89));
#11411=CARTESIAN_POINT('',(107.744,6.172,-65.89));
#11412=CARTESIAN_POINT('Origin',(105.218,6.172,-65.89));
#11413=CARTESIAN_POINT('',(107.744,4.254,-65.89));
#11414=CARTESIAN_POINT('Origin',(105.218,4.254,-65.89));
#11415=CARTESIAN_POINT('',(108.518,6.172,-65.89));
#11416=CARTESIAN_POINT('Origin',(105.218,6.172,-65.89));
#11417=CARTESIAN_POINT('',(108.518,4.254,-65.89));
#11418=CARTESIAN_POINT('Origin',(105.218,6.172,-65.89));
#11419=CARTESIAN_POINT('Origin',(105.218,0.,-56.89));
#11420=CARTESIAN_POINT('',(101.27,0.,-56.89));
#11421=CARTESIAN_POINT('Origin',(105.218,0.,-56.89));
#11422=CARTESIAN_POINT('',(101.27,3.334,-56.89));
#11423=CARTESIAN_POINT('',(101.27,0.,-56.89));
#11424=CARTESIAN_POINT('Origin',(105.218,3.334,-56.89));
#11425=CARTESIAN_POINT('Origin',(105.218,3.334,-56.89));
#11426=CARTESIAN_POINT('',(107.744,3.334,-56.89));
#11427=CARTESIAN_POINT('Origin',(105.218,3.334,-56.89));
#11428=CARTESIAN_POINT('Origin',(105.218,4.254,-56.89));
#11429=CARTESIAN_POINT('',(107.744,6.172,-56.89));
#11430=CARTESIAN_POINT('Origin',(105.218,6.172,-56.89));
#11431=CARTESIAN_POINT('',(107.744,4.254,-56.89));
#11432=CARTESIAN_POINT('Origin',(105.218,4.254,-56.89));
#11433=CARTESIAN_POINT('',(108.518,6.172,-56.89));
#11434=CARTESIAN_POINT('Origin',(105.218,6.172,-56.89));
#11435=CARTESIAN_POINT('',(108.518,4.254,-56.89));
#11436=CARTESIAN_POINT('Origin',(105.218,6.172,-56.89));
#11437=CARTESIAN_POINT('Origin',(105.218,0.,-47.89));
#11438=CARTESIAN_POINT('',(101.27,0.,-47.89));
#11439=CARTESIAN_POINT('Origin',(105.218,0.,-47.89));
#11440=CARTESIAN_POINT('',(101.27,3.334,-47.89));
#11441=CARTESIAN_POINT('',(101.27,0.,-47.89));
#11442=CARTESIAN_POINT('Origin',(105.218,3.334,-47.89));
#11443=CARTESIAN_POINT('Origin',(105.218,3.334,-47.89));
#11444=CARTESIAN_POINT('',(107.744,3.334,-47.89));
#11445=CARTESIAN_POINT('Origin',(105.218,3.334,-47.89));
#11446=CARTESIAN_POINT('Origin',(105.218,4.254,-47.89));
#11447=CARTESIAN_POINT('',(107.744,6.172,-47.89));
#11448=CARTESIAN_POINT('Origin',(105.218,6.172,-47.89));
#11449=CARTESIAN_POINT('',(107.744,4.254,-47.89));
#11450=CARTESIAN_POINT('Origin',(105.218,4.254,-47.89));
#11451=CARTESIAN_POINT('',(108.518,6.172,-47.89));
#11452=CARTESIAN_POINT('Origin',(105.218,6.172,-47.89));
#11453=CARTESIAN_POINT('',(108.518,4.254,-47.89));
#11454=CARTESIAN_POINT('Origin',(105.218,6.172,-47.89));
#11455=CARTESIAN_POINT('Origin',(105.218,0.,-38.89));
#11456=CARTESIAN_POINT('',(101.27,0.,-38.89));
#11457=CARTESIAN_POINT('Origin',(105.218,0.,-38.89));
#11458=CARTESIAN_POINT('',(101.27,3.334,-38.89));
#11459=CARTESIAN_POINT('',(101.27,0.,-38.89));
#11460=CARTESIAN_POINT('Origin',(105.218,3.334,-38.89));
#11461=CARTESIAN_POINT('Origin',(105.218,3.334,-38.89));
#11462=CARTESIAN_POINT('',(107.744,3.334,-38.89));
#11463=CARTESIAN_POINT('Origin',(105.218,3.334,-38.89));
#11464=CARTESIAN_POINT('Origin',(105.218,4.254,-38.89));
#11465=CARTESIAN_POINT('',(107.744,6.172,-38.89));
#11466=CARTESIAN_POINT('Origin',(105.218,6.172,-38.89));
#11467=CARTESIAN_POINT('',(107.744,4.254,-38.89));
#11468=CARTESIAN_POINT('Origin',(105.218,4.254,-38.89));
#11469=CARTESIAN_POINT('',(108.518,6.172,-38.89));
#11470=CARTESIAN_POINT('Origin',(105.218,6.172,-38.89));
#11471=CARTESIAN_POINT('',(108.518,4.254,-38.89));
#11472=CARTESIAN_POINT('Origin',(105.218,6.172,-38.89));
#11473=CARTESIAN_POINT('Origin',(105.218,0.,-29.89));
#11474=CARTESIAN_POINT('',(101.27,0.,-29.89));
#11475=CARTESIAN_POINT('Origin',(105.218,0.,-29.89));
#11476=CARTESIAN_POINT('',(101.27,3.334,-29.89));
#11477=CARTESIAN_POINT('',(101.27,0.,-29.89));
#11478=CARTESIAN_POINT('Origin',(105.218,3.334,-29.89));
#11479=CARTESIAN_POINT('Origin',(105.218,3.334,-29.89));
#11480=CARTESIAN_POINT('',(107.744,3.334,-29.89));
#11481=CARTESIAN_POINT('Origin',(105.218,3.334,-29.89));
#11482=CARTESIAN_POINT('Origin',(105.218,4.254,-29.89));
#11483=CARTESIAN_POINT('',(107.744,6.172,-29.89));
#11484=CARTESIAN_POINT('Origin',(105.218,6.172,-29.89));
#11485=CARTESIAN_POINT('',(107.744,4.254,-29.89));
#11486=CARTESIAN_POINT('Origin',(105.218,4.254,-29.89));
#11487=CARTESIAN_POINT('',(108.518,6.172,-29.89));
#11488=CARTESIAN_POINT('Origin',(105.218,6.172,-29.89));
#11489=CARTESIAN_POINT('',(108.518,4.254,-29.89));
#11490=CARTESIAN_POINT('Origin',(105.218,6.172,-29.89));
#11491=CARTESIAN_POINT('Origin',(105.218,0.,-20.89));
#11492=CARTESIAN_POINT('',(101.27,0.,-20.89));
#11493=CARTESIAN_POINT('Origin',(105.218,0.,-20.89));
#11494=CARTESIAN_POINT('',(101.27,3.334,-20.89));
#11495=CARTESIAN_POINT('',(101.27,0.,-20.89));
#11496=CARTESIAN_POINT('Origin',(105.218,3.334,-20.89));
#11497=CARTESIAN_POINT('Origin',(105.218,3.334,-20.89));
#11498=CARTESIAN_POINT('',(107.744,3.334,-20.89));
#11499=CARTESIAN_POINT('Origin',(105.218,3.334,-20.89));
#11500=CARTESIAN_POINT('Origin',(105.218,4.254,-20.89));
#11501=CARTESIAN_POINT('',(107.744,6.172,-20.89));
#11502=CARTESIAN_POINT('Origin',(105.218,6.172,-20.89));
#11503=CARTESIAN_POINT('',(107.744,4.254,-20.89));
#11504=CARTESIAN_POINT('Origin',(105.218,4.254,-20.89));
#11505=CARTESIAN_POINT('',(108.518,6.172,-20.89));
#11506=CARTESIAN_POINT('Origin',(105.218,6.172,-20.89));
#11507=CARTESIAN_POINT('',(108.518,4.254,-20.89));
#11508=CARTESIAN_POINT('Origin',(105.218,6.172,-20.89));
#11509=CARTESIAN_POINT('Origin',(105.218,0.,-11.89));
#11510=CARTESIAN_POINT('',(101.27,0.,-11.89));
#11511=CARTESIAN_POINT('Origin',(105.218,0.,-11.89));
#11512=CARTESIAN_POINT('',(101.27,3.334,-11.89));
#11513=CARTESIAN_POINT('',(101.27,0.,-11.89));
#11514=CARTESIAN_POINT('Origin',(105.218,3.334,-11.89));
#11515=CARTESIAN_POINT('Origin',(105.218,3.334,-11.89));
#11516=CARTESIAN_POINT('',(107.744,3.334,-11.89));
#11517=CARTESIAN_POINT('Origin',(105.218,3.334,-11.89));
#11518=CARTESIAN_POINT('Origin',(105.218,4.254,-11.89));
#11519=CARTESIAN_POINT('',(107.744,6.172,-11.89));
#11520=CARTESIAN_POINT('Origin',(105.218,6.172,-11.89));
#11521=CARTESIAN_POINT('',(107.744,4.254,-11.89));
#11522=CARTESIAN_POINT('Origin',(105.218,4.254,-11.89));
#11523=CARTESIAN_POINT('',(108.518,6.172,-11.89));
#11524=CARTESIAN_POINT('Origin',(105.218,6.172,-11.89));
#11525=CARTESIAN_POINT('',(108.518,4.254,-11.89));
#11526=CARTESIAN_POINT('Origin',(105.218,6.172,-11.89));
#11527=CARTESIAN_POINT('Origin',(96.218,0.,-74.89));
#11528=CARTESIAN_POINT('',(92.27,0.,-74.89));
#11529=CARTESIAN_POINT('Origin',(96.218,0.,-74.89));
#11530=CARTESIAN_POINT('',(92.27,3.334,-74.89));
#11531=CARTESIAN_POINT('',(92.27,0.,-74.89));
#11532=CARTESIAN_POINT('Origin',(96.218,3.334,-74.89));
#11533=CARTESIAN_POINT('Origin',(96.218,3.334,-74.89));
#11534=CARTESIAN_POINT('',(98.744,3.334,-74.89));
#11535=CARTESIAN_POINT('Origin',(96.218,3.334,-74.89));
#11536=CARTESIAN_POINT('Origin',(96.218,4.254,-74.89));
#11537=CARTESIAN_POINT('',(98.744,6.172,-74.89));
#11538=CARTESIAN_POINT('Origin',(96.218,6.172,-74.89));
#11539=CARTESIAN_POINT('',(98.744,4.254,-74.89));
#11540=CARTESIAN_POINT('Origin',(96.218,4.254,-74.89));
#11541=CARTESIAN_POINT('',(99.518,6.172,-74.89));
#11542=CARTESIAN_POINT('Origin',(96.218,6.172,-74.89));
#11543=CARTESIAN_POINT('',(99.518,4.254,-74.89));
#11544=CARTESIAN_POINT('Origin',(96.218,6.172,-74.89));
#11545=CARTESIAN_POINT('Origin',(96.218,0.,-65.89));
#11546=CARTESIAN_POINT('',(92.27,0.,-65.89));
#11547=CARTESIAN_POINT('Origin',(96.218,0.,-65.89));
#11548=CARTESIAN_POINT('',(92.27,3.334,-65.89));
#11549=CARTESIAN_POINT('',(92.27,0.,-65.89));
#11550=CARTESIAN_POINT('Origin',(96.218,3.334,-65.89));
#11551=CARTESIAN_POINT('Origin',(96.218,3.334,-65.89));
#11552=CARTESIAN_POINT('',(98.744,3.334,-65.89));
#11553=CARTESIAN_POINT('Origin',(96.218,3.334,-65.89));
#11554=CARTESIAN_POINT('Origin',(96.218,4.254,-65.89));
#11555=CARTESIAN_POINT('',(98.744,6.172,-65.89));
#11556=CARTESIAN_POINT('Origin',(96.218,6.172,-65.89));
#11557=CARTESIAN_POINT('',(98.744,4.254,-65.89));
#11558=CARTESIAN_POINT('Origin',(96.218,4.254,-65.89));
#11559=CARTESIAN_POINT('',(99.518,6.172,-65.89));
#11560=CARTESIAN_POINT('Origin',(96.218,6.172,-65.89));
#11561=CARTESIAN_POINT('',(99.518,4.254,-65.89));
#11562=CARTESIAN_POINT('Origin',(96.218,6.172,-65.89));
#11563=CARTESIAN_POINT('Origin',(96.218,0.,-56.89));
#11564=CARTESIAN_POINT('',(92.27,0.,-56.89));
#11565=CARTESIAN_POINT('Origin',(96.218,0.,-56.89));
#11566=CARTESIAN_POINT('',(92.27,3.334,-56.89));
#11567=CARTESIAN_POINT('',(92.27,0.,-56.89));
#11568=CARTESIAN_POINT('Origin',(96.218,3.334,-56.89));
#11569=CARTESIAN_POINT('Origin',(96.218,3.334,-56.89));
#11570=CARTESIAN_POINT('',(98.744,3.334,-56.89));
#11571=CARTESIAN_POINT('Origin',(96.218,3.334,-56.89));
#11572=CARTESIAN_POINT('Origin',(96.218,4.254,-56.89));
#11573=CARTESIAN_POINT('',(98.744,6.172,-56.89));
#11574=CARTESIAN_POINT('Origin',(96.218,6.172,-56.89));
#11575=CARTESIAN_POINT('',(98.744,4.254,-56.89));
#11576=CARTESIAN_POINT('Origin',(96.218,4.254,-56.89));
#11577=CARTESIAN_POINT('',(99.518,6.172,-56.89));
#11578=CARTESIAN_POINT('Origin',(96.218,6.172,-56.89));
#11579=CARTESIAN_POINT('',(99.518,4.254,-56.89));
#11580=CARTESIAN_POINT('Origin',(96.218,6.172,-56.89));
#11581=CARTESIAN_POINT('Origin',(96.218,0.,-47.89));
#11582=CARTESIAN_POINT('',(92.27,0.,-47.89));
#11583=CARTESIAN_POINT('Origin',(96.218,0.,-47.89));
#11584=CARTESIAN_POINT('',(92.27,3.334,-47.89));
#11585=CARTESIAN_POINT('',(92.27,0.,-47.89));
#11586=CARTESIAN_POINT('Origin',(96.218,3.334,-47.89));
#11587=CARTESIAN_POINT('Origin',(96.218,3.334,-47.89));
#11588=CARTESIAN_POINT('',(98.744,3.334,-47.89));
#11589=CARTESIAN_POINT('Origin',(96.218,3.334,-47.89));
#11590=CARTESIAN_POINT('Origin',(96.218,4.254,-47.89));
#11591=CARTESIAN_POINT('',(98.744,6.172,-47.89));
#11592=CARTESIAN_POINT('Origin',(96.218,6.172,-47.89));
#11593=CARTESIAN_POINT('',(98.744,4.254,-47.89));
#11594=CARTESIAN_POINT('Origin',(96.218,4.254,-47.89));
#11595=CARTESIAN_POINT('',(99.518,6.172,-47.89));
#11596=CARTESIAN_POINT('Origin',(96.218,6.172,-47.89));
#11597=CARTESIAN_POINT('',(99.518,4.254,-47.89));
#11598=CARTESIAN_POINT('Origin',(96.218,6.172,-47.89));
#11599=CARTESIAN_POINT('Origin',(96.218,0.,-38.89));
#11600=CARTESIAN_POINT('',(92.27,0.,-38.89));
#11601=CARTESIAN_POINT('Origin',(96.218,0.,-38.89));
#11602=CARTESIAN_POINT('',(92.27,3.334,-38.89));
#11603=CARTESIAN_POINT('',(92.27,0.,-38.89));
#11604=CARTESIAN_POINT('Origin',(96.218,3.334,-38.89));
#11605=CARTESIAN_POINT('Origin',(96.218,3.334,-38.89));
#11606=CARTESIAN_POINT('',(98.744,3.334,-38.89));
#11607=CARTESIAN_POINT('Origin',(96.218,3.334,-38.89));
#11608=CARTESIAN_POINT('Origin',(96.218,4.254,-38.89));
#11609=CARTESIAN_POINT('',(98.744,6.172,-38.89));
#11610=CARTESIAN_POINT('Origin',(96.218,6.172,-38.89));
#11611=CARTESIAN_POINT('',(98.744,4.254,-38.89));
#11612=CARTESIAN_POINT('Origin',(96.218,4.254,-38.89));
#11613=CARTESIAN_POINT('',(99.518,6.172,-38.89));
#11614=CARTESIAN_POINT('Origin',(96.218,6.172,-38.89));
#11615=CARTESIAN_POINT('',(99.518,4.254,-38.89));
#11616=CARTESIAN_POINT('Origin',(96.218,6.172,-38.89));
#11617=CARTESIAN_POINT('Origin',(96.218,0.,-29.89));
#11618=CARTESIAN_POINT('',(92.27,0.,-29.89));
#11619=CARTESIAN_POINT('Origin',(96.218,0.,-29.89));
#11620=CARTESIAN_POINT('',(92.27,3.334,-29.89));
#11621=CARTESIAN_POINT('',(92.27,0.,-29.89));
#11622=CARTESIAN_POINT('Origin',(96.218,3.334,-29.89));
#11623=CARTESIAN_POINT('Origin',(96.218,3.334,-29.89));
#11624=CARTESIAN_POINT('',(98.744,3.334,-29.89));
#11625=CARTESIAN_POINT('Origin',(96.218,3.334,-29.89));
#11626=CARTESIAN_POINT('Origin',(96.218,4.254,-29.89));
#11627=CARTESIAN_POINT('',(98.744,6.172,-29.89));
#11628=CARTESIAN_POINT('Origin',(96.218,6.172,-29.89));
#11629=CARTESIAN_POINT('',(98.744,4.254,-29.89));
#11630=CARTESIAN_POINT('Origin',(96.218,4.254,-29.89));
#11631=CARTESIAN_POINT('',(99.518,6.172,-29.89));
#11632=CARTESIAN_POINT('Origin',(96.218,6.172,-29.89));
#11633=CARTESIAN_POINT('',(99.518,4.254,-29.89));
#11634=CARTESIAN_POINT('Origin',(96.218,6.172,-29.89));
#11635=CARTESIAN_POINT('Origin',(96.218,0.,-20.89));
#11636=CARTESIAN_POINT('',(92.27,0.,-20.89));
#11637=CARTESIAN_POINT('Origin',(96.218,0.,-20.89));
#11638=CARTESIAN_POINT('',(92.27,3.334,-20.89));
#11639=CARTESIAN_POINT('',(92.27,0.,-20.89));
#11640=CARTESIAN_POINT('Origin',(96.218,3.334,-20.89));
#11641=CARTESIAN_POINT('Origin',(96.218,3.334,-20.89));
#11642=CARTESIAN_POINT('',(98.744,3.334,-20.89));
#11643=CARTESIAN_POINT('Origin',(96.218,3.334,-20.89));
#11644=CARTESIAN_POINT('Origin',(96.218,4.254,-20.89));
#11645=CARTESIAN_POINT('',(98.744,6.172,-20.89));
#11646=CARTESIAN_POINT('Origin',(96.218,6.172,-20.89));
#11647=CARTESIAN_POINT('',(98.744,4.254,-20.89));
#11648=CARTESIAN_POINT('Origin',(96.218,4.254,-20.89));
#11649=CARTESIAN_POINT('',(99.518,6.172,-20.89));
#11650=CARTESIAN_POINT('Origin',(96.218,6.172,-20.89));
#11651=CARTESIAN_POINT('',(99.518,4.254,-20.89));
#11652=CARTESIAN_POINT('Origin',(96.218,6.172,-20.89));
#11653=CARTESIAN_POINT('Origin',(96.218,0.,-11.89));
#11654=CARTESIAN_POINT('',(92.27,0.,-11.89));
#11655=CARTESIAN_POINT('Origin',(96.218,0.,-11.89));
#11656=CARTESIAN_POINT('',(92.27,3.334,-11.89));
#11657=CARTESIAN_POINT('',(92.27,0.,-11.89));
#11658=CARTESIAN_POINT('Origin',(96.218,3.334,-11.89));
#11659=CARTESIAN_POINT('Origin',(96.218,3.334,-11.89));
#11660=CARTESIAN_POINT('',(98.744,3.334,-11.89));
#11661=CARTESIAN_POINT('Origin',(96.218,3.334,-11.89));
#11662=CARTESIAN_POINT('Origin',(96.218,4.254,-11.89));
#11663=CARTESIAN_POINT('',(98.744,6.172,-11.89));
#11664=CARTESIAN_POINT('Origin',(96.218,6.172,-11.89));
#11665=CARTESIAN_POINT('',(98.744,4.254,-11.89));
#11666=CARTESIAN_POINT('Origin',(96.218,4.254,-11.89));
#11667=CARTESIAN_POINT('',(99.518,6.172,-11.89));
#11668=CARTESIAN_POINT('Origin',(96.218,6.172,-11.89));
#11669=CARTESIAN_POINT('',(99.518,4.254,-11.89));
#11670=CARTESIAN_POINT('Origin',(96.218,6.172,-11.89));
#11671=CARTESIAN_POINT('Origin',(87.218,0.,-74.89));
#11672=CARTESIAN_POINT('',(83.27,0.,-74.89));
#11673=CARTESIAN_POINT('Origin',(87.218,0.,-74.89));
#11674=CARTESIAN_POINT('',(83.27,3.334,-74.89));
#11675=CARTESIAN_POINT('',(83.27,0.,-74.89));
#11676=CARTESIAN_POINT('Origin',(87.218,3.334,-74.89));
#11677=CARTESIAN_POINT('Origin',(87.218,3.334,-74.89));
#11678=CARTESIAN_POINT('',(89.744,3.334,-74.89));
#11679=CARTESIAN_POINT('Origin',(87.218,3.334,-74.89));
#11680=CARTESIAN_POINT('Origin',(87.218,4.254,-74.89));
#11681=CARTESIAN_POINT('',(89.744,6.172,-74.89));
#11682=CARTESIAN_POINT('Origin',(87.218,6.172,-74.89));
#11683=CARTESIAN_POINT('',(89.744,4.254,-74.89));
#11684=CARTESIAN_POINT('Origin',(87.218,4.254,-74.89));
#11685=CARTESIAN_POINT('',(90.518,6.172,-74.89));
#11686=CARTESIAN_POINT('Origin',(87.218,6.172,-74.89));
#11687=CARTESIAN_POINT('',(90.518,4.254,-74.89));
#11688=CARTESIAN_POINT('Origin',(87.218,6.172,-74.89));
#11689=CARTESIAN_POINT('Origin',(87.218,0.,-65.89));
#11690=CARTESIAN_POINT('',(83.27,0.,-65.89));
#11691=CARTESIAN_POINT('Origin',(87.218,0.,-65.89));
#11692=CARTESIAN_POINT('',(83.27,3.334,-65.89));
#11693=CARTESIAN_POINT('',(83.27,0.,-65.89));
#11694=CARTESIAN_POINT('Origin',(87.218,3.334,-65.89));
#11695=CARTESIAN_POINT('Origin',(87.218,3.334,-65.89));
#11696=CARTESIAN_POINT('',(89.744,3.334,-65.89));
#11697=CARTESIAN_POINT('Origin',(87.218,3.334,-65.89));
#11698=CARTESIAN_POINT('Origin',(87.218,4.254,-65.89));
#11699=CARTESIAN_POINT('',(89.744,6.172,-65.89));
#11700=CARTESIAN_POINT('Origin',(87.218,6.172,-65.89));
#11701=CARTESIAN_POINT('',(89.744,4.254,-65.89));
#11702=CARTESIAN_POINT('Origin',(87.218,4.254,-65.89));
#11703=CARTESIAN_POINT('',(90.518,6.172,-65.89));
#11704=CARTESIAN_POINT('Origin',(87.218,6.172,-65.89));
#11705=CARTESIAN_POINT('',(90.518,4.254,-65.89));
#11706=CARTESIAN_POINT('Origin',(87.218,6.172,-65.89));
#11707=CARTESIAN_POINT('Origin',(87.218,0.,-56.89));
#11708=CARTESIAN_POINT('',(83.27,0.,-56.89));
#11709=CARTESIAN_POINT('Origin',(87.218,0.,-56.89));
#11710=CARTESIAN_POINT('',(83.27,3.334,-56.89));
#11711=CARTESIAN_POINT('',(83.27,0.,-56.89));
#11712=CARTESIAN_POINT('Origin',(87.218,3.334,-56.89));
#11713=CARTESIAN_POINT('Origin',(87.218,3.334,-56.89));
#11714=CARTESIAN_POINT('',(89.744,3.334,-56.89));
#11715=CARTESIAN_POINT('Origin',(87.218,3.334,-56.89));
#11716=CARTESIAN_POINT('Origin',(87.218,4.254,-56.89));
#11717=CARTESIAN_POINT('',(89.744,6.172,-56.89));
#11718=CARTESIAN_POINT('Origin',(87.218,6.172,-56.89));
#11719=CARTESIAN_POINT('',(89.744,4.254,-56.89));
#11720=CARTESIAN_POINT('Origin',(87.218,4.254,-56.89));
#11721=CARTESIAN_POINT('',(90.518,6.172,-56.89));
#11722=CARTESIAN_POINT('Origin',(87.218,6.172,-56.89));
#11723=CARTESIAN_POINT('',(90.518,4.254,-56.89));
#11724=CARTESIAN_POINT('Origin',(87.218,6.172,-56.89));
#11725=CARTESIAN_POINT('Origin',(87.218,0.,-47.89));
#11726=CARTESIAN_POINT('',(83.27,0.,-47.89));
#11727=CARTESIAN_POINT('Origin',(87.218,0.,-47.89));
#11728=CARTESIAN_POINT('',(83.27,3.334,-47.89));
#11729=CARTESIAN_POINT('',(83.27,0.,-47.89));
#11730=CARTESIAN_POINT('Origin',(87.218,3.334,-47.89));
#11731=CARTESIAN_POINT('Origin',(87.218,3.334,-47.89));
#11732=CARTESIAN_POINT('',(89.744,3.334,-47.89));
#11733=CARTESIAN_POINT('Origin',(87.218,3.334,-47.89));
#11734=CARTESIAN_POINT('Origin',(87.218,4.254,-47.89));
#11735=CARTESIAN_POINT('',(89.744,6.172,-47.89));
#11736=CARTESIAN_POINT('Origin',(87.218,6.172,-47.89));
#11737=CARTESIAN_POINT('',(89.744,4.254,-47.89));
#11738=CARTESIAN_POINT('Origin',(87.218,4.254,-47.89));
#11739=CARTESIAN_POINT('',(90.518,6.172,-47.89));
#11740=CARTESIAN_POINT('Origin',(87.218,6.172,-47.89));
#11741=CARTESIAN_POINT('',(90.518,4.254,-47.89));
#11742=CARTESIAN_POINT('Origin',(87.218,6.172,-47.89));
#11743=CARTESIAN_POINT('Origin',(87.218,0.,-38.89));
#11744=CARTESIAN_POINT('',(83.27,0.,-38.89));
#11745=CARTESIAN_POINT('Origin',(87.218,0.,-38.89));
#11746=CARTESIAN_POINT('',(83.27,3.334,-38.89));
#11747=CARTESIAN_POINT('',(83.27,0.,-38.89));
#11748=CARTESIAN_POINT('Origin',(87.218,3.334,-38.89));
#11749=CARTESIAN_POINT('Origin',(87.218,3.334,-38.89));
#11750=CARTESIAN_POINT('',(89.744,3.334,-38.89));
#11751=CARTESIAN_POINT('Origin',(87.218,3.334,-38.89));
#11752=CARTESIAN_POINT('Origin',(87.218,4.254,-38.89));
#11753=CARTESIAN_POINT('',(89.744,6.172,-38.89));
#11754=CARTESIAN_POINT('Origin',(87.218,6.172,-38.89));
#11755=CARTESIAN_POINT('',(89.744,4.254,-38.89));
#11756=CARTESIAN_POINT('Origin',(87.218,4.254,-38.89));
#11757=CARTESIAN_POINT('',(90.518,6.172,-38.89));
#11758=CARTESIAN_POINT('Origin',(87.218,6.172,-38.89));
#11759=CARTESIAN_POINT('',(90.518,4.254,-38.89));
#11760=CARTESIAN_POINT('Origin',(87.218,6.172,-38.89));
#11761=CARTESIAN_POINT('Origin',(87.218,0.,-29.89));
#11762=CARTESIAN_POINT('',(83.27,0.,-29.89));
#11763=CARTESIAN_POINT('Origin',(87.218,0.,-29.89));
#11764=CARTESIAN_POINT('',(83.27,3.334,-29.89));
#11765=CARTESIAN_POINT('',(83.27,0.,-29.89));
#11766=CARTESIAN_POINT('Origin',(87.218,3.334,-29.89));
#11767=CARTESIAN_POINT('Origin',(87.218,3.334,-29.89));
#11768=CARTESIAN_POINT('',(89.744,3.334,-29.89));
#11769=CARTESIAN_POINT('Origin',(87.218,3.334,-29.89));
#11770=CARTESIAN_POINT('Origin',(87.218,4.254,-29.89));
#11771=CARTESIAN_POINT('',(89.744,6.172,-29.89));
#11772=CARTESIAN_POINT('Origin',(87.218,6.172,-29.89));
#11773=CARTESIAN_POINT('',(89.744,4.254,-29.89));
#11774=CARTESIAN_POINT('Origin',(87.218,4.254,-29.89));
#11775=CARTESIAN_POINT('',(90.518,6.172,-29.89));
#11776=CARTESIAN_POINT('Origin',(87.218,6.172,-29.89));
#11777=CARTESIAN_POINT('',(90.518,4.254,-29.89));
#11778=CARTESIAN_POINT('Origin',(87.218,6.172,-29.89));
#11779=CARTESIAN_POINT('Origin',(87.218,0.,-20.89));
#11780=CARTESIAN_POINT('',(83.27,0.,-20.89));
#11781=CARTESIAN_POINT('Origin',(87.218,0.,-20.89));
#11782=CARTESIAN_POINT('',(83.27,3.334,-20.89));
#11783=CARTESIAN_POINT('',(83.27,0.,-20.89));
#11784=CARTESIAN_POINT('Origin',(87.218,3.334,-20.89));
#11785=CARTESIAN_POINT('Origin',(87.218,3.334,-20.89));
#11786=CARTESIAN_POINT('',(89.744,3.334,-20.89));
#11787=CARTESIAN_POINT('Origin',(87.218,3.334,-20.89));
#11788=CARTESIAN_POINT('Origin',(87.218,4.254,-20.89));
#11789=CARTESIAN_POINT('',(89.744,6.172,-20.89));
#11790=CARTESIAN_POINT('Origin',(87.218,6.172,-20.89));
#11791=CARTESIAN_POINT('',(89.744,4.254,-20.89));
#11792=CARTESIAN_POINT('Origin',(87.218,4.254,-20.89));
#11793=CARTESIAN_POINT('',(90.518,6.172,-20.89));
#11794=CARTESIAN_POINT('Origin',(87.218,6.172,-20.89));
#11795=CARTESIAN_POINT('',(90.518,4.254,-20.89));
#11796=CARTESIAN_POINT('Origin',(87.218,6.172,-20.89));
#11797=CARTESIAN_POINT('Origin',(87.218,0.,-11.89));
#11798=CARTESIAN_POINT('',(83.27,0.,-11.89));
#11799=CARTESIAN_POINT('Origin',(87.218,0.,-11.89));
#11800=CARTESIAN_POINT('',(83.27,3.334,-11.89));
#11801=CARTESIAN_POINT('',(83.27,0.,-11.89));
#11802=CARTESIAN_POINT('Origin',(87.218,3.334,-11.89));
#11803=CARTESIAN_POINT('Origin',(87.218,3.334,-11.89));
#11804=CARTESIAN_POINT('',(89.744,3.334,-11.89));
#11805=CARTESIAN_POINT('Origin',(87.218,3.334,-11.89));
#11806=CARTESIAN_POINT('Origin',(87.218,4.254,-11.89));
#11807=CARTESIAN_POINT('',(89.744,6.172,-11.89));
#11808=CARTESIAN_POINT('Origin',(87.218,6.172,-11.89));
#11809=CARTESIAN_POINT('',(89.744,4.254,-11.89));
#11810=CARTESIAN_POINT('Origin',(87.218,4.254,-11.89));
#11811=CARTESIAN_POINT('',(90.518,6.172,-11.89));
#11812=CARTESIAN_POINT('Origin',(87.218,6.172,-11.89));
#11813=CARTESIAN_POINT('',(90.518,4.254,-11.89));
#11814=CARTESIAN_POINT('Origin',(87.218,6.172,-11.89));
#11815=CARTESIAN_POINT('Origin',(78.218,0.,-74.89));
#11816=CARTESIAN_POINT('',(74.27,0.,-74.89));
#11817=CARTESIAN_POINT('Origin',(78.218,0.,-74.89));
#11818=CARTESIAN_POINT('',(74.27,3.334,-74.89));
#11819=CARTESIAN_POINT('',(74.27,0.,-74.89));
#11820=CARTESIAN_POINT('Origin',(78.218,3.334,-74.89));
#11821=CARTESIAN_POINT('Origin',(78.218,3.334,-74.89));
#11822=CARTESIAN_POINT('',(80.744,3.334,-74.89));
#11823=CARTESIAN_POINT('Origin',(78.218,3.334,-74.89));
#11824=CARTESIAN_POINT('Origin',(78.218,4.254,-74.89));
#11825=CARTESIAN_POINT('',(80.744,6.172,-74.89));
#11826=CARTESIAN_POINT('Origin',(78.218,6.172,-74.89));
#11827=CARTESIAN_POINT('',(80.744,4.254,-74.89));
#11828=CARTESIAN_POINT('Origin',(78.218,4.254,-74.89));
#11829=CARTESIAN_POINT('',(81.518,6.172,-74.89));
#11830=CARTESIAN_POINT('Origin',(78.218,6.172,-74.89));
#11831=CARTESIAN_POINT('',(81.518,4.254,-74.89));
#11832=CARTESIAN_POINT('Origin',(78.218,6.172,-74.89));
#11833=CARTESIAN_POINT('Origin',(78.218,0.,-65.89));
#11834=CARTESIAN_POINT('',(74.27,0.,-65.89));
#11835=CARTESIAN_POINT('Origin',(78.218,0.,-65.89));
#11836=CARTESIAN_POINT('',(74.27,3.334,-65.89));
#11837=CARTESIAN_POINT('',(74.27,0.,-65.89));
#11838=CARTESIAN_POINT('Origin',(78.218,3.334,-65.89));
#11839=CARTESIAN_POINT('Origin',(78.218,3.334,-65.89));
#11840=CARTESIAN_POINT('',(80.744,3.334,-65.89));
#11841=CARTESIAN_POINT('Origin',(78.218,3.334,-65.89));
#11842=CARTESIAN_POINT('Origin',(78.218,4.254,-65.89));
#11843=CARTESIAN_POINT('',(80.744,6.172,-65.89));
#11844=CARTESIAN_POINT('Origin',(78.218,6.172,-65.89));
#11845=CARTESIAN_POINT('',(80.744,4.254,-65.89));
#11846=CARTESIAN_POINT('Origin',(78.218,4.254,-65.89));
#11847=CARTESIAN_POINT('',(81.518,6.172,-65.89));
#11848=CARTESIAN_POINT('Origin',(78.218,6.172,-65.89));
#11849=CARTESIAN_POINT('',(81.518,4.254,-65.89));
#11850=CARTESIAN_POINT('Origin',(78.218,6.172,-65.89));
#11851=CARTESIAN_POINT('Origin',(78.218,0.,-56.89));
#11852=CARTESIAN_POINT('',(74.27,0.,-56.89));
#11853=CARTESIAN_POINT('Origin',(78.218,0.,-56.89));
#11854=CARTESIAN_POINT('',(74.27,3.334,-56.89));
#11855=CARTESIAN_POINT('',(74.27,0.,-56.89));
#11856=CARTESIAN_POINT('Origin',(78.218,3.334,-56.89));
#11857=CARTESIAN_POINT('Origin',(78.218,3.334,-56.89));
#11858=CARTESIAN_POINT('',(80.744,3.334,-56.89));
#11859=CARTESIAN_POINT('Origin',(78.218,3.334,-56.89));
#11860=CARTESIAN_POINT('Origin',(78.218,4.254,-56.89));
#11861=CARTESIAN_POINT('',(80.744,6.172,-56.89));
#11862=CARTESIAN_POINT('Origin',(78.218,6.172,-56.89));
#11863=CARTESIAN_POINT('',(80.744,4.254,-56.89));
#11864=CARTESIAN_POINT('Origin',(78.218,4.254,-56.89));
#11865=CARTESIAN_POINT('',(81.518,6.172,-56.89));
#11866=CARTESIAN_POINT('Origin',(78.218,6.172,-56.89));
#11867=CARTESIAN_POINT('',(81.518,4.254,-56.89));
#11868=CARTESIAN_POINT('Origin',(78.218,6.172,-56.89));
#11869=CARTESIAN_POINT('Origin',(78.218,0.,-47.89));
#11870=CARTESIAN_POINT('',(74.27,0.,-47.89));
#11871=CARTESIAN_POINT('Origin',(78.218,0.,-47.89));
#11872=CARTESIAN_POINT('',(74.27,3.334,-47.89));
#11873=CARTESIAN_POINT('',(74.27,0.,-47.89));
#11874=CARTESIAN_POINT('Origin',(78.218,3.334,-47.89));
#11875=CARTESIAN_POINT('Origin',(78.218,3.334,-47.89));
#11876=CARTESIAN_POINT('',(80.744,3.334,-47.89));
#11877=CARTESIAN_POINT('Origin',(78.218,3.334,-47.89));
#11878=CARTESIAN_POINT('Origin',(78.218,4.254,-47.89));
#11879=CARTESIAN_POINT('',(80.744,6.172,-47.89));
#11880=CARTESIAN_POINT('Origin',(78.218,6.172,-47.89));
#11881=CARTESIAN_POINT('',(80.744,4.254,-47.89));
#11882=CARTESIAN_POINT('Origin',(78.218,4.254,-47.89));
#11883=CARTESIAN_POINT('',(81.518,6.172,-47.89));
#11884=CARTESIAN_POINT('Origin',(78.218,6.172,-47.89));
#11885=CARTESIAN_POINT('',(81.518,4.254,-47.89));
#11886=CARTESIAN_POINT('Origin',(78.218,6.172,-47.89));
#11887=CARTESIAN_POINT('Origin',(78.218,0.,-38.89));
#11888=CARTESIAN_POINT('',(74.27,0.,-38.89));
#11889=CARTESIAN_POINT('Origin',(78.218,0.,-38.89));
#11890=CARTESIAN_POINT('',(74.27,3.334,-38.89));
#11891=CARTESIAN_POINT('',(74.27,0.,-38.89));
#11892=CARTESIAN_POINT('Origin',(78.218,3.334,-38.89));
#11893=CARTESIAN_POINT('Origin',(78.218,3.334,-38.89));
#11894=CARTESIAN_POINT('',(80.744,3.334,-38.89));
#11895=CARTESIAN_POINT('Origin',(78.218,3.334,-38.89));
#11896=CARTESIAN_POINT('Origin',(78.218,4.254,-38.89));
#11897=CARTESIAN_POINT('',(80.744,6.172,-38.89));
#11898=CARTESIAN_POINT('Origin',(78.218,6.172,-38.89));
#11899=CARTESIAN_POINT('',(80.744,4.254,-38.89));
#11900=CARTESIAN_POINT('Origin',(78.218,4.254,-38.89));
#11901=CARTESIAN_POINT('',(81.518,6.172,-38.89));
#11902=CARTESIAN_POINT('Origin',(78.218,6.172,-38.89));
#11903=CARTESIAN_POINT('',(81.518,4.254,-38.89));
#11904=CARTESIAN_POINT('Origin',(78.218,6.172,-38.89));
#11905=CARTESIAN_POINT('Origin',(78.218,0.,-29.89));
#11906=CARTESIAN_POINT('',(74.27,0.,-29.89));
#11907=CARTESIAN_POINT('Origin',(78.218,0.,-29.89));
#11908=CARTESIAN_POINT('',(74.27,3.334,-29.89));
#11909=CARTESIAN_POINT('',(74.27,0.,-29.89));
#11910=CARTESIAN_POINT('Origin',(78.218,3.334,-29.89));
#11911=CARTESIAN_POINT('Origin',(78.218,3.334,-29.89));
#11912=CARTESIAN_POINT('',(80.744,3.334,-29.89));
#11913=CARTESIAN_POINT('Origin',(78.218,3.334,-29.89));
#11914=CARTESIAN_POINT('Origin',(78.218,4.254,-29.89));
#11915=CARTESIAN_POINT('',(80.744,6.172,-29.89));
#11916=CARTESIAN_POINT('Origin',(78.218,6.172,-29.89));
#11917=CARTESIAN_POINT('',(80.744,4.254,-29.89));
#11918=CARTESIAN_POINT('Origin',(78.218,4.254,-29.89));
#11919=CARTESIAN_POINT('',(81.518,6.172,-29.89));
#11920=CARTESIAN_POINT('Origin',(78.218,6.172,-29.89));
#11921=CARTESIAN_POINT('',(81.518,4.254,-29.89));
#11922=CARTESIAN_POINT('Origin',(78.218,6.172,-29.89));
#11923=CARTESIAN_POINT('Origin',(78.218,0.,-20.89));
#11924=CARTESIAN_POINT('',(74.27,0.,-20.89));
#11925=CARTESIAN_POINT('Origin',(78.218,0.,-20.89));
#11926=CARTESIAN_POINT('',(74.27,3.334,-20.89));
#11927=CARTESIAN_POINT('',(74.27,0.,-20.89));
#11928=CARTESIAN_POINT('Origin',(78.218,3.334,-20.89));
#11929=CARTESIAN_POINT('Origin',(78.218,3.334,-20.89));
#11930=CARTESIAN_POINT('',(80.744,3.334,-20.89));
#11931=CARTESIAN_POINT('Origin',(78.218,3.334,-20.89));
#11932=CARTESIAN_POINT('Origin',(78.218,4.254,-20.89));
#11933=CARTESIAN_POINT('',(80.744,6.172,-20.89));
#11934=CARTESIAN_POINT('Origin',(78.218,6.172,-20.89));
#11935=CARTESIAN_POINT('',(80.744,4.254,-20.89));
#11936=CARTESIAN_POINT('Origin',(78.218,4.254,-20.89));
#11937=CARTESIAN_POINT('',(81.518,6.172,-20.89));
#11938=CARTESIAN_POINT('Origin',(78.218,6.172,-20.89));
#11939=CARTESIAN_POINT('',(81.518,4.254,-20.89));
#11940=CARTESIAN_POINT('Origin',(78.218,6.172,-20.89));
#11941=CARTESIAN_POINT('Origin',(78.218,0.,-11.89));
#11942=CARTESIAN_POINT('',(74.27,0.,-11.89));
#11943=CARTESIAN_POINT('Origin',(78.218,0.,-11.89));
#11944=CARTESIAN_POINT('',(74.27,3.334,-11.89));
#11945=CARTESIAN_POINT('',(74.27,0.,-11.89));
#11946=CARTESIAN_POINT('Origin',(78.218,3.334,-11.89));
#11947=CARTESIAN_POINT('Origin',(78.218,3.334,-11.89));
#11948=CARTESIAN_POINT('',(80.744,3.334,-11.89));
#11949=CARTESIAN_POINT('Origin',(78.218,3.334,-11.89));
#11950=CARTESIAN_POINT('Origin',(78.218,4.254,-11.89));
#11951=CARTESIAN_POINT('',(80.744,6.172,-11.89));
#11952=CARTESIAN_POINT('Origin',(78.218,6.172,-11.89));
#11953=CARTESIAN_POINT('',(80.744,4.254,-11.89));
#11954=CARTESIAN_POINT('Origin',(78.218,4.254,-11.89));
#11955=CARTESIAN_POINT('',(81.518,6.172,-11.89));
#11956=CARTESIAN_POINT('Origin',(78.218,6.172,-11.89));
#11957=CARTESIAN_POINT('',(81.518,4.254,-11.89));
#11958=CARTESIAN_POINT('Origin',(78.218,6.172,-11.89));
#11959=CARTESIAN_POINT('Origin',(69.218,0.,-74.89));
#11960=CARTESIAN_POINT('',(65.27,0.,-74.89));
#11961=CARTESIAN_POINT('Origin',(69.218,0.,-74.89));
#11962=CARTESIAN_POINT('',(65.27,3.334,-74.89));
#11963=CARTESIAN_POINT('',(65.27,0.,-74.89));
#11964=CARTESIAN_POINT('Origin',(69.218,3.334,-74.89));
#11965=CARTESIAN_POINT('Origin',(69.218,3.334,-74.89));
#11966=CARTESIAN_POINT('',(71.744,3.334,-74.89));
#11967=CARTESIAN_POINT('Origin',(69.218,3.334,-74.89));
#11968=CARTESIAN_POINT('Origin',(69.218,4.254,-74.89));
#11969=CARTESIAN_POINT('',(71.744,6.172,-74.89));
#11970=CARTESIAN_POINT('Origin',(69.218,6.172,-74.89));
#11971=CARTESIAN_POINT('',(71.744,4.254,-74.89));
#11972=CARTESIAN_POINT('Origin',(69.218,4.254,-74.89));
#11973=CARTESIAN_POINT('',(72.518,6.172,-74.89));
#11974=CARTESIAN_POINT('Origin',(69.218,6.172,-74.89));
#11975=CARTESIAN_POINT('',(72.518,4.254,-74.89));
#11976=CARTESIAN_POINT('Origin',(69.218,6.172,-74.89));
#11977=CARTESIAN_POINT('Origin',(69.218,0.,-65.89));
#11978=CARTESIAN_POINT('',(65.27,0.,-65.89));
#11979=CARTESIAN_POINT('Origin',(69.218,0.,-65.89));
#11980=CARTESIAN_POINT('',(65.27,3.334,-65.89));
#11981=CARTESIAN_POINT('',(65.27,0.,-65.89));
#11982=CARTESIAN_POINT('Origin',(69.218,3.334,-65.89));
#11983=CARTESIAN_POINT('Origin',(69.218,3.334,-65.89));
#11984=CARTESIAN_POINT('',(71.744,3.334,-65.89));
#11985=CARTESIAN_POINT('Origin',(69.218,3.334,-65.89));
#11986=CARTESIAN_POINT('Origin',(69.218,4.254,-65.89));
#11987=CARTESIAN_POINT('',(71.744,6.172,-65.89));
#11988=CARTESIAN_POINT('Origin',(69.218,6.172,-65.89));
#11989=CARTESIAN_POINT('',(71.744,4.254,-65.89));
#11990=CARTESIAN_POINT('Origin',(69.218,4.254,-65.89));
#11991=CARTESIAN_POINT('',(72.518,6.172,-65.89));
#11992=CARTESIAN_POINT('Origin',(69.218,6.172,-65.89));
#11993=CARTESIAN_POINT('',(72.518,4.254,-65.89));
#11994=CARTESIAN_POINT('Origin',(69.218,6.172,-65.89));
#11995=CARTESIAN_POINT('Origin',(69.218,0.,-56.89));
#11996=CARTESIAN_POINT('',(65.27,0.,-56.89));
#11997=CARTESIAN_POINT('Origin',(69.218,0.,-56.89));
#11998=CARTESIAN_POINT('',(65.27,3.334,-56.89));
#11999=CARTESIAN_POINT('',(65.27,0.,-56.89));
#12000=CARTESIAN_POINT('Origin',(69.218,3.334,-56.89));
#12001=CARTESIAN_POINT('Origin',(69.218,3.334,-56.89));
#12002=CARTESIAN_POINT('',(71.744,3.334,-56.89));
#12003=CARTESIAN_POINT('Origin',(69.218,3.334,-56.89));
#12004=CARTESIAN_POINT('Origin',(69.218,4.254,-56.89));
#12005=CARTESIAN_POINT('',(71.744,6.172,-56.89));
#12006=CARTESIAN_POINT('Origin',(69.218,6.172,-56.89));
#12007=CARTESIAN_POINT('',(71.744,4.254,-56.89));
#12008=CARTESIAN_POINT('Origin',(69.218,4.254,-56.89));
#12009=CARTESIAN_POINT('',(72.518,6.172,-56.89));
#12010=CARTESIAN_POINT('Origin',(69.218,6.172,-56.89));
#12011=CARTESIAN_POINT('',(72.518,4.254,-56.89));
#12012=CARTESIAN_POINT('Origin',(69.218,6.172,-56.89));
#12013=CARTESIAN_POINT('Origin',(69.218,0.,-47.89));
#12014=CARTESIAN_POINT('',(65.27,0.,-47.89));
#12015=CARTESIAN_POINT('Origin',(69.218,0.,-47.89));
#12016=CARTESIAN_POINT('',(65.27,3.334,-47.89));
#12017=CARTESIAN_POINT('',(65.27,0.,-47.89));
#12018=CARTESIAN_POINT('Origin',(69.218,3.334,-47.89));
#12019=CARTESIAN_POINT('Origin',(69.218,3.334,-47.89));
#12020=CARTESIAN_POINT('',(71.744,3.334,-47.89));
#12021=CARTESIAN_POINT('Origin',(69.218,3.334,-47.89));
#12022=CARTESIAN_POINT('Origin',(69.218,4.254,-47.89));
#12023=CARTESIAN_POINT('',(71.744,6.172,-47.89));
#12024=CARTESIAN_POINT('Origin',(69.218,6.172,-47.89));
#12025=CARTESIAN_POINT('',(71.744,4.254,-47.89));
#12026=CARTESIAN_POINT('Origin',(69.218,4.254,-47.89));
#12027=CARTESIAN_POINT('',(72.518,6.172,-47.89));
#12028=CARTESIAN_POINT('Origin',(69.218,6.172,-47.89));
#12029=CARTESIAN_POINT('',(72.518,4.254,-47.89));
#12030=CARTESIAN_POINT('Origin',(69.218,6.172,-47.89));
#12031=CARTESIAN_POINT('Origin',(69.218,0.,-38.89));
#12032=CARTESIAN_POINT('',(65.27,0.,-38.89));
#12033=CARTESIAN_POINT('Origin',(69.218,0.,-38.89));
#12034=CARTESIAN_POINT('',(65.27,3.334,-38.89));
#12035=CARTESIAN_POINT('',(65.27,0.,-38.89));
#12036=CARTESIAN_POINT('Origin',(69.218,3.334,-38.89));
#12037=CARTESIAN_POINT('Origin',(69.218,3.334,-38.89));
#12038=CARTESIAN_POINT('',(71.744,3.334,-38.89));
#12039=CARTESIAN_POINT('Origin',(69.218,3.334,-38.89));
#12040=CARTESIAN_POINT('Origin',(69.218,4.254,-38.89));
#12041=CARTESIAN_POINT('',(71.744,6.172,-38.89));
#12042=CARTESIAN_POINT('Origin',(69.218,6.172,-38.89));
#12043=CARTESIAN_POINT('',(71.744,4.254,-38.89));
#12044=CARTESIAN_POINT('Origin',(69.218,4.254,-38.89));
#12045=CARTESIAN_POINT('',(72.518,6.172,-38.89));
#12046=CARTESIAN_POINT('Origin',(69.218,6.172,-38.89));
#12047=CARTESIAN_POINT('',(72.518,4.254,-38.89));
#12048=CARTESIAN_POINT('Origin',(69.218,6.172,-38.89));
#12049=CARTESIAN_POINT('Origin',(69.218,0.,-29.89));
#12050=CARTESIAN_POINT('',(65.27,0.,-29.89));
#12051=CARTESIAN_POINT('Origin',(69.218,0.,-29.89));
#12052=CARTESIAN_POINT('',(65.27,3.334,-29.89));
#12053=CARTESIAN_POINT('',(65.27,0.,-29.89));
#12054=CARTESIAN_POINT('Origin',(69.218,3.334,-29.89));
#12055=CARTESIAN_POINT('Origin',(69.218,3.334,-29.89));
#12056=CARTESIAN_POINT('',(71.744,3.334,-29.89));
#12057=CARTESIAN_POINT('Origin',(69.218,3.334,-29.89));
#12058=CARTESIAN_POINT('Origin',(69.218,4.254,-29.89));
#12059=CARTESIAN_POINT('',(71.744,6.172,-29.89));
#12060=CARTESIAN_POINT('Origin',(69.218,6.172,-29.89));
#12061=CARTESIAN_POINT('',(71.744,4.254,-29.89));
#12062=CARTESIAN_POINT('Origin',(69.218,4.254,-29.89));
#12063=CARTESIAN_POINT('',(72.518,6.172,-29.89));
#12064=CARTESIAN_POINT('Origin',(69.218,6.172,-29.89));
#12065=CARTESIAN_POINT('',(72.518,4.254,-29.89));
#12066=CARTESIAN_POINT('Origin',(69.218,6.172,-29.89));
#12067=CARTESIAN_POINT('Origin',(69.218,0.,-20.89));
#12068=CARTESIAN_POINT('',(65.27,0.,-20.89));
#12069=CARTESIAN_POINT('Origin',(69.218,0.,-20.89));
#12070=CARTESIAN_POINT('',(65.27,3.334,-20.89));
#12071=CARTESIAN_POINT('',(65.27,0.,-20.89));
#12072=CARTESIAN_POINT('Origin',(69.218,3.334,-20.89));
#12073=CARTESIAN_POINT('Origin',(69.218,3.334,-20.89));
#12074=CARTESIAN_POINT('',(71.744,3.334,-20.89));
#12075=CARTESIAN_POINT('Origin',(69.218,3.334,-20.89));
#12076=CARTESIAN_POINT('Origin',(69.218,4.254,-20.89));
#12077=CARTESIAN_POINT('',(71.744,6.172,-20.89));
#12078=CARTESIAN_POINT('Origin',(69.218,6.172,-20.89));
#12079=CARTESIAN_POINT('',(71.744,4.254,-20.89));
#12080=CARTESIAN_POINT('Origin',(69.218,4.254,-20.89));
#12081=CARTESIAN_POINT('',(72.518,6.172,-20.89));
#12082=CARTESIAN_POINT('Origin',(69.218,6.172,-20.89));
#12083=CARTESIAN_POINT('',(72.518,4.254,-20.89));
#12084=CARTESIAN_POINT('Origin',(69.218,6.172,-20.89));
#12085=CARTESIAN_POINT('Origin',(69.218,0.,-11.89));
#12086=CARTESIAN_POINT('',(65.27,0.,-11.89));
#12087=CARTESIAN_POINT('Origin',(69.218,0.,-11.89));
#12088=CARTESIAN_POINT('',(65.27,3.334,-11.89));
#12089=CARTESIAN_POINT('',(65.27,0.,-11.89));
#12090=CARTESIAN_POINT('Origin',(69.218,3.334,-11.89));
#12091=CARTESIAN_POINT('Origin',(69.218,3.334,-11.89));
#12092=CARTESIAN_POINT('',(71.744,3.334,-11.89));
#12093=CARTESIAN_POINT('Origin',(69.218,3.334,-11.89));
#12094=CARTESIAN_POINT('Origin',(69.218,4.254,-11.89));
#12095=CARTESIAN_POINT('',(71.744,6.172,-11.89));
#12096=CARTESIAN_POINT('Origin',(69.218,6.172,-11.89));
#12097=CARTESIAN_POINT('',(71.744,4.254,-11.89));
#12098=CARTESIAN_POINT('Origin',(69.218,4.254,-11.89));
#12099=CARTESIAN_POINT('',(72.518,6.172,-11.89));
#12100=CARTESIAN_POINT('Origin',(69.218,6.172,-11.89));
#12101=CARTESIAN_POINT('',(72.518,4.254,-11.89));
#12102=CARTESIAN_POINT('Origin',(69.218,6.172,-11.89));
#12103=CARTESIAN_POINT('Origin',(60.218,0.,-74.89));
#12104=CARTESIAN_POINT('',(56.27,0.,-74.89));
#12105=CARTESIAN_POINT('Origin',(60.218,0.,-74.89));
#12106=CARTESIAN_POINT('',(56.27,3.334,-74.89));
#12107=CARTESIAN_POINT('',(56.27,0.,-74.89));
#12108=CARTESIAN_POINT('Origin',(60.218,3.334,-74.89));
#12109=CARTESIAN_POINT('Origin',(60.218,3.334,-74.89));
#12110=CARTESIAN_POINT('',(62.744,3.334,-74.89));
#12111=CARTESIAN_POINT('Origin',(60.218,3.334,-74.89));
#12112=CARTESIAN_POINT('Origin',(60.218,4.254,-74.89));
#12113=CARTESIAN_POINT('',(62.744,6.172,-74.89));
#12114=CARTESIAN_POINT('Origin',(60.218,6.172,-74.89));
#12115=CARTESIAN_POINT('',(62.744,4.254,-74.89));
#12116=CARTESIAN_POINT('Origin',(60.218,4.254,-74.89));
#12117=CARTESIAN_POINT('',(63.518,6.172,-74.89));
#12118=CARTESIAN_POINT('Origin',(60.218,6.172,-74.89));
#12119=CARTESIAN_POINT('',(63.518,4.254,-74.89));
#12120=CARTESIAN_POINT('Origin',(60.218,6.172,-74.89));
#12121=CARTESIAN_POINT('Origin',(60.218,0.,-65.89));
#12122=CARTESIAN_POINT('',(56.27,0.,-65.89));
#12123=CARTESIAN_POINT('Origin',(60.218,0.,-65.89));
#12124=CARTESIAN_POINT('',(56.27,3.334,-65.89));
#12125=CARTESIAN_POINT('',(56.27,0.,-65.89));
#12126=CARTESIAN_POINT('Origin',(60.218,3.334,-65.89));
#12127=CARTESIAN_POINT('Origin',(60.218,3.334,-65.89));
#12128=CARTESIAN_POINT('',(62.744,3.334,-65.89));
#12129=CARTESIAN_POINT('Origin',(60.218,3.334,-65.89));
#12130=CARTESIAN_POINT('Origin',(60.218,4.254,-65.89));
#12131=CARTESIAN_POINT('',(62.744,6.172,-65.89));
#12132=CARTESIAN_POINT('Origin',(60.218,6.172,-65.89));
#12133=CARTESIAN_POINT('',(62.744,4.254,-65.89));
#12134=CARTESIAN_POINT('Origin',(60.218,4.254,-65.89));
#12135=CARTESIAN_POINT('',(63.518,6.172,-65.89));
#12136=CARTESIAN_POINT('Origin',(60.218,6.172,-65.89));
#12137=CARTESIAN_POINT('',(63.518,4.254,-65.89));
#12138=CARTESIAN_POINT('Origin',(60.218,6.172,-65.89));
#12139=CARTESIAN_POINT('Origin',(60.218,0.,-56.89));
#12140=CARTESIAN_POINT('',(56.27,0.,-56.89));
#12141=CARTESIAN_POINT('Origin',(60.218,0.,-56.89));
#12142=CARTESIAN_POINT('',(56.27,3.334,-56.89));
#12143=CARTESIAN_POINT('',(56.27,0.,-56.89));
#12144=CARTESIAN_POINT('Origin',(60.218,3.334,-56.89));
#12145=CARTESIAN_POINT('Origin',(60.218,3.334,-56.89));
#12146=CARTESIAN_POINT('',(62.744,3.334,-56.89));
#12147=CARTESIAN_POINT('Origin',(60.218,3.334,-56.89));
#12148=CARTESIAN_POINT('Origin',(60.218,4.254,-56.89));
#12149=CARTESIAN_POINT('',(62.744,6.172,-56.89));
#12150=CARTESIAN_POINT('Origin',(60.218,6.172,-56.89));
#12151=CARTESIAN_POINT('',(62.744,4.254,-56.89));
#12152=CARTESIAN_POINT('Origin',(60.218,4.254,-56.89));
#12153=CARTESIAN_POINT('',(63.518,6.172,-56.89));
#12154=CARTESIAN_POINT('Origin',(60.218,6.172,-56.89));
#12155=CARTESIAN_POINT('',(63.518,4.254,-56.89));
#12156=CARTESIAN_POINT('Origin',(60.218,6.172,-56.89));
#12157=CARTESIAN_POINT('Origin',(60.218,0.,-47.89));
#12158=CARTESIAN_POINT('',(56.27,0.,-47.89));
#12159=CARTESIAN_POINT('Origin',(60.218,0.,-47.89));
#12160=CARTESIAN_POINT('',(56.27,3.334,-47.89));
#12161=CARTESIAN_POINT('',(56.27,0.,-47.89));
#12162=CARTESIAN_POINT('Origin',(60.218,3.334,-47.89));
#12163=CARTESIAN_POINT('Origin',(60.218,3.334,-47.89));
#12164=CARTESIAN_POINT('',(62.744,3.334,-47.89));
#12165=CARTESIAN_POINT('Origin',(60.218,3.334,-47.89));
#12166=CARTESIAN_POINT('Origin',(60.218,4.254,-47.89));
#12167=CARTESIAN_POINT('',(62.744,6.172,-47.89));
#12168=CARTESIAN_POINT('Origin',(60.218,6.172,-47.89));
#12169=CARTESIAN_POINT('',(62.744,4.254,-47.89));
#12170=CARTESIAN_POINT('Origin',(60.218,4.254,-47.89));
#12171=CARTESIAN_POINT('',(63.518,6.172,-47.89));
#12172=CARTESIAN_POINT('Origin',(60.218,6.172,-47.89));
#12173=CARTESIAN_POINT('',(63.518,4.254,-47.89));
#12174=CARTESIAN_POINT('Origin',(60.218,6.172,-47.89));
#12175=CARTESIAN_POINT('Origin',(60.218,0.,-38.89));
#12176=CARTESIAN_POINT('',(56.27,0.,-38.89));
#12177=CARTESIAN_POINT('Origin',(60.218,0.,-38.89));
#12178=CARTESIAN_POINT('',(56.27,3.334,-38.89));
#12179=CARTESIAN_POINT('',(56.27,0.,-38.89));
#12180=CARTESIAN_POINT('Origin',(60.218,3.334,-38.89));
#12181=CARTESIAN_POINT('Origin',(60.218,3.334,-38.89));
#12182=CARTESIAN_POINT('',(62.744,3.334,-38.89));
#12183=CARTESIAN_POINT('Origin',(60.218,3.334,-38.89));
#12184=CARTESIAN_POINT('Origin',(60.218,4.254,-38.89));
#12185=CARTESIAN_POINT('',(62.744,6.172,-38.89));
#12186=CARTESIAN_POINT('Origin',(60.218,6.172,-38.89));
#12187=CARTESIAN_POINT('',(62.744,4.254,-38.89));
#12188=CARTESIAN_POINT('Origin',(60.218,4.254,-38.89));
#12189=CARTESIAN_POINT('',(63.518,6.172,-38.89));
#12190=CARTESIAN_POINT('Origin',(60.218,6.172,-38.89));
#12191=CARTESIAN_POINT('',(63.518,4.254,-38.89));
#12192=CARTESIAN_POINT('Origin',(60.218,6.172,-38.89));
#12193=CARTESIAN_POINT('Origin',(60.218,0.,-29.89));
#12194=CARTESIAN_POINT('',(56.27,0.,-29.89));
#12195=CARTESIAN_POINT('Origin',(60.218,0.,-29.89));
#12196=CARTESIAN_POINT('',(56.27,3.334,-29.89));
#12197=CARTESIAN_POINT('',(56.27,0.,-29.89));
#12198=CARTESIAN_POINT('Origin',(60.218,3.334,-29.89));
#12199=CARTESIAN_POINT('Origin',(60.218,3.334,-29.89));
#12200=CARTESIAN_POINT('',(62.744,3.334,-29.89));
#12201=CARTESIAN_POINT('Origin',(60.218,3.334,-29.89));
#12202=CARTESIAN_POINT('Origin',(60.218,4.254,-29.89));
#12203=CARTESIAN_POINT('',(62.744,6.172,-29.89));
#12204=CARTESIAN_POINT('Origin',(60.218,6.172,-29.89));
#12205=CARTESIAN_POINT('',(62.744,4.254,-29.89));
#12206=CARTESIAN_POINT('Origin',(60.218,4.254,-29.89));
#12207=CARTESIAN_POINT('',(63.518,6.172,-29.89));
#12208=CARTESIAN_POINT('Origin',(60.218,6.172,-29.89));
#12209=CARTESIAN_POINT('',(63.518,4.254,-29.89));
#12210=CARTESIAN_POINT('Origin',(60.218,6.172,-29.89));
#12211=CARTESIAN_POINT('Origin',(60.218,0.,-20.89));
#12212=CARTESIAN_POINT('',(56.27,0.,-20.89));
#12213=CARTESIAN_POINT('Origin',(60.218,0.,-20.89));
#12214=CARTESIAN_POINT('',(56.27,3.334,-20.89));
#12215=CARTESIAN_POINT('',(56.27,0.,-20.89));
#12216=CARTESIAN_POINT('Origin',(60.218,3.334,-20.89));
#12217=CARTESIAN_POINT('Origin',(60.218,3.334,-20.89));
#12218=CARTESIAN_POINT('',(62.744,3.334,-20.89));
#12219=CARTESIAN_POINT('Origin',(60.218,3.334,-20.89));
#12220=CARTESIAN_POINT('Origin',(60.218,4.254,-20.89));
#12221=CARTESIAN_POINT('',(62.744,6.172,-20.89));
#12222=CARTESIAN_POINT('Origin',(60.218,6.172,-20.89));
#12223=CARTESIAN_POINT('',(62.744,4.254,-20.89));
#12224=CARTESIAN_POINT('Origin',(60.218,4.254,-20.89));
#12225=CARTESIAN_POINT('',(63.518,6.172,-20.89));
#12226=CARTESIAN_POINT('Origin',(60.218,6.172,-20.89));
#12227=CARTESIAN_POINT('',(63.518,4.254,-20.89));
#12228=CARTESIAN_POINT('Origin',(60.218,6.172,-20.89));
#12229=CARTESIAN_POINT('Origin',(60.218,0.,-11.89));
#12230=CARTESIAN_POINT('',(56.27,0.,-11.89));
#12231=CARTESIAN_POINT('Origin',(60.218,0.,-11.89));
#12232=CARTESIAN_POINT('',(56.27,3.334,-11.89));
#12233=CARTESIAN_POINT('',(56.27,0.,-11.89));
#12234=CARTESIAN_POINT('Origin',(60.218,3.334,-11.89));
#12235=CARTESIAN_POINT('Origin',(60.218,3.334,-11.89));
#12236=CARTESIAN_POINT('',(62.744,3.334,-11.89));
#12237=CARTESIAN_POINT('Origin',(60.218,3.334,-11.89));
#12238=CARTESIAN_POINT('Origin',(60.218,4.254,-11.89));
#12239=CARTESIAN_POINT('',(62.744,6.172,-11.89));
#12240=CARTESIAN_POINT('Origin',(60.218,6.172,-11.89));
#12241=CARTESIAN_POINT('',(62.744,4.254,-11.89));
#12242=CARTESIAN_POINT('Origin',(60.218,4.254,-11.89));
#12243=CARTESIAN_POINT('',(63.518,6.172,-11.89));
#12244=CARTESIAN_POINT('Origin',(60.218,6.172,-11.89));
#12245=CARTESIAN_POINT('',(63.518,4.254,-11.89));
#12246=CARTESIAN_POINT('Origin',(60.218,6.172,-11.89));
#12247=CARTESIAN_POINT('Origin',(51.218,0.,-74.89));
#12248=CARTESIAN_POINT('',(47.27,0.,-74.89));
#12249=CARTESIAN_POINT('Origin',(51.218,0.,-74.89));
#12250=CARTESIAN_POINT('',(47.27,3.334,-74.89));
#12251=CARTESIAN_POINT('',(47.27,0.,-74.89));
#12252=CARTESIAN_POINT('Origin',(51.218,3.334,-74.89));
#12253=CARTESIAN_POINT('Origin',(51.218,3.334,-74.89));
#12254=CARTESIAN_POINT('',(53.744,3.334,-74.89));
#12255=CARTESIAN_POINT('Origin',(51.218,3.334,-74.89));
#12256=CARTESIAN_POINT('Origin',(51.218,4.254,-74.89));
#12257=CARTESIAN_POINT('',(53.744,6.172,-74.89));
#12258=CARTESIAN_POINT('Origin',(51.218,6.172,-74.89));
#12259=CARTESIAN_POINT('',(53.744,4.254,-74.89));
#12260=CARTESIAN_POINT('Origin',(51.218,4.254,-74.89));
#12261=CARTESIAN_POINT('',(54.518,6.172,-74.89));
#12262=CARTESIAN_POINT('Origin',(51.218,6.172,-74.89));
#12263=CARTESIAN_POINT('',(54.518,4.254,-74.89));
#12264=CARTESIAN_POINT('Origin',(51.218,6.172,-74.89));
#12265=CARTESIAN_POINT('Origin',(51.218,0.,-65.89));
#12266=CARTESIAN_POINT('',(47.27,0.,-65.89));
#12267=CARTESIAN_POINT('Origin',(51.218,0.,-65.89));
#12268=CARTESIAN_POINT('',(47.27,3.334,-65.89));
#12269=CARTESIAN_POINT('',(47.27,0.,-65.89));
#12270=CARTESIAN_POINT('Origin',(51.218,3.334,-65.89));
#12271=CARTESIAN_POINT('Origin',(51.218,3.334,-65.89));
#12272=CARTESIAN_POINT('',(53.744,3.334,-65.89));
#12273=CARTESIAN_POINT('Origin',(51.218,3.334,-65.89));
#12274=CARTESIAN_POINT('Origin',(51.218,4.254,-65.89));
#12275=CARTESIAN_POINT('',(53.744,6.172,-65.89));
#12276=CARTESIAN_POINT('Origin',(51.218,6.172,-65.89));
#12277=CARTESIAN_POINT('',(53.744,4.254,-65.89));
#12278=CARTESIAN_POINT('Origin',(51.218,4.254,-65.89));
#12279=CARTESIAN_POINT('',(54.518,6.172,-65.89));
#12280=CARTESIAN_POINT('Origin',(51.218,6.172,-65.89));
#12281=CARTESIAN_POINT('',(54.518,4.254,-65.89));
#12282=CARTESIAN_POINT('Origin',(51.218,6.172,-65.89));
#12283=CARTESIAN_POINT('Origin',(51.218,0.,-56.89));
#12284=CARTESIAN_POINT('',(47.27,0.,-56.89));
#12285=CARTESIAN_POINT('Origin',(51.218,0.,-56.89));
#12286=CARTESIAN_POINT('',(47.27,3.334,-56.89));
#12287=CARTESIAN_POINT('',(47.27,0.,-56.89));
#12288=CARTESIAN_POINT('Origin',(51.218,3.334,-56.89));
#12289=CARTESIAN_POINT('Origin',(51.218,3.334,-56.89));
#12290=CARTESIAN_POINT('',(53.744,3.334,-56.89));
#12291=CARTESIAN_POINT('Origin',(51.218,3.334,-56.89));
#12292=CARTESIAN_POINT('Origin',(51.218,4.254,-56.89));
#12293=CARTESIAN_POINT('',(53.744,6.172,-56.89));
#12294=CARTESIAN_POINT('Origin',(51.218,6.172,-56.89));
#12295=CARTESIAN_POINT('',(53.744,4.254,-56.89));
#12296=CARTESIAN_POINT('Origin',(51.218,4.254,-56.89));
#12297=CARTESIAN_POINT('',(54.518,6.172,-56.89));
#12298=CARTESIAN_POINT('Origin',(51.218,6.172,-56.89));
#12299=CARTESIAN_POINT('',(54.518,4.254,-56.89));
#12300=CARTESIAN_POINT('Origin',(51.218,6.172,-56.89));
#12301=CARTESIAN_POINT('Origin',(51.218,0.,-47.89));
#12302=CARTESIAN_POINT('',(47.27,0.,-47.89));
#12303=CARTESIAN_POINT('Origin',(51.218,0.,-47.89));
#12304=CARTESIAN_POINT('',(47.27,3.334,-47.89));
#12305=CARTESIAN_POINT('',(47.27,0.,-47.89));
#12306=CARTESIAN_POINT('Origin',(51.218,3.334,-47.89));
#12307=CARTESIAN_POINT('Origin',(51.218,3.334,-47.89));
#12308=CARTESIAN_POINT('',(53.744,3.334,-47.89));
#12309=CARTESIAN_POINT('Origin',(51.218,3.334,-47.89));
#12310=CARTESIAN_POINT('Origin',(51.218,4.254,-47.89));
#12311=CARTESIAN_POINT('',(53.744,6.172,-47.89));
#12312=CARTESIAN_POINT('Origin',(51.218,6.172,-47.89));
#12313=CARTESIAN_POINT('',(53.744,4.254,-47.89));
#12314=CARTESIAN_POINT('Origin',(51.218,4.254,-47.89));
#12315=CARTESIAN_POINT('',(54.518,6.172,-47.89));
#12316=CARTESIAN_POINT('Origin',(51.218,6.172,-47.89));
#12317=CARTESIAN_POINT('',(54.518,4.254,-47.89));
#12318=CARTESIAN_POINT('Origin',(51.218,6.172,-47.89));
#12319=CARTESIAN_POINT('Origin',(51.218,0.,-38.89));
#12320=CARTESIAN_POINT('',(47.27,0.,-38.89));
#12321=CARTESIAN_POINT('Origin',(51.218,0.,-38.89));
#12322=CARTESIAN_POINT('',(47.27,3.334,-38.89));
#12323=CARTESIAN_POINT('',(47.27,0.,-38.89));
#12324=CARTESIAN_POINT('Origin',(51.218,3.334,-38.89));
#12325=CARTESIAN_POINT('Origin',(51.218,3.334,-38.89));
#12326=CARTESIAN_POINT('',(53.744,3.334,-38.89));
#12327=CARTESIAN_POINT('Origin',(51.218,3.334,-38.89));
#12328=CARTESIAN_POINT('Origin',(51.218,4.254,-38.89));
#12329=CARTESIAN_POINT('',(53.744,6.172,-38.89));
#12330=CARTESIAN_POINT('Origin',(51.218,6.172,-38.89));
#12331=CARTESIAN_POINT('',(53.744,4.254,-38.89));
#12332=CARTESIAN_POINT('Origin',(51.218,4.254,-38.89));
#12333=CARTESIAN_POINT('',(54.518,6.172,-38.89));
#12334=CARTESIAN_POINT('Origin',(51.218,6.172,-38.89));
#12335=CARTESIAN_POINT('',(54.518,4.254,-38.89));
#12336=CARTESIAN_POINT('Origin',(51.218,6.172,-38.89));
#12337=CARTESIAN_POINT('Origin',(51.218,0.,-29.89));
#12338=CARTESIAN_POINT('',(47.27,0.,-29.89));
#12339=CARTESIAN_POINT('Origin',(51.218,0.,-29.89));
#12340=CARTESIAN_POINT('',(47.27,3.334,-29.89));
#12341=CARTESIAN_POINT('',(47.27,0.,-29.89));
#12342=CARTESIAN_POINT('Origin',(51.218,3.334,-29.89));
#12343=CARTESIAN_POINT('Origin',(51.218,3.334,-29.89));
#12344=CARTESIAN_POINT('',(53.744,3.334,-29.89));
#12345=CARTESIAN_POINT('Origin',(51.218,3.334,-29.89));
#12346=CARTESIAN_POINT('Origin',(51.218,4.254,-29.89));
#12347=CARTESIAN_POINT('',(53.744,6.172,-29.89));
#12348=CARTESIAN_POINT('Origin',(51.218,6.172,-29.89));
#12349=CARTESIAN_POINT('',(53.744,4.254,-29.89));
#12350=CARTESIAN_POINT('Origin',(51.218,4.254,-29.89));
#12351=CARTESIAN_POINT('',(54.518,6.172,-29.89));
#12352=CARTESIAN_POINT('Origin',(51.218,6.172,-29.89));
#12353=CARTESIAN_POINT('',(54.518,4.254,-29.89));
#12354=CARTESIAN_POINT('Origin',(51.218,6.172,-29.89));
#12355=CARTESIAN_POINT('Origin',(51.218,0.,-20.89));
#12356=CARTESIAN_POINT('',(47.27,0.,-20.89));
#12357=CARTESIAN_POINT('Origin',(51.218,0.,-20.89));
#12358=CARTESIAN_POINT('',(47.27,3.334,-20.89));
#12359=CARTESIAN_POINT('',(47.27,0.,-20.89));
#12360=CARTESIAN_POINT('Origin',(51.218,3.334,-20.89));
#12361=CARTESIAN_POINT('Origin',(51.218,3.334,-20.89));
#12362=CARTESIAN_POINT('',(53.744,3.334,-20.89));
#12363=CARTESIAN_POINT('Origin',(51.218,3.334,-20.89));
#12364=CARTESIAN_POINT('Origin',(51.218,4.254,-20.89));
#12365=CARTESIAN_POINT('',(53.744,6.172,-20.89));
#12366=CARTESIAN_POINT('Origin',(51.218,6.172,-20.89));
#12367=CARTESIAN_POINT('',(53.744,4.254,-20.89));
#12368=CARTESIAN_POINT('Origin',(51.218,4.254,-20.89));
#12369=CARTESIAN_POINT('',(54.518,6.172,-20.89));
#12370=CARTESIAN_POINT('Origin',(51.218,6.172,-20.89));
#12371=CARTESIAN_POINT('',(54.518,4.254,-20.89));
#12372=CARTESIAN_POINT('Origin',(51.218,6.172,-20.89));
#12373=CARTESIAN_POINT('Origin',(51.218,0.,-11.89));
#12374=CARTESIAN_POINT('',(47.27,0.,-11.89));
#12375=CARTESIAN_POINT('Origin',(51.218,0.,-11.89));
#12376=CARTESIAN_POINT('',(47.27,3.334,-11.89));
#12377=CARTESIAN_POINT('',(47.27,0.,-11.89));
#12378=CARTESIAN_POINT('Origin',(51.218,3.334,-11.89));
#12379=CARTESIAN_POINT('Origin',(51.218,3.334,-11.89));
#12380=CARTESIAN_POINT('',(53.744,3.334,-11.89));
#12381=CARTESIAN_POINT('Origin',(51.218,3.334,-11.89));
#12382=CARTESIAN_POINT('Origin',(51.218,4.254,-11.89));
#12383=CARTESIAN_POINT('',(53.744,6.172,-11.89));
#12384=CARTESIAN_POINT('Origin',(51.218,6.172,-11.89));
#12385=CARTESIAN_POINT('',(53.744,4.254,-11.89));
#12386=CARTESIAN_POINT('Origin',(51.218,4.254,-11.89));
#12387=CARTESIAN_POINT('',(54.518,6.172,-11.89));
#12388=CARTESIAN_POINT('Origin',(51.218,6.172,-11.89));
#12389=CARTESIAN_POINT('',(54.518,4.254,-11.89));
#12390=CARTESIAN_POINT('Origin',(51.218,6.172,-11.89));
#12391=CARTESIAN_POINT('Origin',(42.218,0.,-74.89));
#12392=CARTESIAN_POINT('',(38.27,0.,-74.89));
#12393=CARTESIAN_POINT('Origin',(42.218,0.,-74.89));
#12394=CARTESIAN_POINT('',(38.27,3.334,-74.89));
#12395=CARTESIAN_POINT('',(38.27,0.,-74.89));
#12396=CARTESIAN_POINT('Origin',(42.218,3.334,-74.89));
#12397=CARTESIAN_POINT('Origin',(42.218,3.334,-74.89));
#12398=CARTESIAN_POINT('',(44.744,3.334,-74.89));
#12399=CARTESIAN_POINT('Origin',(42.218,3.334,-74.89));
#12400=CARTESIAN_POINT('Origin',(42.218,4.254,-74.89));
#12401=CARTESIAN_POINT('',(44.744,6.172,-74.89));
#12402=CARTESIAN_POINT('Origin',(42.218,6.172,-74.89));
#12403=CARTESIAN_POINT('',(44.744,4.254,-74.89));
#12404=CARTESIAN_POINT('Origin',(42.218,4.254,-74.89));
#12405=CARTESIAN_POINT('',(45.518,6.172,-74.89));
#12406=CARTESIAN_POINT('Origin',(42.218,6.172,-74.89));
#12407=CARTESIAN_POINT('',(45.518,4.254,-74.89));
#12408=CARTESIAN_POINT('Origin',(42.218,6.172,-74.89));
#12409=CARTESIAN_POINT('Origin',(42.218,0.,-65.89));
#12410=CARTESIAN_POINT('',(38.27,0.,-65.89));
#12411=CARTESIAN_POINT('Origin',(42.218,0.,-65.89));
#12412=CARTESIAN_POINT('',(38.27,3.334,-65.89));
#12413=CARTESIAN_POINT('',(38.27,0.,-65.89));
#12414=CARTESIAN_POINT('Origin',(42.218,3.334,-65.89));
#12415=CARTESIAN_POINT('Origin',(42.218,3.334,-65.89));
#12416=CARTESIAN_POINT('',(44.744,3.334,-65.89));
#12417=CARTESIAN_POINT('Origin',(42.218,3.334,-65.89));
#12418=CARTESIAN_POINT('Origin',(42.218,4.254,-65.89));
#12419=CARTESIAN_POINT('',(44.744,6.172,-65.89));
#12420=CARTESIAN_POINT('Origin',(42.218,6.172,-65.89));
#12421=CARTESIAN_POINT('',(44.744,4.254,-65.89));
#12422=CARTESIAN_POINT('Origin',(42.218,4.254,-65.89));
#12423=CARTESIAN_POINT('',(45.518,6.172,-65.89));
#12424=CARTESIAN_POINT('Origin',(42.218,6.172,-65.89));
#12425=CARTESIAN_POINT('',(45.518,4.254,-65.89));
#12426=CARTESIAN_POINT('Origin',(42.218,6.172,-65.89));
#12427=CARTESIAN_POINT('Origin',(42.218,0.,-56.89));
#12428=CARTESIAN_POINT('',(38.27,0.,-56.89));
#12429=CARTESIAN_POINT('Origin',(42.218,0.,-56.89));
#12430=CARTESIAN_POINT('',(38.27,3.334,-56.89));
#12431=CARTESIAN_POINT('',(38.27,0.,-56.89));
#12432=CARTESIAN_POINT('Origin',(42.218,3.334,-56.89));
#12433=CARTESIAN_POINT('Origin',(42.218,3.334,-56.89));
#12434=CARTESIAN_POINT('',(44.744,3.334,-56.89));
#12435=CARTESIAN_POINT('Origin',(42.218,3.334,-56.89));
#12436=CARTESIAN_POINT('Origin',(42.218,4.254,-56.89));
#12437=CARTESIAN_POINT('',(44.744,6.172,-56.89));
#12438=CARTESIAN_POINT('Origin',(42.218,6.172,-56.89));
#12439=CARTESIAN_POINT('',(44.744,4.254,-56.89));
#12440=CARTESIAN_POINT('Origin',(42.218,4.254,-56.89));
#12441=CARTESIAN_POINT('',(45.518,6.172,-56.89));
#12442=CARTESIAN_POINT('Origin',(42.218,6.172,-56.89));
#12443=CARTESIAN_POINT('',(45.518,4.254,-56.89));
#12444=CARTESIAN_POINT('Origin',(42.218,6.172,-56.89));
#12445=CARTESIAN_POINT('Origin',(42.218,0.,-47.89));
#12446=CARTESIAN_POINT('',(38.27,0.,-47.89));
#12447=CARTESIAN_POINT('Origin',(42.218,0.,-47.89));
#12448=CARTESIAN_POINT('',(38.27,3.334,-47.89));
#12449=CARTESIAN_POINT('',(38.27,0.,-47.89));
#12450=CARTESIAN_POINT('Origin',(42.218,3.334,-47.89));
#12451=CARTESIAN_POINT('Origin',(42.218,3.334,-47.89));
#12452=CARTESIAN_POINT('',(44.744,3.334,-47.89));
#12453=CARTESIAN_POINT('Origin',(42.218,3.334,-47.89));
#12454=CARTESIAN_POINT('Origin',(42.218,4.254,-47.89));
#12455=CARTESIAN_POINT('',(44.744,6.172,-47.89));
#12456=CARTESIAN_POINT('Origin',(42.218,6.172,-47.89));
#12457=CARTESIAN_POINT('',(44.744,4.254,-47.89));
#12458=CARTESIAN_POINT('Origin',(42.218,4.254,-47.89));
#12459=CARTESIAN_POINT('',(45.518,6.172,-47.89));
#12460=CARTESIAN_POINT('Origin',(42.218,6.172,-47.89));
#12461=CARTESIAN_POINT('',(45.518,4.254,-47.89));
#12462=CARTESIAN_POINT('Origin',(42.218,6.172,-47.89));
#12463=CARTESIAN_POINT('Origin',(42.218,0.,-38.89));
#12464=CARTESIAN_POINT('',(38.27,0.,-38.89));
#12465=CARTESIAN_POINT('Origin',(42.218,0.,-38.89));
#12466=CARTESIAN_POINT('',(38.27,3.334,-38.89));
#12467=CARTESIAN_POINT('',(38.27,0.,-38.89));
#12468=CARTESIAN_POINT('Origin',(42.218,3.334,-38.89));
#12469=CARTESIAN_POINT('Origin',(42.218,3.334,-38.89));
#12470=CARTESIAN_POINT('',(44.744,3.334,-38.89));
#12471=CARTESIAN_POINT('Origin',(42.218,3.334,-38.89));
#12472=CARTESIAN_POINT('Origin',(42.218,4.254,-38.89));
#12473=CARTESIAN_POINT('',(44.744,6.172,-38.89));
#12474=CARTESIAN_POINT('Origin',(42.218,6.172,-38.89));
#12475=CARTESIAN_POINT('',(44.744,4.254,-38.89));
#12476=CARTESIAN_POINT('Origin',(42.218,4.254,-38.89));
#12477=CARTESIAN_POINT('',(45.518,6.172,-38.89));
#12478=CARTESIAN_POINT('Origin',(42.218,6.172,-38.89));
#12479=CARTESIAN_POINT('',(45.518,4.254,-38.89));
#12480=CARTESIAN_POINT('Origin',(42.218,6.172,-38.89));
#12481=CARTESIAN_POINT('Origin',(42.218,0.,-29.89));
#12482=CARTESIAN_POINT('',(38.27,0.,-29.89));
#12483=CARTESIAN_POINT('Origin',(42.218,0.,-29.89));
#12484=CARTESIAN_POINT('',(38.27,3.334,-29.89));
#12485=CARTESIAN_POINT('',(38.27,0.,-29.89));
#12486=CARTESIAN_POINT('Origin',(42.218,3.334,-29.89));
#12487=CARTESIAN_POINT('Origin',(42.218,3.334,-29.89));
#12488=CARTESIAN_POINT('',(44.744,3.334,-29.89));
#12489=CARTESIAN_POINT('Origin',(42.218,3.334,-29.89));
#12490=CARTESIAN_POINT('Origin',(42.218,4.254,-29.89));
#12491=CARTESIAN_POINT('',(44.744,6.172,-29.89));
#12492=CARTESIAN_POINT('Origin',(42.218,6.172,-29.89));
#12493=CARTESIAN_POINT('',(44.744,4.254,-29.89));
#12494=CARTESIAN_POINT('Origin',(42.218,4.254,-29.89));
#12495=CARTESIAN_POINT('',(45.518,6.172,-29.89));
#12496=CARTESIAN_POINT('Origin',(42.218,6.172,-29.89));
#12497=CARTESIAN_POINT('',(45.518,4.254,-29.89));
#12498=CARTESIAN_POINT('Origin',(42.218,6.172,-29.89));
#12499=CARTESIAN_POINT('Origin',(42.218,0.,-20.89));
#12500=CARTESIAN_POINT('',(38.27,0.,-20.89));
#12501=CARTESIAN_POINT('Origin',(42.218,0.,-20.89));
#12502=CARTESIAN_POINT('',(38.27,3.334,-20.89));
#12503=CARTESIAN_POINT('',(38.27,0.,-20.89));
#12504=CARTESIAN_POINT('Origin',(42.218,3.334,-20.89));
#12505=CARTESIAN_POINT('Origin',(42.218,3.334,-20.89));
#12506=CARTESIAN_POINT('',(44.744,3.334,-20.89));
#12507=CARTESIAN_POINT('Origin',(42.218,3.334,-20.89));
#12508=CARTESIAN_POINT('Origin',(42.218,4.254,-20.89));
#12509=CARTESIAN_POINT('',(44.744,6.172,-20.89));
#12510=CARTESIAN_POINT('Origin',(42.218,6.172,-20.89));
#12511=CARTESIAN_POINT('',(44.744,4.254,-20.89));
#12512=CARTESIAN_POINT('Origin',(42.218,4.254,-20.89));
#12513=CARTESIAN_POINT('',(45.518,6.172,-20.89));
#12514=CARTESIAN_POINT('Origin',(42.218,6.172,-20.89));
#12515=CARTESIAN_POINT('',(45.518,4.254,-20.89));
#12516=CARTESIAN_POINT('Origin',(42.218,6.172,-20.89));
#12517=CARTESIAN_POINT('Origin',(42.218,0.,-11.89));
#12518=CARTESIAN_POINT('',(38.27,0.,-11.89));
#12519=CARTESIAN_POINT('Origin',(42.218,0.,-11.89));
#12520=CARTESIAN_POINT('',(38.27,3.334,-11.89));
#12521=CARTESIAN_POINT('',(38.27,0.,-11.89));
#12522=CARTESIAN_POINT('Origin',(42.218,3.334,-11.89));
#12523=CARTESIAN_POINT('Origin',(42.218,3.334,-11.89));
#12524=CARTESIAN_POINT('',(44.744,3.334,-11.89));
#12525=CARTESIAN_POINT('Origin',(42.218,3.334,-11.89));
#12526=CARTESIAN_POINT('Origin',(42.218,4.254,-11.89));
#12527=CARTESIAN_POINT('',(44.744,6.172,-11.89));
#12528=CARTESIAN_POINT('Origin',(42.218,6.172,-11.89));
#12529=CARTESIAN_POINT('',(44.744,4.254,-11.89));
#12530=CARTESIAN_POINT('Origin',(42.218,4.254,-11.89));
#12531=CARTESIAN_POINT('',(45.518,6.172,-11.89));
#12532=CARTESIAN_POINT('Origin',(42.218,6.172,-11.89));
#12533=CARTESIAN_POINT('',(45.518,4.254,-11.89));
#12534=CARTESIAN_POINT('Origin',(42.218,6.172,-11.89));
#12535=CARTESIAN_POINT('Origin',(33.218,0.,-74.89));
#12536=CARTESIAN_POINT('',(29.27,0.,-74.89));
#12537=CARTESIAN_POINT('Origin',(33.218,0.,-74.89));
#12538=CARTESIAN_POINT('',(29.27,3.334,-74.89));
#12539=CARTESIAN_POINT('',(29.27,0.,-74.89));
#12540=CARTESIAN_POINT('Origin',(33.218,3.334,-74.89));
#12541=CARTESIAN_POINT('Origin',(33.218,3.334,-74.89));
#12542=CARTESIAN_POINT('',(35.744,3.334,-74.89));
#12543=CARTESIAN_POINT('Origin',(33.218,3.334,-74.89));
#12544=CARTESIAN_POINT('Origin',(33.218,4.254,-74.89));
#12545=CARTESIAN_POINT('',(35.744,6.172,-74.89));
#12546=CARTESIAN_POINT('Origin',(33.218,6.172,-74.89));
#12547=CARTESIAN_POINT('',(35.744,4.254,-74.89));
#12548=CARTESIAN_POINT('Origin',(33.218,4.254,-74.89));
#12549=CARTESIAN_POINT('',(36.518,6.172,-74.89));
#12550=CARTESIAN_POINT('Origin',(33.218,6.172,-74.89));
#12551=CARTESIAN_POINT('',(36.518,4.254,-74.89));
#12552=CARTESIAN_POINT('Origin',(33.218,6.172,-74.89));
#12553=CARTESIAN_POINT('Origin',(33.218,0.,-65.89));
#12554=CARTESIAN_POINT('',(29.27,0.,-65.89));
#12555=CARTESIAN_POINT('Origin',(33.218,0.,-65.89));
#12556=CARTESIAN_POINT('',(29.27,3.334,-65.89));
#12557=CARTESIAN_POINT('',(29.27,0.,-65.89));
#12558=CARTESIAN_POINT('Origin',(33.218,3.334,-65.89));
#12559=CARTESIAN_POINT('Origin',(33.218,3.334,-65.89));
#12560=CARTESIAN_POINT('',(35.744,3.334,-65.89));
#12561=CARTESIAN_POINT('Origin',(33.218,3.334,-65.89));
#12562=CARTESIAN_POINT('Origin',(33.218,4.254,-65.89));
#12563=CARTESIAN_POINT('',(35.744,6.172,-65.89));
#12564=CARTESIAN_POINT('Origin',(33.218,6.172,-65.89));
#12565=CARTESIAN_POINT('',(35.744,4.254,-65.89));
#12566=CARTESIAN_POINT('Origin',(33.218,4.254,-65.89));
#12567=CARTESIAN_POINT('',(36.518,6.172,-65.89));
#12568=CARTESIAN_POINT('Origin',(33.218,6.172,-65.89));
#12569=CARTESIAN_POINT('',(36.518,4.254,-65.89));
#12570=CARTESIAN_POINT('Origin',(33.218,6.172,-65.89));
#12571=CARTESIAN_POINT('Origin',(33.218,0.,-56.89));
#12572=CARTESIAN_POINT('',(29.27,0.,-56.89));
#12573=CARTESIAN_POINT('Origin',(33.218,0.,-56.89));
#12574=CARTESIAN_POINT('',(29.27,3.334,-56.89));
#12575=CARTESIAN_POINT('',(29.27,0.,-56.89));
#12576=CARTESIAN_POINT('Origin',(33.218,3.334,-56.89));
#12577=CARTESIAN_POINT('Origin',(33.218,3.334,-56.89));
#12578=CARTESIAN_POINT('',(35.744,3.334,-56.89));
#12579=CARTESIAN_POINT('Origin',(33.218,3.334,-56.89));
#12580=CARTESIAN_POINT('Origin',(33.218,4.254,-56.89));
#12581=CARTESIAN_POINT('',(35.744,6.172,-56.89));
#12582=CARTESIAN_POINT('Origin',(33.218,6.172,-56.89));
#12583=CARTESIAN_POINT('',(35.744,4.254,-56.89));
#12584=CARTESIAN_POINT('Origin',(33.218,4.254,-56.89));
#12585=CARTESIAN_POINT('',(36.518,6.172,-56.89));
#12586=CARTESIAN_POINT('Origin',(33.218,6.172,-56.89));
#12587=CARTESIAN_POINT('',(36.518,4.254,-56.89));
#12588=CARTESIAN_POINT('Origin',(33.218,6.172,-56.89));
#12589=CARTESIAN_POINT('Origin',(33.218,0.,-47.89));
#12590=CARTESIAN_POINT('',(29.27,0.,-47.89));
#12591=CARTESIAN_POINT('Origin',(33.218,0.,-47.89));
#12592=CARTESIAN_POINT('',(29.27,3.334,-47.89));
#12593=CARTESIAN_POINT('',(29.27,0.,-47.89));
#12594=CARTESIAN_POINT('Origin',(33.218,3.334,-47.89));
#12595=CARTESIAN_POINT('Origin',(33.218,3.334,-47.89));
#12596=CARTESIAN_POINT('',(35.744,3.334,-47.89));
#12597=CARTESIAN_POINT('Origin',(33.218,3.334,-47.89));
#12598=CARTESIAN_POINT('Origin',(33.218,4.254,-47.89));
#12599=CARTESIAN_POINT('',(35.744,6.172,-47.89));
#12600=CARTESIAN_POINT('Origin',(33.218,6.172,-47.89));
#12601=CARTESIAN_POINT('',(35.744,4.254,-47.89));
#12602=CARTESIAN_POINT('Origin',(33.218,4.254,-47.89));
#12603=CARTESIAN_POINT('',(36.518,6.172,-47.89));
#12604=CARTESIAN_POINT('Origin',(33.218,6.172,-47.89));
#12605=CARTESIAN_POINT('',(36.518,4.254,-47.89));
#12606=CARTESIAN_POINT('Origin',(33.218,6.172,-47.89));
#12607=CARTESIAN_POINT('Origin',(33.218,0.,-38.89));
#12608=CARTESIAN_POINT('',(29.27,0.,-38.89));
#12609=CARTESIAN_POINT('Origin',(33.218,0.,-38.89));
#12610=CARTESIAN_POINT('',(29.27,3.334,-38.89));
#12611=CARTESIAN_POINT('',(29.27,0.,-38.89));
#12612=CARTESIAN_POINT('Origin',(33.218,3.334,-38.89));
#12613=CARTESIAN_POINT('Origin',(33.218,3.334,-38.89));
#12614=CARTESIAN_POINT('',(35.744,3.334,-38.89));
#12615=CARTESIAN_POINT('Origin',(33.218,3.334,-38.89));
#12616=CARTESIAN_POINT('Origin',(33.218,4.254,-38.89));
#12617=CARTESIAN_POINT('',(35.744,6.172,-38.89));
#12618=CARTESIAN_POINT('Origin',(33.218,6.172,-38.89));
#12619=CARTESIAN_POINT('',(35.744,4.254,-38.89));
#12620=CARTESIAN_POINT('Origin',(33.218,4.254,-38.89));
#12621=CARTESIAN_POINT('',(36.518,6.172,-38.89));
#12622=CARTESIAN_POINT('Origin',(33.218,6.172,-38.89));
#12623=CARTESIAN_POINT('',(36.518,4.254,-38.89));
#12624=CARTESIAN_POINT('Origin',(33.218,6.172,-38.89));
#12625=CARTESIAN_POINT('Origin',(33.218,0.,-29.89));
#12626=CARTESIAN_POINT('',(29.27,0.,-29.89));
#12627=CARTESIAN_POINT('Origin',(33.218,0.,-29.89));
#12628=CARTESIAN_POINT('',(29.27,3.334,-29.89));
#12629=CARTESIAN_POINT('',(29.27,0.,-29.89));
#12630=CARTESIAN_POINT('Origin',(33.218,3.334,-29.89));
#12631=CARTESIAN_POINT('Origin',(33.218,3.334,-29.89));
#12632=CARTESIAN_POINT('',(35.744,3.334,-29.89));
#12633=CARTESIAN_POINT('Origin',(33.218,3.334,-29.89));
#12634=CARTESIAN_POINT('Origin',(33.218,4.254,-29.89));
#12635=CARTESIAN_POINT('',(35.744,6.172,-29.89));
#12636=CARTESIAN_POINT('Origin',(33.218,6.172,-29.89));
#12637=CARTESIAN_POINT('',(35.744,4.254,-29.89));
#12638=CARTESIAN_POINT('Origin',(33.218,4.254,-29.89));
#12639=CARTESIAN_POINT('',(36.518,6.172,-29.89));
#12640=CARTESIAN_POINT('Origin',(33.218,6.172,-29.89));
#12641=CARTESIAN_POINT('',(36.518,4.254,-29.89));
#12642=CARTESIAN_POINT('Origin',(33.218,6.172,-29.89));
#12643=CARTESIAN_POINT('Origin',(33.218,0.,-20.89));
#12644=CARTESIAN_POINT('',(29.27,0.,-20.89));
#12645=CARTESIAN_POINT('Origin',(33.218,0.,-20.89));
#12646=CARTESIAN_POINT('',(29.27,3.334,-20.89));
#12647=CARTESIAN_POINT('',(29.27,0.,-20.89));
#12648=CARTESIAN_POINT('Origin',(33.218,3.334,-20.89));
#12649=CARTESIAN_POINT('Origin',(33.218,3.334,-20.89));
#12650=CARTESIAN_POINT('',(35.744,3.334,-20.89));
#12651=CARTESIAN_POINT('Origin',(33.218,3.334,-20.89));
#12652=CARTESIAN_POINT('Origin',(33.218,4.254,-20.89));
#12653=CARTESIAN_POINT('',(35.744,6.172,-20.89));
#12654=CARTESIAN_POINT('Origin',(33.218,6.172,-20.89));
#12655=CARTESIAN_POINT('',(35.744,4.254,-20.89));
#12656=CARTESIAN_POINT('Origin',(33.218,4.254,-20.89));
#12657=CARTESIAN_POINT('',(36.518,6.172,-20.89));
#12658=CARTESIAN_POINT('Origin',(33.218,6.172,-20.89));
#12659=CARTESIAN_POINT('',(36.518,4.254,-20.89));
#12660=CARTESIAN_POINT('Origin',(33.218,6.172,-20.89));
#12661=CARTESIAN_POINT('Origin',(33.218,0.,-11.89));
#12662=CARTESIAN_POINT('',(29.27,0.,-11.89));
#12663=CARTESIAN_POINT('Origin',(33.218,0.,-11.89));
#12664=CARTESIAN_POINT('',(29.27,3.334,-11.89));
#12665=CARTESIAN_POINT('',(29.27,0.,-11.89));
#12666=CARTESIAN_POINT('Origin',(33.218,3.334,-11.89));
#12667=CARTESIAN_POINT('Origin',(33.218,3.334,-11.89));
#12668=CARTESIAN_POINT('',(35.744,3.334,-11.89));
#12669=CARTESIAN_POINT('Origin',(33.218,3.334,-11.89));
#12670=CARTESIAN_POINT('Origin',(33.218,4.254,-11.89));
#12671=CARTESIAN_POINT('',(35.744,6.172,-11.89));
#12672=CARTESIAN_POINT('Origin',(33.218,6.172,-11.89));
#12673=CARTESIAN_POINT('',(35.744,4.254,-11.89));
#12674=CARTESIAN_POINT('Origin',(33.218,4.254,-11.89));
#12675=CARTESIAN_POINT('',(36.518,6.172,-11.89));
#12676=CARTESIAN_POINT('Origin',(33.218,6.172,-11.89));
#12677=CARTESIAN_POINT('',(36.518,4.254,-11.89));
#12678=CARTESIAN_POINT('Origin',(33.218,6.172,-11.89));
#12679=CARTESIAN_POINT('Origin',(24.218,0.,-74.89));
#12680=CARTESIAN_POINT('',(20.27,0.,-74.89));
#12681=CARTESIAN_POINT('Origin',(24.218,0.,-74.89));
#12682=CARTESIAN_POINT('',(20.27,3.334,-74.89));
#12683=CARTESIAN_POINT('',(20.27,0.,-74.89));
#12684=CARTESIAN_POINT('Origin',(24.218,3.334,-74.89));
#12685=CARTESIAN_POINT('Origin',(24.218,3.334,-74.89));
#12686=CARTESIAN_POINT('',(26.744,3.334,-74.89));
#12687=CARTESIAN_POINT('Origin',(24.218,3.334,-74.89));
#12688=CARTESIAN_POINT('Origin',(24.218,4.254,-74.89));
#12689=CARTESIAN_POINT('',(26.744,6.172,-74.89));
#12690=CARTESIAN_POINT('Origin',(24.218,6.172,-74.89));
#12691=CARTESIAN_POINT('',(26.744,4.254,-74.89));
#12692=CARTESIAN_POINT('Origin',(24.218,4.254,-74.89));
#12693=CARTESIAN_POINT('',(27.518,6.172,-74.89));
#12694=CARTESIAN_POINT('Origin',(24.218,6.172,-74.89));
#12695=CARTESIAN_POINT('',(27.518,4.254,-74.89));
#12696=CARTESIAN_POINT('Origin',(24.218,6.172,-74.89));
#12697=CARTESIAN_POINT('Origin',(24.218,0.,-65.89));
#12698=CARTESIAN_POINT('',(20.27,0.,-65.89));
#12699=CARTESIAN_POINT('Origin',(24.218,0.,-65.89));
#12700=CARTESIAN_POINT('',(20.27,3.334,-65.89));
#12701=CARTESIAN_POINT('',(20.27,0.,-65.89));
#12702=CARTESIAN_POINT('Origin',(24.218,3.334,-65.89));
#12703=CARTESIAN_POINT('Origin',(24.218,3.334,-65.89));
#12704=CARTESIAN_POINT('',(26.744,3.334,-65.89));
#12705=CARTESIAN_POINT('Origin',(24.218,3.334,-65.89));
#12706=CARTESIAN_POINT('Origin',(24.218,4.254,-65.89));
#12707=CARTESIAN_POINT('',(26.744,6.172,-65.89));
#12708=CARTESIAN_POINT('Origin',(24.218,6.172,-65.89));
#12709=CARTESIAN_POINT('',(26.744,4.254,-65.89));
#12710=CARTESIAN_POINT('Origin',(24.218,4.254,-65.89));
#12711=CARTESIAN_POINT('',(27.518,6.172,-65.89));
#12712=CARTESIAN_POINT('Origin',(24.218,6.172,-65.89));
#12713=CARTESIAN_POINT('',(27.518,4.254,-65.89));
#12714=CARTESIAN_POINT('Origin',(24.218,6.172,-65.89));
#12715=CARTESIAN_POINT('Origin',(24.218,0.,-56.89));
#12716=CARTESIAN_POINT('',(20.27,0.,-56.89));
#12717=CARTESIAN_POINT('Origin',(24.218,0.,-56.89));
#12718=CARTESIAN_POINT('',(20.27,3.334,-56.89));
#12719=CARTESIAN_POINT('',(20.27,0.,-56.89));
#12720=CARTESIAN_POINT('Origin',(24.218,3.334,-56.89));
#12721=CARTESIAN_POINT('Origin',(24.218,3.334,-56.89));
#12722=CARTESIAN_POINT('',(26.744,3.334,-56.89));
#12723=CARTESIAN_POINT('Origin',(24.218,3.334,-56.89));
#12724=CARTESIAN_POINT('Origin',(24.218,4.254,-56.89));
#12725=CARTESIAN_POINT('',(26.744,6.172,-56.89));
#12726=CARTESIAN_POINT('Origin',(24.218,6.172,-56.89));
#12727=CARTESIAN_POINT('',(26.744,4.254,-56.89));
#12728=CARTESIAN_POINT('Origin',(24.218,4.254,-56.89));
#12729=CARTESIAN_POINT('',(27.518,6.172,-56.89));
#12730=CARTESIAN_POINT('Origin',(24.218,6.172,-56.89));
#12731=CARTESIAN_POINT('',(27.518,4.254,-56.89));
#12732=CARTESIAN_POINT('Origin',(24.218,6.172,-56.89));
#12733=CARTESIAN_POINT('Origin',(24.218,0.,-47.89));
#12734=CARTESIAN_POINT('',(20.27,0.,-47.89));
#12735=CARTESIAN_POINT('Origin',(24.218,0.,-47.89));
#12736=CARTESIAN_POINT('',(20.27,3.334,-47.89));
#12737=CARTESIAN_POINT('',(20.27,0.,-47.89));
#12738=CARTESIAN_POINT('Origin',(24.218,3.334,-47.89));
#12739=CARTESIAN_POINT('Origin',(24.218,3.334,-47.89));
#12740=CARTESIAN_POINT('',(26.744,3.334,-47.89));
#12741=CARTESIAN_POINT('Origin',(24.218,3.334,-47.89));
#12742=CARTESIAN_POINT('Origin',(24.218,4.254,-47.89));
#12743=CARTESIAN_POINT('',(26.744,6.172,-47.89));
#12744=CARTESIAN_POINT('Origin',(24.218,6.172,-47.89));
#12745=CARTESIAN_POINT('',(26.744,4.254,-47.89));
#12746=CARTESIAN_POINT('Origin',(24.218,4.254,-47.89));
#12747=CARTESIAN_POINT('',(27.518,6.172,-47.89));
#12748=CARTESIAN_POINT('Origin',(24.218,6.172,-47.89));
#12749=CARTESIAN_POINT('',(27.518,4.254,-47.89));
#12750=CARTESIAN_POINT('Origin',(24.218,6.172,-47.89));
#12751=CARTESIAN_POINT('Origin',(24.218,0.,-38.89));
#12752=CARTESIAN_POINT('',(20.27,0.,-38.89));
#12753=CARTESIAN_POINT('Origin',(24.218,0.,-38.89));
#12754=CARTESIAN_POINT('',(20.27,3.334,-38.89));
#12755=CARTESIAN_POINT('',(20.27,0.,-38.89));
#12756=CARTESIAN_POINT('Origin',(24.218,3.334,-38.89));
#12757=CARTESIAN_POINT('Origin',(24.218,3.334,-38.89));
#12758=CARTESIAN_POINT('',(26.744,3.334,-38.89));
#12759=CARTESIAN_POINT('Origin',(24.218,3.334,-38.89));
#12760=CARTESIAN_POINT('Origin',(24.218,4.254,-38.89));
#12761=CARTESIAN_POINT('',(26.744,6.172,-38.89));
#12762=CARTESIAN_POINT('Origin',(24.218,6.172,-38.89));
#12763=CARTESIAN_POINT('',(26.744,4.254,-38.89));
#12764=CARTESIAN_POINT('Origin',(24.218,4.254,-38.89));
#12765=CARTESIAN_POINT('',(27.518,6.172,-38.89));
#12766=CARTESIAN_POINT('Origin',(24.218,6.172,-38.89));
#12767=CARTESIAN_POINT('',(27.518,4.254,-38.89));
#12768=CARTESIAN_POINT('Origin',(24.218,6.172,-38.89));
#12769=CARTESIAN_POINT('Origin',(24.218,0.,-29.89));
#12770=CARTESIAN_POINT('',(20.27,0.,-29.89));
#12771=CARTESIAN_POINT('Origin',(24.218,0.,-29.89));
#12772=CARTESIAN_POINT('',(20.27,3.334,-29.89));
#12773=CARTESIAN_POINT('',(20.27,0.,-29.89));
#12774=CARTESIAN_POINT('Origin',(24.218,3.334,-29.89));
#12775=CARTESIAN_POINT('Origin',(24.218,3.334,-29.89));
#12776=CARTESIAN_POINT('',(26.744,3.334,-29.89));
#12777=CARTESIAN_POINT('Origin',(24.218,3.334,-29.89));
#12778=CARTESIAN_POINT('Origin',(24.218,4.254,-29.89));
#12779=CARTESIAN_POINT('',(26.744,6.172,-29.89));
#12780=CARTESIAN_POINT('Origin',(24.218,6.172,-29.89));
#12781=CARTESIAN_POINT('',(26.744,4.254,-29.89));
#12782=CARTESIAN_POINT('Origin',(24.218,4.254,-29.89));
#12783=CARTESIAN_POINT('',(27.518,6.172,-29.89));
#12784=CARTESIAN_POINT('Origin',(24.218,6.172,-29.89));
#12785=CARTESIAN_POINT('',(27.518,4.254,-29.89));
#12786=CARTESIAN_POINT('Origin',(24.218,6.172,-29.89));
#12787=CARTESIAN_POINT('Origin',(24.218,0.,-20.89));
#12788=CARTESIAN_POINT('',(20.27,0.,-20.89));
#12789=CARTESIAN_POINT('Origin',(24.218,0.,-20.89));
#12790=CARTESIAN_POINT('',(20.27,3.334,-20.89));
#12791=CARTESIAN_POINT('',(20.27,0.,-20.89));
#12792=CARTESIAN_POINT('Origin',(24.218,3.334,-20.89));
#12793=CARTESIAN_POINT('Origin',(24.218,3.334,-20.89));
#12794=CARTESIAN_POINT('',(26.744,3.334,-20.89));
#12795=CARTESIAN_POINT('Origin',(24.218,3.334,-20.89));
#12796=CARTESIAN_POINT('Origin',(24.218,4.254,-20.89));
#12797=CARTESIAN_POINT('',(26.744,6.172,-20.89));
#12798=CARTESIAN_POINT('Origin',(24.218,6.172,-20.89));
#12799=CARTESIAN_POINT('',(26.744,4.254,-20.89));
#12800=CARTESIAN_POINT('Origin',(24.218,4.254,-20.89));
#12801=CARTESIAN_POINT('',(27.518,6.172,-20.89));
#12802=CARTESIAN_POINT('Origin',(24.218,6.172,-20.89));
#12803=CARTESIAN_POINT('',(27.518,4.254,-20.89));
#12804=CARTESIAN_POINT('Origin',(24.218,6.172,-20.89));
#12805=CARTESIAN_POINT('Origin',(24.218,0.,-11.89));
#12806=CARTESIAN_POINT('',(20.27,0.,-11.89));
#12807=CARTESIAN_POINT('Origin',(24.218,0.,-11.89));
#12808=CARTESIAN_POINT('',(20.27,3.334,-11.89));
#12809=CARTESIAN_POINT('',(20.27,0.,-11.89));
#12810=CARTESIAN_POINT('Origin',(24.218,3.334,-11.89));
#12811=CARTESIAN_POINT('Origin',(24.218,3.334,-11.89));
#12812=CARTESIAN_POINT('',(26.744,3.334,-11.89));
#12813=CARTESIAN_POINT('Origin',(24.218,3.334,-11.89));
#12814=CARTESIAN_POINT('Origin',(24.218,4.254,-11.89));
#12815=CARTESIAN_POINT('',(26.744,6.172,-11.89));
#12816=CARTESIAN_POINT('Origin',(24.218,6.172,-11.89));
#12817=CARTESIAN_POINT('',(26.744,4.254,-11.89));
#12818=CARTESIAN_POINT('Origin',(24.218,4.254,-11.89));
#12819=CARTESIAN_POINT('',(27.518,6.172,-11.89));
#12820=CARTESIAN_POINT('Origin',(24.218,6.172,-11.89));
#12821=CARTESIAN_POINT('',(27.518,4.254,-11.89));
#12822=CARTESIAN_POINT('Origin',(24.218,6.172,-11.89));
#12823=CARTESIAN_POINT('Origin',(15.218,0.,-74.89));
#12824=CARTESIAN_POINT('',(11.27,0.,-74.89));
#12825=CARTESIAN_POINT('Origin',(15.218,0.,-74.89));
#12826=CARTESIAN_POINT('',(11.27,3.334,-74.89));
#12827=CARTESIAN_POINT('',(11.27,0.,-74.89));
#12828=CARTESIAN_POINT('Origin',(15.218,3.334,-74.89));
#12829=CARTESIAN_POINT('Origin',(15.218,3.334,-74.89));
#12830=CARTESIAN_POINT('',(17.744,3.334,-74.89));
#12831=CARTESIAN_POINT('Origin',(15.218,3.334,-74.89));
#12832=CARTESIAN_POINT('Origin',(15.218,4.254,-74.89));
#12833=CARTESIAN_POINT('',(17.744,6.172,-74.89));
#12834=CARTESIAN_POINT('Origin',(15.218,6.172,-74.89));
#12835=CARTESIAN_POINT('',(17.744,4.254,-74.89));
#12836=CARTESIAN_POINT('Origin',(15.218,4.254,-74.89));
#12837=CARTESIAN_POINT('',(18.518,6.172,-74.89));
#12838=CARTESIAN_POINT('Origin',(15.218,6.172,-74.89));
#12839=CARTESIAN_POINT('',(18.518,4.254,-74.89));
#12840=CARTESIAN_POINT('Origin',(15.218,6.172,-74.89));
#12841=CARTESIAN_POINT('Origin',(15.218,0.,-65.89));
#12842=CARTESIAN_POINT('',(11.27,0.,-65.89));
#12843=CARTESIAN_POINT('Origin',(15.218,0.,-65.89));
#12844=CARTESIAN_POINT('',(11.27,3.334,-65.89));
#12845=CARTESIAN_POINT('',(11.27,0.,-65.89));
#12846=CARTESIAN_POINT('Origin',(15.218,3.334,-65.89));
#12847=CARTESIAN_POINT('Origin',(15.218,3.334,-65.89));
#12848=CARTESIAN_POINT('',(17.744,3.334,-65.89));
#12849=CARTESIAN_POINT('Origin',(15.218,3.334,-65.89));
#12850=CARTESIAN_POINT('Origin',(15.218,4.254,-65.89));
#12851=CARTESIAN_POINT('',(17.744,6.172,-65.89));
#12852=CARTESIAN_POINT('Origin',(15.218,6.172,-65.89));
#12853=CARTESIAN_POINT('',(17.744,4.254,-65.89));
#12854=CARTESIAN_POINT('Origin',(15.218,4.254,-65.89));
#12855=CARTESIAN_POINT('',(18.518,6.172,-65.89));
#12856=CARTESIAN_POINT('Origin',(15.218,6.172,-65.89));
#12857=CARTESIAN_POINT('',(18.518,4.254,-65.89));
#12858=CARTESIAN_POINT('Origin',(15.218,6.172,-65.89));
#12859=CARTESIAN_POINT('Origin',(15.218,0.,-56.89));
#12860=CARTESIAN_POINT('',(11.27,0.,-56.89));
#12861=CARTESIAN_POINT('Origin',(15.218,0.,-56.89));
#12862=CARTESIAN_POINT('',(11.27,3.334,-56.89));
#12863=CARTESIAN_POINT('',(11.27,0.,-56.89));
#12864=CARTESIAN_POINT('Origin',(15.218,3.334,-56.89));
#12865=CARTESIAN_POINT('Origin',(15.218,3.334,-56.89));
#12866=CARTESIAN_POINT('',(17.744,3.334,-56.89));
#12867=CARTESIAN_POINT('Origin',(15.218,3.334,-56.89));
#12868=CARTESIAN_POINT('Origin',(15.218,4.254,-56.89));
#12869=CARTESIAN_POINT('',(17.744,6.172,-56.89));
#12870=CARTESIAN_POINT('Origin',(15.218,6.172,-56.89));
#12871=CARTESIAN_POINT('',(17.744,4.254,-56.89));
#12872=CARTESIAN_POINT('Origin',(15.218,4.254,-56.89));
#12873=CARTESIAN_POINT('',(18.518,6.172,-56.89));
#12874=CARTESIAN_POINT('Origin',(15.218,6.172,-56.89));
#12875=CARTESIAN_POINT('',(18.518,4.254,-56.89));
#12876=CARTESIAN_POINT('Origin',(15.218,6.172,-56.89));
#12877=CARTESIAN_POINT('Origin',(15.218,0.,-47.89));
#12878=CARTESIAN_POINT('',(11.27,0.,-47.89));
#12879=CARTESIAN_POINT('Origin',(15.218,0.,-47.89));
#12880=CARTESIAN_POINT('',(11.27,3.334,-47.89));
#12881=CARTESIAN_POINT('',(11.27,0.,-47.89));
#12882=CARTESIAN_POINT('Origin',(15.218,3.334,-47.89));
#12883=CARTESIAN_POINT('Origin',(15.218,3.334,-47.89));
#12884=CARTESIAN_POINT('',(17.744,3.334,-47.89));
#12885=CARTESIAN_POINT('Origin',(15.218,3.334,-47.89));
#12886=CARTESIAN_POINT('Origin',(15.218,4.254,-47.89));
#12887=CARTESIAN_POINT('',(17.744,6.172,-47.89));
#12888=CARTESIAN_POINT('Origin',(15.218,6.172,-47.89));
#12889=CARTESIAN_POINT('',(17.744,4.254,-47.89));
#12890=CARTESIAN_POINT('Origin',(15.218,4.254,-47.89));
#12891=CARTESIAN_POINT('',(18.518,6.172,-47.89));
#12892=CARTESIAN_POINT('Origin',(15.218,6.172,-47.89));
#12893=CARTESIAN_POINT('',(18.518,4.254,-47.89));
#12894=CARTESIAN_POINT('Origin',(15.218,6.172,-47.89));
#12895=CARTESIAN_POINT('Origin',(15.218,0.,-38.89));
#12896=CARTESIAN_POINT('',(11.27,0.,-38.89));
#12897=CARTESIAN_POINT('Origin',(15.218,0.,-38.89));
#12898=CARTESIAN_POINT('',(11.27,3.334,-38.89));
#12899=CARTESIAN_POINT('',(11.27,0.,-38.89));
#12900=CARTESIAN_POINT('Origin',(15.218,3.334,-38.89));
#12901=CARTESIAN_POINT('Origin',(15.218,3.334,-38.89));
#12902=CARTESIAN_POINT('',(17.744,3.334,-38.89));
#12903=CARTESIAN_POINT('Origin',(15.218,3.334,-38.89));
#12904=CARTESIAN_POINT('Origin',(15.218,4.254,-38.89));
#12905=CARTESIAN_POINT('',(17.744,6.172,-38.89));
#12906=CARTESIAN_POINT('Origin',(15.218,6.172,-38.89));
#12907=CARTESIAN_POINT('',(17.744,4.254,-38.89));
#12908=CARTESIAN_POINT('Origin',(15.218,4.254,-38.89));
#12909=CARTESIAN_POINT('',(18.518,6.172,-38.89));
#12910=CARTESIAN_POINT('Origin',(15.218,6.172,-38.89));
#12911=CARTESIAN_POINT('',(18.518,4.254,-38.89));
#12912=CARTESIAN_POINT('Origin',(15.218,6.172,-38.89));
#12913=CARTESIAN_POINT('Origin',(15.218,0.,-29.89));
#12914=CARTESIAN_POINT('',(11.27,0.,-29.89));
#12915=CARTESIAN_POINT('Origin',(15.218,0.,-29.89));
#12916=CARTESIAN_POINT('',(11.27,3.334,-29.89));
#12917=CARTESIAN_POINT('',(11.27,0.,-29.89));
#12918=CARTESIAN_POINT('Origin',(15.218,3.334,-29.89));
#12919=CARTESIAN_POINT('Origin',(15.218,3.334,-29.89));
#12920=CARTESIAN_POINT('',(17.744,3.334,-29.89));
#12921=CARTESIAN_POINT('Origin',(15.218,3.334,-29.89));
#12922=CARTESIAN_POINT('Origin',(15.218,4.254,-29.89));
#12923=CARTESIAN_POINT('',(17.744,6.172,-29.89));
#12924=CARTESIAN_POINT('Origin',(15.218,6.172,-29.89));
#12925=CARTESIAN_POINT('',(17.744,4.254,-29.89));
#12926=CARTESIAN_POINT('Origin',(15.218,4.254,-29.89));
#12927=CARTESIAN_POINT('',(18.518,6.172,-29.89));
#12928=CARTESIAN_POINT('Origin',(15.218,6.172,-29.89));
#12929=CARTESIAN_POINT('',(18.518,4.254,-29.89));
#12930=CARTESIAN_POINT('Origin',(15.218,6.172,-29.89));
#12931=CARTESIAN_POINT('Origin',(15.218,0.,-20.89));
#12932=CARTESIAN_POINT('',(11.27,0.,-20.89));
#12933=CARTESIAN_POINT('Origin',(15.218,0.,-20.89));
#12934=CARTESIAN_POINT('',(11.27,3.334,-20.89));
#12935=CARTESIAN_POINT('',(11.27,0.,-20.89));
#12936=CARTESIAN_POINT('Origin',(15.218,3.334,-20.89));
#12937=CARTESIAN_POINT('Origin',(15.218,3.334,-20.89));
#12938=CARTESIAN_POINT('',(17.744,3.334,-20.89));
#12939=CARTESIAN_POINT('Origin',(15.218,3.334,-20.89));
#12940=CARTESIAN_POINT('Origin',(15.218,4.254,-20.89));
#12941=CARTESIAN_POINT('',(17.744,6.172,-20.89));
#12942=CARTESIAN_POINT('Origin',(15.218,6.172,-20.89));
#12943=CARTESIAN_POINT('',(17.744,4.254,-20.89));
#12944=CARTESIAN_POINT('Origin',(15.218,4.254,-20.89));
#12945=CARTESIAN_POINT('',(18.518,6.172,-20.89));
#12946=CARTESIAN_POINT('Origin',(15.218,6.172,-20.89));
#12947=CARTESIAN_POINT('',(18.518,4.254,-20.89));
#12948=CARTESIAN_POINT('Origin',(15.218,6.172,-20.89));
#12949=CARTESIAN_POINT('Origin',(15.218,0.,-11.89));
#12950=CARTESIAN_POINT('',(11.27,0.,-11.89));
#12951=CARTESIAN_POINT('Origin',(15.218,0.,-11.89));
#12952=CARTESIAN_POINT('',(11.27,3.334,-11.89));
#12953=CARTESIAN_POINT('',(11.27,0.,-11.89));
#12954=CARTESIAN_POINT('Origin',(15.218,3.334,-11.89));
#12955=CARTESIAN_POINT('Origin',(15.218,3.334,-11.89));
#12956=CARTESIAN_POINT('',(17.744,3.334,-11.89));
#12957=CARTESIAN_POINT('Origin',(15.218,3.334,-11.89));
#12958=CARTESIAN_POINT('Origin',(15.218,4.254,-11.89));
#12959=CARTESIAN_POINT('',(17.744,6.172,-11.89));
#12960=CARTESIAN_POINT('Origin',(15.218,6.172,-11.89));
#12961=CARTESIAN_POINT('',(17.744,4.254,-11.89));
#12962=CARTESIAN_POINT('Origin',(15.218,4.254,-11.89));
#12963=CARTESIAN_POINT('',(18.518,6.172,-11.89));
#12964=CARTESIAN_POINT('Origin',(15.218,6.172,-11.89));
#12965=CARTESIAN_POINT('',(18.518,4.254,-11.89));
#12966=CARTESIAN_POINT('Origin',(15.218,6.172,-11.89));
#12967=CARTESIAN_POINT('Origin',(123.754,4.254,-79.928));
#12968=CARTESIAN_POINT('',(122.169,1.378,-79.928));
#12969=CARTESIAN_POINT('Origin',(123.754,1.378,-79.928));
#12970=CARTESIAN_POINT('',(122.169,0.,-79.928));
#12971=CARTESIAN_POINT('',(122.169,4.254,-79.928));
#12972=CARTESIAN_POINT('Origin',(123.754,0.,-79.928));
#12973=CARTESIAN_POINT('Origin',(123.754,4.254,-79.928));
#12974=CARTESIAN_POINT('',(120.254,1.378,-79.928));
#12975=CARTESIAN_POINT('',(120.254,4.254,-79.928));
#12976=CARTESIAN_POINT('Origin',(123.754,1.378,-79.928));
#12977=CARTESIAN_POINT('Origin',(123.754,1.378,-79.928));
#12978=CARTESIAN_POINT('Origin',(6.276,4.254,-79.928));
#12979=CARTESIAN_POINT('',(7.861,1.378,-79.928));
#12980=CARTESIAN_POINT('Origin',(6.276,1.378,-79.928));
#12981=CARTESIAN_POINT('',(7.861,0.,-79.928));
#12982=CARTESIAN_POINT('',(7.861,4.254,-79.928));
#12983=CARTESIAN_POINT('Origin',(6.276,0.,-79.928));
#12984=CARTESIAN_POINT('Origin',(6.276,4.254,-79.928));
#12985=CARTESIAN_POINT('',(9.77600000000001,1.378,-79.928));
#12986=CARTESIAN_POINT('',(9.77600000000001,4.254,-79.928));
#12987=CARTESIAN_POINT('Origin',(6.276,1.378,-79.928));
#12988=CARTESIAN_POINT('Origin',(6.276,1.378,-79.928));
#12989=CARTESIAN_POINT('Origin',(123.754,4.254,-6.88200000000001));
#12990=CARTESIAN_POINT('',(122.169,1.378,-6.88200000000001));
#12991=CARTESIAN_POINT('Origin',(123.754,1.378,-6.88200000000001));
#12992=CARTESIAN_POINT('',(122.169,0.,-6.88200000000001));
#12993=CARTESIAN_POINT('',(122.169,4.254,-6.88200000000001));
#12994=CARTESIAN_POINT('Origin',(123.754,0.,-6.88200000000001));
#12995=CARTESIAN_POINT('Origin',(123.754,4.254,-6.88200000000001));
#12996=CARTESIAN_POINT('',(120.254,1.378,-6.88200000000001));
#12997=CARTESIAN_POINT('',(120.254,4.254,-6.88200000000001));
#12998=CARTESIAN_POINT('Origin',(123.754,1.378,-6.88200000000001));
#12999=CARTESIAN_POINT('Origin',(123.754,1.378,-6.88200000000001));
#13000=CARTESIAN_POINT('Origin',(6.276,4.254,-6.882));
#13001=CARTESIAN_POINT('',(7.861,1.378,-6.882));
#13002=CARTESIAN_POINT('Origin',(6.276,1.378,-6.882));
#13003=CARTESIAN_POINT('',(7.861,0.,-6.882));
#13004=CARTESIAN_POINT('',(7.861,4.254,-6.882));
#13005=CARTESIAN_POINT('Origin',(6.276,0.,-6.882));
#13006=CARTESIAN_POINT('Origin',(6.276,4.254,-6.882));
#13007=CARTESIAN_POINT('',(9.77600000000001,1.378,-6.882));
#13008=CARTESIAN_POINT('',(9.77600000000001,4.254,-6.882));
#13009=CARTESIAN_POINT('Origin',(6.276,1.378,-6.882));
#13010=CARTESIAN_POINT('Origin',(6.276,1.378,-6.882));
#13011=CARTESIAN_POINT('Origin',(128.23,8.134,-1.8));
#13012=CARTESIAN_POINT('',(128.23,8.134,-1.8));
#13013=CARTESIAN_POINT('',(1.8,8.134,-1.8));
#13014=CARTESIAN_POINT('',(96.6225,8.134,-1.8));
#13015=CARTESIAN_POINT('',(128.23,8.134,-1.8));
#13016=CARTESIAN_POINT('',(1.8,8.134,-1.8));
#13017=CARTESIAN_POINT('Origin',(128.23,8.134,-85.01));
#13018=CARTESIAN_POINT('',(128.23,8.134,-85.01));
#13019=CARTESIAN_POINT('',(128.23,8.134,-64.2075));
#13020=CARTESIAN_POINT('',(128.23,8.134,-85.01));
#13021=CARTESIAN_POINT('Origin',(1.8,8.134,-85.01));
#13022=CARTESIAN_POINT('',(1.8,8.134,-85.01));
#13023=CARTESIAN_POINT('',(33.4075,8.134,-85.01));
#13024=CARTESIAN_POINT('',(1.8,8.134,-85.01));
#13025=CARTESIAN_POINT('Origin',(1.8,8.134,-1.8));
#13026=CARTESIAN_POINT('',(1.8,8.134,-22.6025));
#13027=CARTESIAN_POINT('Origin',(130.03,0.,-86.81));
#13028=CARTESIAN_POINT('',(130.03,0.,-86.81));
#13029=CARTESIAN_POINT('',(0.,0.,-86.81));
#13030=CARTESIAN_POINT('',(130.03,0.,-86.81));
#13031=CARTESIAN_POINT('',(0.,8.134,-86.81));
#13032=CARTESIAN_POINT('',(0.,0.,-86.81));
#13033=CARTESIAN_POINT('',(130.03,8.134,-86.81));
#13034=CARTESIAN_POINT('',(130.03,8.134,-86.81));
#13035=CARTESIAN_POINT('',(130.03,0.,-86.81));
#13036=CARTESIAN_POINT('Origin',(130.03,0.,0.));
#13037=CARTESIAN_POINT('',(130.03,0.,0.));
#13038=CARTESIAN_POINT('',(130.03,0.,0.));
#13039=CARTESIAN_POINT('',(130.03,8.134,0.));
#13040=CARTESIAN_POINT('',(130.03,8.134,0.));
#13041=CARTESIAN_POINT('',(130.03,0.,0.));
#13042=CARTESIAN_POINT('Origin',(0.,0.,0.));
#13043=CARTESIAN_POINT('',(0.,0.,0.));
#13044=CARTESIAN_POINT('',(0.,0.,0.));
#13045=CARTESIAN_POINT('',(0.,8.134,0.));
#13046=CARTESIAN_POINT('',(0.,8.134,0.));
#13047=CARTESIAN_POINT('',(0.,0.,0.));
#13048=CARTESIAN_POINT('Origin',(0.,0.,-86.81));
#13049=CARTESIAN_POINT('',(0.,0.,-86.81));
#13050=CARTESIAN_POINT('',(0.,8.134,-86.81));
#13051=CARTESIAN_POINT('Origin',(65.015,8.134,-43.405));
#13052=CARTESIAN_POINT('Origin',(65.015,0.,-43.405));
#13053=CARTESIAN_POINT('',(0.,0.,0.));
#13054=UNCERTAINTY_MEASURE_WITH_UNIT(LENGTH_MEASURE(0.01),#13060,
'DISTANCE_ACCURACY_VALUE',
'Maximum model space distance between geometric entities at asserted c
onnectivities');
#13055=UNCERTAINTY_MEASURE_WITH_UNIT(LENGTH_MEASURE(0.01),#13060,
'DISTANCE_ACCURACY_VALUE',
'Maximum model space distance between geometric entities at asserted c
onnectivities');
#13056=UNCERTAINTY_MEASURE_WITH_UNIT(LENGTH_MEASURE(0.01),#13060,
'DISTANCE_ACCURACY_VALUE',
'Maximum model space distance between geometric entities at asserted c
onnectivities');
#13057=(
GEOMETRIC_REPRESENTATION_CONTEXT(3)
GLOBAL_UNCERTAINTY_ASSIGNED_CONTEXT((#13054))
GLOBAL_UNIT_ASSIGNED_CONTEXT((#13060,#13062,#13063))
REPRESENTATION_CONTEXT('','3D')
);
#13058=(
GEOMETRIC_REPRESENTATION_CONTEXT(3)
GLOBAL_UNCERTAINTY_ASSIGNED_CONTEXT((#13055))
GLOBAL_UNIT_ASSIGNED_CONTEXT((#13060,#13062,#13063))
REPRESENTATION_CONTEXT('','3D')
);
#13059=(
GEOMETRIC_REPRESENTATION_CONTEXT(3)
GLOBAL_UNCERTAINTY_ASSIGNED_CONTEXT((#13056))
GLOBAL_UNIT_ASSIGNED_CONTEXT((#13060,#13062,#13063))
REPRESENTATION_CONTEXT('','3D')
);
#13060=(
LENGTH_UNIT()
NAMED_UNIT(*)
SI_UNIT(.MILLI.,.METRE.)
);
#13061=(
LENGTH_UNIT()
NAMED_UNIT(*)
SI_UNIT($,.METRE.)
);
#13062=(
NAMED_UNIT(*)
PLANE_ANGLE_UNIT()
SI_UNIT($,.RADIAN.)
);
#13063=(
NAMED_UNIT(*)
SI_UNIT($,.STERADIAN.)
SOLID_ANGLE_UNIT()
);
#13064=SHAPE_DEFINITION_REPRESENTATION(#13066,#13069);
#13065=SHAPE_DEFINITION_REPRESENTATION(#13067,#13070);
#13066=PRODUCT_DEFINITION_SHAPE('',$,#13072);
#13067=PRODUCT_DEFINITION_SHAPE('',$,#13073);
#13068=PRODUCT_DEFINITION_SHAPE($,$,#14);
#13069=SHAPE_REPRESENTATION('',(#7414,#8511),#13057);
#13070=SHAPE_REPRESENTATION('',(#7415),#13058);
#13071=PRODUCT_DEFINITION_CONTEXT('part definition',#13079,'design');
#13072=PRODUCT_DEFINITION('Opto Plate','Opto Plate v10',#13074,#13071);
#13073=PRODUCT_DEFINITION('opto plate_1','opto plate',#13075,#13071);
#13074=PRODUCT_DEFINITION_FORMATION('',$,#13081);
#13075=PRODUCT_DEFINITION_FORMATION('',$,#13082);
#13076=PRODUCT_RELATED_PRODUCT_CATEGORY('Opto Plate v10',
'Opto Plate v10',(#13081));
#13077=PRODUCT_RELATED_PRODUCT_CATEGORY('opto plate','opto plate',(#13082));
#13078=APPLICATION_PROTOCOL_DEFINITION('international standard',
'ap242_managed_model_based_3d_engineering',2011,#13079);
#13079=APPLICATION_CONTEXT('Managed model based 3d engineering');
#13080=PRODUCT_CONTEXT('part definition',#13079,'mechanical');
#13081=PRODUCT('Opto Plate','Opto Plate v10',$,(#13080));
#13082=PRODUCT('opto plate_1','opto plate',$,(#13080));
#13083=PRESENTATION_STYLE_ASSIGNMENT((#13084));
#13084=SURFACE_STYLE_USAGE(.BOTH.,#13085);
#13085=SURFACE_SIDE_STYLE('',(#13086));
#13086=SURFACE_STYLE_FILL_AREA(#13087);
#13087=FILL_AREA_STYLE('Steel - Satin',(#13088));
#13088=FILL_AREA_STYLE_COLOUR('Steel - Satin',#13089);
#13089=COLOUR_RGB('Steel - Satin',0.627450980392157,0.627450980392157,0.627450980392157);
ENDSEC;
END-ISO-10303-21;
